holdout_row,v2_probability,v3_probability,probability_delta,v2_prediction,v3_prediction,agreement,category
6176,0.09334439290165568,0.058671554813614545,-0.034672838088041134,0,0,True,both_stay
7072,0.16046526615449572,0.17334148772015298,0.012876221565657264,0,0,True,both_stay
877,0.0805453882798411,0.0856724739128596,0.005127085633018502,0,0,True,both_stay
6539,0.17414549205135876,0.17111485101910043,-0.0030306410322583355,0,0,True,both_stay
5190,0.047433451801344596,0.04834757542344472,0.0009141236221001242,0,0,True,both_stay
9727,0.5350257435253731,0.4805019210319698,-0.05452382249340332,1,1,True,both_churn
6561,0.5319636606197623,0.5948180021433646,0.06285434152360225,1,1,True,both_churn
4711,0.19440592525735878,0.2253358614700135,0.03092993621265472,0,0,True,both_stay
9099,0.0330877424245932,0.03375654168595593,0.0006687992613627347,0,0,True,both_stay
5975,0.11465873730830876,0.11845085754906393,0.003792120240755162,0,0,True,both_stay
3425,0.1225138873175099,0.11326525776793951,-0.009248629549570384,0,0,True,both_stay
1033,0.01618594695729026,0.0311949603247073,0.01500901336741704,0,0,True,both_stay
8993,0.12661335650598407,0.15201269953988472,0.02539934303390065,0,0,True,both_stay
4378,0.025090996871650662,0.08496975256194439,0.05987875569029373,0,0,True,both_stay
2016,0.12980561944883942,0.11759146541358267,-0.012214154035256747,0,0,True,both_stay
2560,0.13968880535364206,0.1187566463879195,-0.020932158965722564,0,0,True,both_stay
1346,0.13972863089152257,0.12116023679949366,-0.018568394092028914,0,0,True,both_stay
1470,0.02095633139432192,0.03245570446998055,0.011499373075658629,0,0,True,both_stay
8099,0.05932306106718743,0.05808439365528013,-0.0012386674119073057,0,0,True,both_stay
316,0.6236476733457953,0.6150791781722019,-0.008568495173593371,1,1,True,both_churn
1617,0.07105626304329818,0.07577579404708583,0.00471953100378765,0,0,True,both_stay
3720,0.04300675618834556,0.07636941666097548,0.03336266047262992,0,0,True,both_stay
7610,0.15810694811647924,0.1566070838658507,-0.0014998642506285353,0,0,True,both_stay
1642,0.7653708662204131,0.5735014249405208,-0.19186944127989225,1,1,True,both_churn
6527,0.1616148848222753,0.1883159442387051,0.026701059416429807,0,0,True,both_stay
704,0.046770799322171264,0.049098654186057765,0.0023278548638865013,0,0,True,both_stay
5412,0.6319403837808981,0.6150791781722019,-0.016861205608696195,1,1,True,both_churn
6123,0.03819887304489268,0.036856695544953265,-0.0013421774999394162,0,0,True,both_stay
5285,0.7309938376930947,0.6589034519829643,-0.07209038571013038,1,1,True,both_churn
6303,0.6625610596855886,0.6165114970822818,-0.04604956260330684,1,1,True,both_churn
9111,0.07269151643657014,0.0766786327232904,0.0039871162867202575,0,0,True,both_stay
8502,0.06949956962557091,0.05749903209249039,-0.012000537533080523,0,0,True,both_stay
6532,0.7431178373321233,0.7789895231335447,0.035871685801421416,1,1,True,both_churn
8473,0.03819887304489268,0.036856695544953265,-0.0013421774999394162,0,0,True,both_stay
3317,0.030561081654846736,0.08601026610673716,0.055449184451890426,0,0,True,both_stay
149,0.07966825697309962,0.045802191552486764,-0.03386606542061286,0,0,True,both_stay
9279,0.1838585689368207,0.21916464070336636,0.035306071766545655,0,0,True,both_stay
152,0.07954485924408716,0.08535307226082499,0.005808213016737826,0,0,True,both_stay
4208,0.41612188493148144,0.40410723004257604,-0.012014654888905407,0,1,False,v2_stay_v3_churn
8184,0.675580344998216,0.6223937558908773,-0.053186589107338644,1,1,True,both_churn
3218,0.028341853971661595,0.046756268062713484,0.01841441409105189,0,0,True,both_stay
8708,0.22156300688201333,0.2524152395956186,0.030852232713605293,0,0,True,both_stay
6622,0.3818426899874508,0.3845950414369174,0.002752351449466617,0,1,False,v2_stay_v3_churn
435,0.6748038657674985,0.6257045553887892,-0.04909931037870929,1,1,True,both_churn
8243,0.03307849716705798,0.034485665055916145,0.0014071678888581685,0,0,True,both_stay
8819,0.08866780383895334,0.1559681898277924,0.06730038598883906,0,0,True,both_stay
7240,0.11255996544866254,0.12499054049648402,0.012430575047821482,0,0,True,both_stay
1489,0.19450120660742545,0.22473171094064717,0.03023050433322172,0,0,True,both_stay
2276,0.2108114910578615,0.22886417433367137,0.01805268327580986,0,0,True,both_stay
6465,0.03281707966926913,0.034365193858633646,0.0015481141893645134,0,0,True,both_stay
5061,0.07445734352726478,0.08850271120268587,0.014045367675421083,0,0,True,both_stay
2428,0.2618765062393236,0.2531622992301191,-0.0087142070092045,0,0,True,both_stay
8752,0.13972863089152257,0.12116023679949366,-0.018568394092028914,0,0,True,both_stay
9533,0.45767243827348036,0.4709145415971204,0.013242103323640009,0,1,False,v2_stay_v3_churn
6595,0.02684556225778171,0.03811031937060689,0.01126475711282518,0,0,True,both_stay
7023,0.035515555892097365,0.03326136480614042,-0.0022541910859569456,0,0,True,both_stay
6372,0.10475047144033614,0.20306405070549435,0.09831357926515821,0,0,True,both_stay
6945,0.1421473548886631,0.12486050194641239,-0.0172868529422507,0,0,True,both_stay
7296,0.17056317853794206,0.17334148772015298,0.0027783091822109196,0,0,True,both_stay
2061,0.060348413204375735,0.058671554813614545,-0.0016768583907611906,0,0,True,both_stay
3969,0.09597570292513682,0.10050229614904514,0.004526593223908318,0,0,True,both_stay
5103,0.5300038518271933,0.5735014249405208,0.04349757311332747,1,1,True,both_churn
3438,0.02799388192797421,0.034485665055916145,0.006491783127941936,0,0,True,both_stay
5441,0.07018297068511033,0.09789140349841186,0.02770843281330153,0,0,True,both_stay
9773,0.047433451801344596,0.04815018744342672,0.0007167356420821266,0,0,True,both_stay
8661,0.1565340075306468,0.15607844720726496,-0.0004555603233818428,0,0,True,both_stay
4448,0.07348495633674279,0.0788029233524963,0.005317967015753516,0,0,True,both_stay
4648,0.2404118719211435,0.2538409936741715,0.013429121753028017,0,0,True,both_stay
4040,0.17056317853794206,0.17334148772015298,0.0027783091822109196,0,0,True,both_stay
5327,0.025180988709280202,0.03184007717390741,0.006659088464627209,0,0,True,both_stay
975,0.15440486522949481,0.1559681898277924,0.001563324598297583,0,0,True,both_stay
3444,0.11070467807335511,0.11326525776793951,0.0025605796945843973,0,0,True,both_stay
182,0.17414549205135876,0.17111485101910043,-0.0030306410322583355,0,0,True,both_stay
507,0.2731850415732421,0.25079254806516393,-0.02239249350807815,0,0,True,both_stay
160,0.1679853821243336,0.12185177583644635,-0.046133606287887235,0,0,True,both_stay
8463,0.6236476733457953,0.6150791781722019,-0.008568495173593371,1,1,True,both_churn
3512,0.014012760297812338,0.025258047328976876,0.011245287031164538,0,0,True,both_stay
9385,0.11384922302723187,0.11699170240838645,0.0031424793811545837,0,0,True,both_stay
4444,0.13268277192038355,0.12486050194641239,-0.00782226997397116,0,0,True,both_stay
4476,0.03255465310433204,0.035123167833052936,0.002568514728720897,0,0,True,both_stay
4362,0.15530462543128576,0.12455476908600377,-0.03074985634528199,0,0,True,both_stay
5743,0.1881960041279912,0.1996855671579473,0.011489563029956101,0,0,True,both_stay
1083,0.030589208248431234,0.03566010407604743,0.005070895827616197,0,0,True,both_stay
1862,0.5941141708507058,0.4513393829636101,-0.14277478788709574,1,1,True,both_churn
3952,0.16403229163548336,0.12791896622708995,-0.036113325408393404,0,0,True,both_stay
4177,0.028887849362423116,0.03590778244403981,0.007019933081616695,0,0,True,both_stay
6913,0.17328520399077255,0.1559681898277924,-0.01731701416298015,0,0,True,both_stay
761,0.16960749566116956,0.15254133619847046,-0.0170661594626991,0,0,True,both_stay
317,0.07395382331174043,0.08765782125958621,0.013703997947845784,0,0,True,both_stay
6664,0.08643360406187982,0.08535307226082499,-0.0010805318010548293,0,0,True,both_stay
5782,0.038479345414914295,0.035170880463260334,-0.003308464951653961,0,0,True,both_stay
7067,0.09530426202745824,0.1179910554703813,0.022686793442923056,0,0,True,both_stay
5591,0.060348413204375735,0.05894587706648078,-0.0014025361378949552,0,0,True,both_stay
3592,0.7043402151874293,0.6588026411205019,-0.04553757406692738,1,1,True,both_churn
1420,0.498337356799048,0.4709145415971204,-0.02742281520192763,0,1,False,v2_stay_v3_churn
4082,0.13968880535364206,0.1187566463879195,-0.020932158965722564,0,0,True,both_stay
5848,0.08233668916994215,0.04642400183884788,-0.03591268733109427,0,0,True,both_stay
6610,0.7703280634599856,0.6382125860752971,-0.13211547738468854,1,1,True,both_churn
9804,0.11088978543353063,0.1559681898277924,0.045078404394261765,0,0,True,both_stay
5256,0.61337363095076,0.6286043865428615,0.01523075559210152,1,1,True,both_churn
4758,0.2119702853308295,0.23810594154540385,0.026135656214574338,0,0,True,both_stay
4349,0.9713538890571264,0.9239444999622887,-0.04740938909483772,1,1,True,both_churn
3896,0.019566096617436565,0.0320202661331262,0.012454169515689638,0,0,True,both_stay
8097,0.4290461655560109,0.3087561433795017,-0.12029002217650919,0,0,True,both_stay
7491,0.07105626304329818,0.07577579404708583,0.00471953100378765,0,0,True,both_stay
8896,0.03058113567429632,0.035123167833052936,0.004542032158756617,0,0,True,both_stay
5641,0.07097554178747713,0.08424697255308007,0.013271430765602943,0,0,True,both_stay
4806,0.05774526741361873,0.11023769859966874,0.05249243118605001,0,0,True,both_stay
421,0.05932306106718743,0.05808439365528013,-0.0012386674119073057,0,0,True,both_stay
1321,0.08316386773402876,0.07636941666097548,-0.006794451073053279,0,0,True,both_stay
8586,0.16802919436594052,0.16743340117717032,-0.000595793188770205,0,0,True,both_stay
1182,0.2669406724169405,0.38030816117583816,0.11336748875889763,0,1,False,v2_stay_v3_churn
7911,0.01618594695729026,0.02936086803377155,0.01317492107648129,0,0,True,both_stay
6113,0.046770799322171264,0.049098654186057765,0.0023278548638865013,0,0,True,both_stay
5221,0.039148187444998726,0.03489555010359905,-0.004252637341399676,0,0,True,both_stay
2123,0.024146120600565948,0.03193023697855811,0.0077841163779921625,0,0,True,both_stay
3591,0.0330877424245932,0.03375654168595593,0.0006687992613627347,0,0,True,both_stay
9179,0.05113618521792692,0.03493715626463408,-0.016199028953292838,0,0,True,both_stay
5185,0.25354145244113735,0.22473171094064717,-0.028809741500490177,0,0,True,both_stay
6212,0.22141354223898435,0.22800196277495985,0.006588420535975498,0,0,True,both_stay
8692,0.05057800080191735,0.0346895916022202,-0.015888409199697147,0,0,True,both_stay
7372,0.023532515963564624,0.035443357142151244,0.01191084117858662,0,0,True,both_stay
2525,0.12311812816592062,0.12515858333222155,0.002040455166300928,0,0,True,both_stay
893,0.9684620381525457,0.9459286001697468,-0.022533437982798943,1,1,True,both_churn
7518,0.0349586149249083,0.034502104781054165,-0.0004565101438541372,0,0,True,both_stay
8762,0.6002605894846967,0.5735014249405208,-0.02675916454417593,1,1,True,both_churn
4868,0.17457269815223608,0.17334148772015298,-0.0012312104320831019,0,0,True,both_stay
2905,0.11255996544866254,0.12499054049648402,0.012430575047821482,0,0,True,both_stay
8949,0.1495047145427961,0.1795307326393464,0.03002601809655031,0,0,True,both_stay
3821,0.3667639815009816,0.29305295207992493,-0.07371102942105667,0,0,True,both_stay
8494,0.15998002978725065,0.1602697311296331,0.00028970134238245904,0,0,True,both_stay
1961,0.042521092745810084,0.039913295451458615,-0.002607797294351469,0,0,True,both_stay
2592,0.08316386773402876,0.07636941666097548,-0.006794451073053279,0,0,True,both_stay
5601,0.5941141708507058,0.4513393829636101,-0.14277478788709574,1,1,True,both_churn
5650,0.08866780383895334,0.1559681898277924,0.06730038598883906,0,0,True,both_stay
867,0.61337363095076,0.6286043865428615,0.01523075559210152,1,1,True,both_churn
9612,0.035563839388845414,0.05005409352115021,0.014490254132304793,0,0,True,both_stay
9297,0.13516052682844668,0.11859632089745549,-0.016564205930991185,0,0,True,both_stay
6339,0.11302474595785167,0.11511896573911477,0.002094219781263104,0,0,True,both_stay
7943,0.2880560573623857,0.2796700615627891,-0.00838599579959659,0,0,True,both_stay
3981,0.026323029531924304,0.03677223089227221,0.010449201360347906,0,0,True,both_stay
845,0.5319636606197623,0.5948180021433646,0.06285434152360225,1,1,True,both_churn
1044,0.060348413204375735,0.05934246281724618,-0.001005950387129556,0,0,True,both_stay
6578,0.056535110991684,0.033637890262085544,-0.022897220729598454,0,0,True,both_stay
2719,0.2575528725748038,0.27972358567070676,0.02217071309590296,0,0,True,both_stay
44,0.42135940045782416,0.5575740562708126,0.13621465581298842,0,1,False,v2_stay_v3_churn
1462,0.2580014686752561,0.24950185787505896,-0.008499610800197122,0,0,True,both_stay
6202,0.6570310848778109,0.6107084844046429,-0.04632260047316805,1,1,True,both_churn
3482,0.10143510936791823,0.057501104235142354,-0.04393400513277588,0,0,True,both_stay
3572,0.028117935866030785,0.03673698164992828,0.008619045783897494,0,0,True,both_stay
8058,0.13365360456629963,0.25303773077329267,0.11938412620699304,0,0,True,both_stay
4754,0.6904096591299032,0.5715709883364622,-0.1188386707934409,1,1,True,both_churn
9023,0.06093153315163608,0.036181534093024346,-0.024749999058611735,0,0,True,both_stay
2291,0.028328471202704604,0.033409343295041895,0.005080872092337291,0,0,True,both_stay
8589,0.0369047298355099,0.035443357142151244,-0.0014613726933586577,0,0,True,both_stay
6396,0.09019756024077012,0.11701667582566277,0.026819115584892653,0,0,True,both_stay
6453,0.13550336756990852,0.11888154109981579,-0.016621826470092735,0,0,True,both_stay
9567,0.1396961430689565,0.12042917662385937,-0.019266966445097136,0,0,True,both_stay
8962,0.1881960041279912,0.1996855671579473,0.011489563029956101,0,0,True,both_stay
3584,0.06586127747244772,0.11494960697092634,0.04908832949847862,0,0,True,both_stay
5597,0.35112458180714584,0.27500438474367356,-0.07612019706347228,0,0,True,both_stay
3975,0.6372737117341329,0.6146596020262352,-0.02261410970789779,1,1,True,both_churn
1290,0.11241333188804202,0.12523058974543275,0.012817257857390726,0,0,True,both_stay
8981,0.053729367813180405,0.04350667926359783,-0.010222688549582575,0,0,True,both_stay
1593,0.17328520399077255,0.1559681898277924,-0.01731701416298015,0,0,True,both_stay
7511,0.1881960041279912,0.1996855671579473,0.011489563029956101,0,0,True,both_stay
2022,0.023569369278009705,0.03819891762287355,0.014629548344863845,0,0,True,both_stay
3642,0.07758137561010486,0.08535307226082499,0.007771696650720125,0,0,True,both_stay
3247,0.058173802696662835,0.10471179609137803,0.04653799339471519,0,0,True,both_stay
5113,0.5641936151835935,0.5612764349153637,-0.0029171802682297354,1,1,True,both_churn
7859,0.03387756459391091,0.034893784833558913,0.001016220239648001,0,0,True,both_stay
4869,0.8537017493770448,0.9455757522035754,0.09187400282653058,1,1,True,both_churn
2994,0.19440592525735878,0.2253358614700135,0.03092993621265472,0,0,True,both_stay
9720,0.2731850415732421,0.25079254806516393,-0.02239249350807815,0,0,True,both_stay
9337,0.6049275779672927,0.5517802863765039,-0.05314729159078879,1,1,True,both_churn
7603,0.06093153315163608,0.036181534093024346,-0.024749999058611735,0,0,True,both_stay
6971,0.10920250532153147,0.1260902599033275,0.016887754581796033,0,0,True,both_stay
5490,0.015079139875721277,0.02888454532678615,0.013805405451064874,0,0,True,both_stay
4608,0.2685935262849687,0.27500438474367356,0.006410858458704871,0,0,True,both_stay
7218,0.17328520399077255,0.1559681898277924,-0.01731701416298015,0,0,True,both_stay
1925,0.06779369518144708,0.04226102560957501,-0.02553266957187207,0,0,True,both_stay
2603,0.16403229163548336,0.12791896622708995,-0.036113325408393404,0,0,True,both_stay
517,0.058599589554178516,0.05749903209249039,-0.0011005574616881272,0,0,True,both_stay
1371,0.37557352712295095,0.3792198674502385,0.003646340327287556,0,1,False,v2_stay_v3_churn
7929,0.039148187444998726,0.03457620890304378,-0.004571978541954944,0,0,True,both_stay
3516,0.0369047298355099,0.035443357142151244,-0.0014613726933586577,0,0,True,both_stay
632,0.06769378127773924,0.12444172948941608,0.056747948211676835,0,0,True,both_stay
4030,0.35112458180714584,0.27500438474367356,-0.07612019706347228,0,0,True,both_stay
826,0.2256979322239559,0.20817918127628154,-0.017518750947674355,0,0,True,both_stay
8641,0.677378208861889,0.5535276436706993,-0.12385056519118975,1,1,True,both_churn
7073,0.2947091283926984,0.25317017946375103,-0.04153894892894738,0,0,True,both_stay
6796,0.025180988709280202,0.03184007717390741,0.006659088464627209,0,0,True,both_stay
596,0.1293833803790576,0.1258984549357091,-0.0034849254433485244,0,0,True,both_stay
2355,0.2880560573623857,0.2796700615627891,-0.00838599579959659,0,0,True,both_stay
2025,0.12031038629982194,0.1661051104058175,0.045794724105995555,0,0,True,both_stay
6596,0.03657575295940906,0.03301293539765487,-0.0035628175617541946,0,0,True,both_stay
1139,0.69045376165597,0.6293640314136258,-0.06108973024234421,1,1,True,both_churn
2372,0.3818426899874508,0.3845950414369174,0.002752351449466617,0,1,False,v2_stay_v3_churn
8402,0.15810694811647924,0.1566070838658507,-0.0014998642506285353,0,0,True,both_stay
1204,0.07011662977971035,0.07636941666097548,0.006252786881265127,0,0,True,both_stay
9417,0.03819887304489268,0.036856695544953265,-0.0013421774999394162,0,0,True,both_stay
8362,0.04781067932984601,0.046756268062713484,-0.0010544112671325295,0,0,True,both_stay
7832,0.4836440061860903,0.48384440751363816,0.0002004013275478389,0,1,False,v2_stay_v3_churn
3748,0.6868008758455432,0.31361589255599037,-0.3731849832895528,1,0,False,v2_churn_v3_stay
5010,0.9888275724633492,0.9798151430337915,-0.009012429429557711,1,1,True,both_churn
5831,0.07882323318469908,0.11075470252992037,0.031931469345221286,0,0,True,both_stay
5191,0.6032114738232496,0.5898807543884653,-0.013330719434784255,1,1,True,both_churn
2969,0.0369047298355099,0.035443357142151244,-0.0014613726933586577,0,0,True,both_stay
3656,0.17457269815223608,0.17334148772015298,-0.0012312104320831019,0,0,True,both_stay
8548,0.5625029997011433,0.4847853598979912,-0.07771763980315205,1,1,True,both_churn
890,0.17056317853794206,0.17334148772015298,0.0027783091822109196,0,0,True,both_stay
6066,0.5642864782940036,0.5017874824434776,-0.062498995850525985,1,1,True,both_churn
83,0.12257467721081872,0.12800071585562034,0.005426038644801623,0,0,True,both_stay
424,0.25354145244113735,0.22473171094064717,-0.028809741500490177,0,0,True,both_stay
7297,0.3406389965400243,0.3808886752903473,0.04024967875032304,0,1,False,v2_stay_v3_churn
5095,0.5026221257645315,0.483025063188047,-0.01959706257648447,1,1,True,both_churn
6978,0.18847316943397885,0.20181622726217177,0.013343057828192922,0,0,True,both_stay
4591,0.033593457938140336,0.034233550164243114,0.0006400922261027772,0,0,True,both_stay
9161,0.40447702739507474,0.2959928365690328,-0.10848419082604194,0,0,True,both_stay
4764,0.6468918521165911,0.7070892937891663,0.060197441672575236,1,1,True,both_churn
974,0.027617550716757974,0.036678788052279684,0.009061237335521711,0,0,True,both_stay
5587,0.05693457116446061,0.059659036128046426,0.002724464963585818,0,0,True,both_stay
5911,0.03674533145591203,0.03652928324633988,-0.00021604820957214776,0,0,True,both_stay
2818,0.17286958264965074,0.17345970749731357,0.0005901248476628262,0,0,True,both_stay
2343,0.060348413204375735,0.05894587706648078,-0.0014025361378949552,0,0,True,both_stay
8765,0.058545644343799,0.06985545030906401,0.011309805965265013,0,0,True,both_stay
5626,0.035408960626854225,0.04190400681892775,0.006495046192073528,0,0,True,both_stay
2133,0.1421473548886631,0.1261410545286992,-0.016006300359963893,0,0,True,both_stay
6652,0.060348413204375735,0.05894587706648078,-0.0014025361378949552,0,0,True,both_stay
3928,0.12128201065300437,0.12116023679949366,-0.00012177385351071213,0,0,True,both_stay
8140,0.15810694811647924,0.1566070838658507,-0.0014998642506285353,0,0,True,both_stay
165,0.02259643332734648,0.03404229868491377,0.011445865357567291,0,0,True,both_stay
8844,0.035408960626854225,0.04190400681892775,0.006495046192073528,0,0,True,both_stay
4536,0.26534368115384893,0.2603368461295068,-0.005006835024342127,0,0,True,both_stay
8064,0.035515555892097365,0.03326136480614042,-0.0022541910859569456,0,0,True,both_stay
8233,0.14319695335614527,0.12800071585562034,-0.015196237500524928,0,0,True,both_stay
1216,0.14945106922772758,0.1283929421144143,-0.021058127113313285,0,0,True,both_stay
8418,0.058524208313656144,0.06694535912582524,0.008421150812169091,0,0,True,both_stay
7192,0.5941141708507058,0.4513393829636101,-0.14277478788709574,1,1,True,both_churn
9396,0.06587325134811821,0.07552693908206269,0.009653687733944483,0,0,True,both_stay
7383,0.05979108462076889,0.0678075746545794,0.008016490033810511,0,0,True,both_stay
3227,0.06637484556823377,0.11059437703945636,0.044219531471222595,0,0,True,both_stay
9639,0.03694504702285242,0.03628834342490845,-0.0006567035979439736,0,0,True,both_stay
916,0.21071635271190514,0.22473171094064717,0.01401535822874203,0,0,True,both_stay
8582,0.06049533936210089,0.10714464102991754,0.046649301667816646,0,0,True,both_stay
475,0.47803224593191906,0.483025063188047,0.004992817256127935,0,1,False,v2_stay_v3_churn
9481,0.1497423725160809,0.15190244216041215,0.0021600696443312417,0,0,True,both_stay
6771,0.14350878588182198,0.1187566463879195,-0.02475213949390248,0,0,True,both_stay
3809,0.23005896690182454,0.15162632655015582,-0.07843264035166872,0,0,True,both_stay
8300,0.5319636606197623,0.5948180021433646,0.06285434152360225,1,1,True,both_churn
6867,0.06049533936210089,0.10714464102991754,0.046649301667816646,0,0,True,both_stay
1342,0.350113608657902,0.19612160885118846,-0.15399199980671352,0,0,True,both_stay
9,0.09597570292513682,0.10050229614904514,0.004526593223908318,0,0,True,both_stay
833,0.10143510936791823,0.057501104235142354,-0.04393400513277588,0,0,True,both_stay
3802,0.10920250532153147,0.1260902599033275,0.016887754581796033,0,0,True,both_stay
1688,0.0641932641828849,0.07737263252009736,0.013179368337212463,0,0,True,both_stay
6644,0.029114347998997394,0.03574811411845083,0.006633766119453436,0,0,True,both_stay
6613,0.028156935275197834,0.03497506931205363,0.006818134036855796,0,0,True,both_stay
6468,0.16960749566116956,0.15254133619847046,-0.0170661594626991,0,0,True,both_stay
3251,0.9730731302407514,0.9231096236869246,-0.04996350655382675,1,1,True,both_churn
6593,0.01618594695729026,0.0311949603247073,0.01500901336741704,0,0,True,both_stay
324,0.02799388192797421,0.034485665055916145,0.006491783127941936,0,0,True,both_stay
13,0.03200837727077482,0.0335630322969895,0.0015546550262146852,0,0,True,both_stay
3100,0.030070608543704105,0.0422704427637235,0.012199834220019395,0,0,True,both_stay
2181,0.5026221257645315,0.483025063188047,-0.01959706257648447,1,1,True,both_churn
839,0.1565340075306468,0.15607844720726496,-0.0004555603233818428,0,0,True,both_stay
1088,0.02018582575965419,0.03003979421221827,0.009853968452564078,0,0,True,both_stay
9798,0.11508893520158081,0.1187272094525047,0.0036382742509238897,0,0,True,both_stay
7607,0.06289414406506937,0.07524834189089145,0.012354197825822089,0,0,True,both_stay
2174,0.1165174603011399,0.11313172661171868,-0.0033857336894212164,0,0,True,both_stay
2519,0.1688599401177069,0.23964015106778658,0.07078021095007966,0,0,True,both_stay
5963,0.2590950485227463,0.25079254806516393,-0.008302500457582351,0,0,True,both_stay
4650,0.03800477208159516,0.03881446877057324,0.0008096966889780816,0,0,True,both_stay
1133,0.030900619117441425,0.03652928324633988,0.005628664128898456,0,0,True,both_stay
4298,0.05267281486196312,0.058671554813614545,0.005998739951651427,0,0,True,both_stay
8043,0.12767203075190872,0.12476590054786234,-0.0029061302040463838,0,0,True,both_stay
7103,0.2685935262849687,0.27500438474367356,0.006410858458704871,0,0,True,both_stay
2193,0.16046526615449572,0.17334148772015298,0.012876221565657264,0,0,True,both_stay
3984,0.09334439290165568,0.058671554813614545,-0.034672838088041134,0,0,True,both_stay
7541,0.06093153315163608,0.036181534093024346,-0.024749999058611735,0,0,True,both_stay
8862,0.6904096591299032,0.5715709883364622,-0.1188386707934409,1,1,True,both_churn
8837,0.49477168790306497,0.48612190572593345,-0.008649782177131526,0,1,False,v2_stay_v3_churn
5622,0.2506518384471821,0.2266913943426495,-0.023960444104532574,0,0,True,both_stay
5026,0.10185196530356339,0.13055605299064366,0.02870408768708027,0,0,True,both_stay
2658,0.6179490128861556,0.7808301030499325,0.16288109016377694,1,1,True,both_churn
3953,0.16239053588753163,0.12846969372287345,-0.03392084216465818,0,0,True,both_stay
3686,0.010044596757124193,0.025003921035311464,0.014959324278187271,0,0,True,both_stay
496,0.03774196048520651,0.036348663899005554,-0.001393296586200958,0,0,True,both_stay
1063,0.12095432953168686,0.1283929421144143,0.007438612582727433,0,0,True,both_stay
2098,0.4628844943148262,0.38217105435780535,-0.08071343995702085,0,1,False,v2_stay_v3_churn
9573,0.035408960626854225,0.04190400681892775,0.006495046192073528,0,0,True,both_stay
3518,0.060348413204375735,0.06808189690744564,0.0077334837030699,0,0,True,both_stay
1671,0.061647510992472225,0.07409664824966376,0.012449137257191538,0,0,True,both_stay
9525,0.47803224593191906,0.483025063188047,0.004992817256127935,0,1,False,v2_stay_v3_churn
8741,0.024012743427653378,0.032136884620708205,0.008124141193054827,0,0,True,both_stay
4265,0.12767203075190872,0.1268910947338491,-0.0007809360180596192,0,0,True,both_stay
966,0.16133400337932813,0.1283929421144143,-0.032941061264913835,0,0,True,both_stay
3944,0.14450381923032166,0.12370998791419718,-0.020793831316124473,0,0,True,both_stay
1057,0.5641936151835935,0.5612764349153637,-0.0029171802682297354,1,1,True,both_churn
7901,0.03387756459391091,0.034893784833558913,0.001016220239648001,0,0,True,both_stay
6,0.2141385401218799,0.24211758271705666,0.02797904259517675,0,0,True,both_stay
22,0.17286958264965074,0.18966401852177925,0.016794435872128505,0,0,True,both_stay
3493,0.19444506517685903,0.20746736746773506,0.013022302290876031,0,0,True,both_stay
3462,0.7813066034345731,0.5898807543884653,-0.19142584904610782,1,1,True,both_churn
9903,0.028341853971661595,0.046756268062713484,0.01841441409105189,0,0,True,both_stay
7774,0.11070467807335511,0.11326525776793951,0.0025605796945843973,0,0,True,both_stay
2330,0.060348413204375735,0.06808189690744564,0.0077334837030699,0,0,True,both_stay
6966,0.04369686321622065,0.03443504665158727,-0.00926181656463338,0,0,True,both_stay
585,0.6040270239670092,0.6223937558908773,0.018366731923868063,1,1,True,both_churn
7793,0.38850769787699885,0.29813105051107985,-0.090376647365919,0,0,True,both_stay
4699,0.7043402151874293,0.6588026411205019,-0.04553757406692738,1,1,True,both_churn
3461,0.12661335650598407,0.15201269953988472,0.02539934303390065,0,0,True,both_stay
1744,0.20472644575841428,0.22473171094064717,0.02000526518223289,0,0,True,both_stay
8779,0.1254730351196849,0.12827641732505865,0.002803382205373739,0,0,True,both_stay
7854,0.2119702853308295,0.23810594154540385,0.026135656214574338,0,0,True,both_stay
708,0.02985697808463058,0.04190400681892775,0.012047028734297173,0,0,True,both_stay
7177,0.11940546096366288,0.11759146541358267,-0.0018139955500802024,0,0,True,both_stay
3255,0.039148187444998726,0.03489555010359905,-0.004252637341399676,0,0,True,both_stay
2023,0.2580014686752561,0.24950185787505896,-0.008499610800197122,0,0,True,both_stay
6677,0.11690711655080457,0.11075470252992037,-0.006152414020884206,0,0,True,both_stay
2739,0.5218948591606529,0.4709145415971204,-0.05098031756353255,1,1,True,both_churn
7215,0.13930624210210646,0.13077820310624785,-0.008528038995858606,0,0,True,both_stay
4271,0.03499977151092577,0.036678788052279684,0.0016790165413539115,0,0,True,both_stay
2610,0.17286958264965074,0.18966401852177925,0.016794435872128505,0,0,True,both_stay
1898,0.498337356799048,0.4709145415971204,-0.02742281520192763,0,1,False,v2_stay_v3_churn
9061,0.058545644343799,0.06099448483851891,0.0024488404947199116,0,0,True,both_stay
9186,0.2649153620177849,0.23139382138648668,-0.0335215406312982,0,0,True,both_stay
7687,0.42135940045782416,0.5575740562708126,0.13621465581298842,0,1,False,v2_stay_v3_churn
258,0.13968880535364206,0.1187566463879195,-0.020932158965722564,0,0,True,both_stay
6675,0.047433451801344596,0.04834757542344472,0.0009141236221001242,0,0,True,both_stay
186,0.24395419232873639,0.22648802028912182,-0.017466172039614564,0,0,True,both_stay
9041,0.6029000165317886,0.6153183413948523,0.012418324863063712,1,1,True,both_churn
4161,0.3406389965400243,0.3808886752903473,0.04024967875032304,0,1,False,v2_stay_v3_churn
4962,0.07097554178747713,0.08424697255308007,0.013271430765602943,0,0,True,both_stay
5414,0.07348495633674279,0.0788029233524963,0.005317967015753516,0,0,True,both_stay
3321,0.02541117406321143,0.03326136480614042,0.007850190742928989,0,0,True,both_stay
30,0.8140291268443294,0.7855308688413629,-0.02849825800296646,1,1,True,both_churn
2505,0.17286958264965074,0.17345970749731357,0.0005901248476628262,0,0,True,both_stay
7995,0.16042579172132862,0.12154401446659635,-0.03888177725473227,0,0,True,both_stay
4502,0.498337356799048,0.4709145415971204,-0.02742281520192763,0,1,False,v2_stay_v3_churn
9457,0.10141654886179978,0.11121485283205697,0.009798303970257188,0,0,True,both_stay
9746,0.26232814663652926,0.26434738322475304,0.002019236588223783,0,0,True,both_stay
8874,0.217548136954764,0.24443911629339077,0.026890979338626775,0,0,True,both_stay
4048,0.17262974845189527,0.20059463170033834,0.027964883248443068,0,0,True,both_stay
6537,0.19440592525735878,0.2253358614700135,0.03092993621265472,0,0,True,both_stay
2851,0.6353720849227712,0.6153183413948523,-0.020053743527918888,1,1,True,both_churn
8341,0.028117935866030785,0.03673698164992828,0.008619045783897494,0,0,True,both_stay
3292,0.0641932641828849,0.07737263252009736,0.013179368337212463,0,0,True,both_stay
8941,0.030900619117441425,0.03652928324633988,0.005628664128898456,0,0,True,both_stay
8839,0.07348495633674279,0.0788029233524963,0.005317967015753516,0,0,True,both_stay
6041,0.44475394082970937,0.4676465878992639,0.022892647069554517,0,1,False,v2_stay_v3_churn
7747,0.0334614435528117,0.0387940137587786,0.005332570205966898,0,0,True,both_stay
259,0.1616148848222753,0.1883159442387051,0.026701059416429807,0,0,True,both_stay
9435,0.060348413204375735,0.05934246281724618,-0.001005950387129556,0,0,True,both_stay
9552,0.20788346250689518,0.2480050702004847,0.04012160769358952,0,0,True,both_stay
8578,0.6157314827315938,0.561631399982304,-0.05410008274928979,1,1,True,both_churn
3417,0.3265441043590939,0.30744828866202406,-0.019095815697069862,0,0,True,both_stay
4368,0.14945106922772758,0.1283929421144143,-0.021058127113313285,0,0,True,both_stay
8180,0.2880560573623857,0.2796700615627891,-0.00838599579959659,0,0,True,both_stay
1929,0.2665158728090256,0.2519040201799237,-0.014611852629101918,0,0,True,both_stay
8549,0.06949956962557091,0.05749903209249039,-0.012000537533080523,0,0,True,both_stay
4901,0.07288135841322428,0.24051799134201268,0.1676366329287884,0,0,True,both_stay
2342,0.41612188493148144,0.40410723004257604,-0.012014654888905407,0,1,False,v2_stay_v3_churn
6473,0.027415791277802404,0.03351349146622442,0.006097700188422015,0,0,True,both_stay
3667,0.03674533145591203,0.03652928324633988,-0.00021604820957214776,0,0,True,both_stay
4820,0.028117935866030785,0.035337300320604274,0.007219364454573489,0,0,True,both_stay
6629,0.060348413204375735,0.06808189690744564,0.0077334837030699,0,0,True,both_stay
5673,0.027617550716757974,0.036678788052279684,0.009061237335521711,0,0,True,both_stay
1258,0.029114347998997394,0.03574811411845083,0.006633766119453436,0,0,True,both_stay
264,0.11241333188804202,0.12523058974543275,0.012817257857390726,0,0,True,both_stay
381,0.04781067932984601,0.046756268062713484,-0.0010544112671325295,0,0,True,both_stay
1978,0.060348413204375735,0.05775925710953004,-0.002589156094845696,0,0,True,both_stay
6623,0.11940546096366288,0.11759146541358267,-0.0018139955500802024,0,0,True,both_stay
8751,0.0325306113276271,0.03326136480614042,0.0007307534785133199,0,0,True,both_stay
9897,0.1502079685725876,0.24376653884776314,0.09355857027517553,0,0,True,both_stay
9959,0.17286958264965074,0.18966401852177925,0.016794435872128505,0,0,True,both_stay
6214,0.030694152308896834,0.04190400681892775,0.011209854510030919,0,0,True,both_stay
9964,0.027617550716757974,0.036678788052279684,0.009061237335521711,0,0,True,both_stay
6217,0.03671559958781725,0.04013588612756714,0.003420286539749892,0,0,True,both_stay
8089,0.21506395876695272,0.11204034321235727,-0.10302361555459545,0,0,True,both_stay
7455,0.14319695335614527,0.12800071585562034,-0.015196237500524928,0,0,True,both_stay
6361,0.04354715305886762,0.06284102231478174,0.01929386925591412,0,0,True,both_stay
9868,0.5092107433037438,0.4087551703241479,-0.10045557297959595,1,1,True,both_churn
54,0.2880560573623857,0.2796700615627891,-0.00838599579959659,0,0,True,both_stay
5227,0.04733008256870493,0.035035241276263694,-0.012294841292441239,0,0,True,both_stay
9371,0.11241333188804202,0.12523058974543275,0.012817257857390726,0,0,True,both_stay
1104,0.028156935275197834,0.03497506931205363,0.006818134036855796,0,0,True,both_stay
321,0.13516052682844668,0.11859632089745549,-0.016564205930991185,0,0,True,both_stay
175,0.13728864749041345,0.15190244216041215,0.014613794669998709,0,0,True,both_stay
2059,0.2591768294920719,0.2615673738350202,0.002390544342948331,0,0,True,both_stay
9082,0.047433451801344596,0.04834757542344472,0.0009141236221001242,0,0,True,both_stay
2153,0.15440486522949481,0.1559681898277924,0.001563324598297583,0,0,True,both_stay
6699,0.07072062255990921,0.07480209252267953,0.004081469962770312,0,0,True,both_stay
3433,0.17457269815223608,0.17334148772015298,-0.0012312104320831019,0,0,True,both_stay
5966,0.6657675314239214,0.4395412882419966,-0.2262262431819248,1,1,True,both_churn
5127,0.09334439290165568,0.058671554813614545,-0.034672838088041134,0,0,True,both_stay
9477,0.20788346250689518,0.2480050702004847,0.04012160769358952,0,0,True,both_stay
1942,0.45767243827348036,0.4709145415971204,0.013242103323640009,0,1,False,v2_stay_v3_churn
9584,0.24588881445821817,0.24949397764142703,0.0036051631832088593,0,0,True,both_stay
1010,0.40447702739507474,0.2959928365690328,-0.10848419082604194,0,0,True,both_stay
255,0.07018822261213534,0.09097674464968929,0.02078852203755395,0,0,True,both_stay
9687,0.09707372121109356,0.11769839116071223,0.020624669949618674,0,0,True,both_stay
2812,0.8583382665665897,0.5864593544255359,-0.27187891214105386,1,1,True,both_churn
7725,0.04073470379233876,0.043309867667513324,0.002575163875174563,0,0,True,both_stay
5832,0.12609978800920812,0.11646736117057425,-0.00963242683863387,0,0,True,both_stay
8970,0.11843462057186964,0.22800196277495985,0.10956734220309021,0,0,True,both_stay
6831,0.9737333670670654,0.9427866175402841,-0.030946749526781225,1,1,True,both_churn
5158,0.6101152074399764,0.6185866312964775,0.008471423856501126,1,1,True,both_churn
2795,0.058173802696662835,0.10471179609137803,0.04653799339471519,0,0,True,both_stay
1212,0.07758137561010486,0.08535307226082499,0.007771696650720125,0,0,True,both_stay
1724,0.03078407269161172,0.03506472017975378,0.0042806474881420635,0,0,True,both_stay
7857,0.02999268434379197,0.033245734436655835,0.0032530500928638663,0,0,True,both_stay
8790,0.1497423725160809,0.15190244216041215,0.0021600696443312417,0,0,True,both_stay
2917,0.23747921792635382,0.24297821884470552,0.005499000918351704,0,0,True,both_stay
9383,0.025018025549981327,0.03298026246774938,0.00796223691776805,0,0,True,both_stay
6859,0.1616148848222753,0.1883159442387051,0.026701059416429807,0,0,True,both_stay
2995,0.10941595338704099,0.11359655125689687,0.004180597869855876,0,0,True,both_stay
8754,0.1225138873175099,0.11326525776793951,-0.009248629549570384,0,0,True,both_stay
3760,0.15071300462570023,0.18771179370933877,0.036998789083638545,0,0,True,both_stay
4353,0.03694504702285242,0.03558661402165747,-0.001358433001194953,0,0,True,both_stay
6114,0.13550336756990852,0.11888154109981579,-0.016621826470092735,0,0,True,both_stay
9778,0.1293833803790576,0.1258984549357091,-0.0034849254433485244,0,0,True,both_stay
8462,0.6918920404159076,0.5898807543884653,-0.10201128602744225,1,1,True,both_churn
4023,0.22085237245722428,0.18771179370933877,-0.03314057874788551,0,0,True,both_stay
830,0.03969055795081677,0.036856695544953265,-0.002833862405863502,0,0,True,both_stay
1687,0.17286958264965074,0.17345970749731357,0.0005901248476628262,0,0,True,both_stay
4475,0.16577125423674482,0.25079254806516393,0.08502129382841911,0,0,True,both_stay
5778,0.09239528063604578,0.06122559122007753,-0.031169689415968253,0,0,True,both_stay
399,0.47458339889193546,0.30691253684365455,-0.1676708620482809,0,0,True,both_stay
5513,0.038479345414914295,0.035170880463260334,-0.003308464951653961,0,0,True,both_stay
9000,0.16046526615449572,0.17334148772015298,0.012876221565657264,0,0,True,both_stay
6421,0.08368158551266848,0.11511896573911477,0.03143738022644629,0,0,True,both_stay
5617,0.3406389965400243,0.3808886752903473,0.04024967875032304,0,1,False,v2_stay_v3_churn
2856,0.49367579940989986,0.47173318481801046,-0.021942614591889398,0,1,False,v2_stay_v3_churn
7228,0.10475047144033614,0.20306405070549435,0.09831357926515821,0,0,True,both_stay
5817,0.2996930402257617,0.21500706382571377,-0.08468597640004794,0,0,True,both_stay
3140,0.039148187444998726,0.03457620890304378,-0.004571978541954944,0,0,True,both_stay
5751,0.2731850415732421,0.25079254806516393,-0.02239249350807815,0,0,True,both_stay
3601,0.5431315011834308,0.6025944787634864,0.05946297758005559,1,1,True,both_churn
8293,0.12980561944883942,0.11759146541358267,-0.012214154035256747,0,0,True,both_stay
7423,0.046770799322171264,0.049098654186057765,0.0023278548638865013,0,0,True,both_stay
2043,0.027617550716757974,0.036678788052279684,0.009061237335521711,0,0,True,both_stay
4497,0.5641936151835935,0.5612764349153637,-0.0029171802682297354,1,1,True,both_churn
3523,0.16960749566116956,0.15254133619847046,-0.0170661594626991,0,0,True,both_stay
2588,0.11947060824973837,0.1248024709551848,0.00533186270544643,0,0,True,both_stay
6640,0.15810694811647924,0.1566070838658507,-0.0014998642506285353,0,0,True,both_stay
7883,0.16182620929573252,0.16248988110450105,0.0006636718087685289,0,0,True,both_stay
1616,0.2422392617571335,0.2551219871107793,0.012882725353645819,0,0,True,both_stay
2168,0.6183008966427436,0.6639972884968111,0.045696391854067486,1,1,True,both_churn
5578,0.24518261368430708,0.26102835694497944,0.015845743260672368,0,0,True,both_stay
5623,0.07758137561010486,0.08535307226082499,0.007771696650720125,0,0,True,both_stay
4227,0.15810694811647924,0.1566070838658507,-0.0014998642506285353,0,0,True,both_stay
4464,0.08089989236441067,0.07493912582857652,-0.005960766535834147,0,0,True,both_stay
8207,0.17970532834718583,0.19686108808009742,0.017155759732911585,0,0,True,both_stay
9950,0.6868008758455432,0.31361589255599037,-0.3731849832895528,1,0,False,v2_churn_v3_stay
6269,0.035563839388845414,0.05005409352115021,0.014490254132304793,0,0,True,both_stay
5363,0.9763752801139102,0.9461328195702196,-0.03024246054369062,1,1,True,both_churn
801,0.34597196194493046,0.14521106261633676,-0.2007608993285937,0,0,True,both_stay
287,0.14450381923032166,0.12499054049648402,-0.01951327873383764,0,0,True,both_stay
8107,0.22380151863400957,0.2588606263198595,0.03505910768584994,0,0,True,both_stay
5282,0.14450381923032166,0.12499054049648402,-0.01951327873383764,0,0,True,both_stay
3020,0.060348413204375735,0.058671554813614545,-0.0016768583907611906,0,0,True,both_stay
8930,0.16708903488861562,0.1941681777917761,0.027079142903160464,0,0,True,both_stay
2776,0.05979108462076889,0.0678075746545794,0.008016490033810511,0,0,True,both_stay
9018,0.6474049166039689,0.7952366635406601,0.1478317469366912,1,1,True,both_churn
1882,0.0349586149249083,0.034502104781054165,-0.0004565101438541372,0,0,True,both_stay
8654,0.07758137561010486,0.08535307226082499,0.007771696650720125,0,0,True,both_stay
2895,0.5047766218622218,0.5419736977597159,0.0371970758974941,1,1,True,both_churn
456,0.16239053588753163,0.12846969372287345,-0.03392084216465818,0,0,True,both_stay
307,0.035408960626854225,0.04190400681892775,0.006495046192073528,0,0,True,both_stay
5949,0.35078282966225116,0.399815271243231,0.04903244158097986,0,1,False,v2_stay_v3_churn
8739,0.44613495328663505,0.5575740562708126,0.11143910298417753,0,1,False,v2_stay_v3_churn
7302,0.19853604142435735,0.14789230227854197,-0.05064373914581538,0,0,True,both_stay
7786,0.013243417389321532,0.03466467958574317,0.02142126219642164,0,0,True,both_stay
3882,0.04369686321622065,0.03443504665158727,-0.00926181656463338,0,0,True,both_stay
6376,0.5026221257645315,0.483025063188047,-0.01959706257648447,1,1,True,both_churn
6573,0.1370729515656257,0.1523843491978342,0.015311397632208484,0,0,True,both_stay
8270,0.1278646585626952,0.12746041799235458,-0.00040424057034060823,0,0,True,both_stay
1748,0.13410974201907333,0.1311228935761047,-0.0029868484429686204,0,0,True,both_stay
3154,0.1987310819970078,0.24211758271705666,0.04338650072004885,0,0,True,both_stay
5132,0.12965906338132346,0.3008212253254576,0.1711621619441341,0,0,True,both_stay
9273,0.02095633139432192,0.03245570446998055,0.011499373075658629,0,0,True,both_stay
6491,0.03487594192563999,0.034369672211515205,-0.0005062697141247838,0,0,True,both_stay
7611,0.05267281486196312,0.058671554813614545,0.005998739951651427,0,0,True,both_stay
7373,0.058599589554178516,0.05749903209249039,-0.0011005574616881272,0,0,True,both_stay
1012,0.039148187444998726,0.03489555010359905,-0.004252637341399676,0,0,True,both_stay
2516,0.047433451801344596,0.04857549374098752,0.0011420419396429224,0,0,True,both_stay
8076,0.11088978543353063,0.1559681898277924,0.045078404394261765,0,0,True,both_stay
9697,0.1754851900845954,0.24443911629339077,0.06895392620879537,0,0,True,both_stay
6345,0.030076949534092966,0.04311247968749532,0.013035530153402353,0,0,True,both_stay
5319,0.012266803503628222,0.02828857211699624,0.01602176861336802,0,0,True,both_stay
5170,0.03694504702285242,0.03558661402165747,-0.001358433001194953,0,0,True,both_stay
5517,0.038479345414914295,0.035170880463260334,-0.003308464951653961,0,0,True,both_stay
5300,0.03819887304489268,0.036856695544953265,-0.0013421774999394162,0,0,True,both_stay
7225,0.035408960626854225,0.04190400681892775,0.006495046192073528,0,0,True,both_stay
2704,0.03118541485283621,0.032425603359025064,0.0012401885061888544,0,0,True,both_stay
7148,0.0325306113276271,0.03326136480614042,0.0007307534785133199,0,0,True,both_stay
4192,0.2060443290213063,0.22800196277495985,0.02195763375365356,0,0,True,both_stay
3174,0.1159243848167253,0.11283457421718768,-0.0030898105995376263,0,0,True,both_stay
6477,0.030900619117441425,0.03652928324633988,0.005628664128898456,0,0,True,both_stay
1348,0.11255996544866254,0.12499054049648402,0.012430575047821482,0,0,True,both_stay
490,0.07018297068511033,0.09789140349841186,0.02770843281330153,0,0,True,both_stay
3088,0.07337916575907405,0.10950656736966628,0.03612740161059223,0,0,True,both_stay
1889,0.11334430884270522,0.11426069687723905,0.0009163880345338382,0,0,True,both_stay
2533,0.18488246487461474,0.21916464070336636,0.03428217582875162,0,0,True,both_stay
9608,0.10920250532153147,0.1260902599033275,0.016887754581796033,0,0,True,both_stay
6927,0.17457269815223608,0.1740263994601643,-0.0005462986920717894,0,0,True,both_stay
470,0.1025028912466398,0.11256474678261681,0.010061855535977007,0,0,True,both_stay
3135,0.21498266719108286,0.19199833954341586,-0.022984327647667002,0,0,True,both_stay
1160,0.1497423725160809,0.15190244216041215,0.0021600696443312417,0,0,True,both_stay
6970,0.060742901985205947,0.14394736218104232,0.08320446019583637,0,0,True,both_stay
675,0.060348413204375735,0.06808189690744564,0.0077334837030699,0,0,True,both_stay
2900,0.1517218862300834,0.5813818143086302,0.4296599280785468,0,1,False,v2_stay_v3_churn
3631,0.055955821287715986,0.09990607327888949,0.04395025199117351,0,0,True,both_stay
917,0.49367579940989986,0.47173318481801046,-0.021942614591889398,0,1,False,v2_stay_v3_churn
7884,0.15810694811647924,0.1566070838658507,-0.0014998642506285353,0,0,True,both_stay
3682,0.11384922302723187,0.11699170240838645,0.0031424793811545837,0,0,True,both_stay
1446,0.15599289962304497,0.1333402181232517,-0.02265268149979327,0,0,True,both_stay
3467,0.07445734352726478,0.08850271120268587,0.014045367675421083,0,0,True,both_stay
2406,0.14450381923032166,0.12499054049648402,-0.01951327873383764,0,0,True,both_stay
3332,0.14145802604620167,0.13193491053524362,-0.009523115510958052,0,0,True,both_stay
3832,0.05101255340933686,0.04719191617390667,-0.003820637235430191,0,0,True,both_stay
7664,0.1497423725160809,0.15190244216041215,0.0021600696443312417,0,0,True,both_stay
6858,0.5625029997011433,0.4847853598979912,-0.07771763980315205,1,1,True,both_churn
563,0.5238616430004375,0.4926101075850926,-0.03125153541534487,1,1,True,both_churn
4742,0.413476319582679,0.24471955300090684,-0.16875676658177216,0,0,True,both_stay
1471,0.7697461901267518,0.6165114970822818,-0.15323469304447002,1,1,True,both_churn
910,0.047433451801344596,0.04857549374098752,0.0011420419396429224,0,0,True,both_stay
8776,0.10920250532153147,0.1260902599033275,0.016887754581796033,0,0,True,both_stay
247,0.01618594695729026,0.02936086803377155,0.01317492107648129,0,0,True,both_stay
9074,0.06289414406506937,0.07524834189089145,0.012354197825822089,0,0,True,both_stay
7546,0.17077812001347872,0.09465356270444603,-0.0761245573090327,0,0,True,both_stay
1244,0.0971706928438366,0.07183962790422026,-0.025331064939616343,0,0,True,both_stay
676,0.060348413204375735,0.05934246281724618,-0.001005950387129556,0,0,True,both_stay
5674,0.029155117232786496,0.03490913315512755,0.0057540159223410554,0,0,True,both_stay
4003,0.01618594695729026,0.02936086803377155,0.01317492107648129,0,0,True,both_stay
2125,0.16182620929573252,0.16248988110450105,0.0006636718087685289,0,0,True,both_stay
2518,0.9657210753704761,0.9449348121615108,-0.020786263208965372,1,1,True,both_churn
7409,0.07395382331174043,0.08765782125958621,0.013703997947845784,0,0,True,both_stay
8144,0.03058113567429632,0.035123167833052936,0.004542032158756617,0,0,True,both_stay
7440,0.5118810506602727,0.5442133121852792,0.03233226152500657,1,1,True,both_churn
4367,0.6647933628425794,0.639716980642933,-0.025076382199646363,1,1,True,both_churn
3505,0.5350257435253731,0.4805019210319698,-0.05452382249340332,1,1,True,both_churn
8182,0.15810694811647924,0.1566070838658507,-0.0014998642506285353,0,0,True,both_stay
9627,0.14145802604620167,0.13193491053524362,-0.009523115510958052,0,0,True,both_stay
8810,0.019566096617436565,0.0320202661331262,0.012454169515689638,0,0,True,both_stay
5862,0.07105626304329818,0.07577579404708583,0.00471953100378765,0,0,True,both_stay
7841,0.365506161273391,0.483025063188047,0.11751890191465603,0,1,False,v2_stay_v3_churn
330,0.2141385401218799,0.24211758271705666,0.02797904259517675,0,0,True,both_stay
931,0.05978941251289117,0.07701624589892124,0.017226833386030073,0,0,True,both_stay
1585,0.15601333606714074,0.1283929421144143,-0.027620393952726446,0,0,True,both_stay
2530,0.49367579940989986,0.47173318481801046,-0.021942614591889398,0,1,False,v2_stay_v3_churn
9982,0.365506161273391,0.483025063188047,0.11751890191465603,0,1,False,v2_stay_v3_churn
3997,0.6868008758455432,0.31361589255599037,-0.3731849832895528,1,0,False,v2_churn_v3_stay
2281,0.2945804778273186,0.2521202501238847,-0.042460227703433884,0,0,True,both_stay
6280,0.1165174603011399,0.11313172661171868,-0.0033857336894212164,0,0,True,both_stay
6590,0.0790292019446193,0.04499412463202295,-0.034035077312596355,0,0,True,both_stay
8197,0.6617037777224747,0.6187976570609083,-0.042906120661566405,1,1,True,both_churn
6282,0.03657575295940906,0.03301293539765487,-0.0035628175617541946,0,0,True,both_stay
5746,0.24024880323985012,0.24712422647647184,0.006875423236621714,0,0,True,both_stay
2417,0.12025174596010772,0.12720211238428447,0.006950366424176749,0,0,True,both_stay
5873,0.27469817154401166,0.25079254806516393,-0.023905623478847726,0,0,True,both_stay
416,0.42135940045782416,0.5575740562708126,0.13621465581298842,0,1,False,v2_stay_v3_churn
3200,0.09530426202745824,0.1179910554703813,0.022686793442923056,0,0,True,both_stay
3000,0.07269151643657014,0.0766786327232904,0.0039871162867202575,0,0,True,both_stay
6391,0.17457269815223608,0.18851259519622018,0.0139398970439841,0,0,True,both_stay
4290,0.13381288368168762,0.1179910554703813,-0.015821828211306316,0,0,True,both_stay
3904,0.2339292224098299,0.25711279799959613,0.02318357558976622,0,0,True,both_stay
7825,0.027211075762307708,0.032706203201492215,0.005495127439184507,0,0,True,both_stay
1253,0.3181221750447433,0.2729737473197664,-0.0451484277249769,0,0,True,both_stay
3413,0.06226985231580789,0.06768602631018268,0.005416173994374794,0,0,True,both_stay
1598,0.44938811251829097,0.5859055511787151,0.13651743866042415,0,1,False,v2_stay_v3_churn
5883,0.176096918073298,0.1894609275072169,0.01336400943391891,0,0,True,both_stay
9893,0.27469817154401166,0.25079254806516393,-0.023905623478847726,0,0,True,both_stay
9565,0.9798350031827694,0.9627140922452617,-0.017120910937507672,1,1,True,both_churn
9487,0.11947060824973837,0.1248024709551848,0.00533186270544643,0,0,True,both_stay
1689,0.1497423725160809,0.15190244216041215,0.0021600696443312417,0,0,True,both_stay
923,0.02600407133932681,0.07753737467085167,0.051533303331524866,0,0,True,both_stay
997,0.6128027751139737,0.5647650244877208,-0.04803775062625293,1,1,True,both_churn
2001,0.03387756459391091,0.03355260141091417,-0.0003249631829967403,0,0,True,both_stay
6236,0.1616148848222753,0.1883159442387051,0.026701059416429807,0,0,True,both_stay
5053,0.10141654886179978,0.11121485283205697,0.009798303970257188,0,0,True,both_stay
9172,0.19450120660742545,0.22473171094064717,0.03023050433322172,0,0,True,both_stay
6921,0.20472644575841428,0.22473171094064717,0.02000526518223289,0,0,True,both_stay
7420,0.14041638572410636,0.18771179370933877,0.04729540798523241,0,0,True,both_stay
2717,0.06140737136420026,0.0931456187805747,0.03173824741637444,0,0,True,both_stay
7211,0.060348413204375735,0.057543885755195236,-0.0028045274491804995,0,0,True,both_stay
7233,0.1906353898249263,0.1894681030578134,-0.0011672867671129183,0,0,True,both_stay
9931,0.16133400337932813,0.1283929421144143,-0.032941061264913835,0,0,True,both_stay
9353,0.1881960041279912,0.1846323703385886,-0.0035636337894026093,0,0,True,both_stay
3011,0.13516052682844668,0.11859632089745549,-0.016564205930991185,0,0,True,both_stay
2485,0.17457269815223608,0.18771179370933877,0.013139095557102687,0,0,True,both_stay
3233,0.15810694811647924,0.1566070838658507,-0.0014998642506285353,0,0,True,both_stay
1819,0.1425256665849485,0.16067981691713495,0.018154150332186453,0,0,True,both_stay
8831,0.24588881445821817,0.24949397764142703,0.0036051631832088593,0,0,True,both_stay
8239,0.0369047298355099,0.035443357142151244,-0.0014613726933586577,0,0,True,both_stay
7553,0.1497423725160809,0.15190244216041215,0.0021600696443312417,0,0,True,both_stay
4443,0.07966825697309962,0.045802191552486764,-0.03386606542061286,0,0,True,both_stay
2534,0.16960749566116956,0.15254133619847046,-0.0170661594626991,0,0,True,both_stay
8917,0.17437545204893506,0.22447686491450322,0.05010141286556816,0,0,True,both_stay
8712,0.04073470379233876,0.043309867667513324,0.002575163875174563,0,0,True,both_stay
2540,0.44475394082970937,0.4676465878992639,0.022892647069554517,0,1,False,v2_stay_v3_churn
3878,0.03774196048520651,0.036348663899005554,-0.001393296586200958,0,0,True,both_stay
721,0.07758137561010486,0.08535307226082499,0.007771696650720125,0,0,True,both_stay
8717,0.44433370656684656,0.40600056183948147,-0.0383331447273651,0,1,False,v2_stay_v3_churn
3885,0.4587667239239034,0.28396468563809424,-0.17480203828580915,0,0,True,both_stay
9328,0.035408960626854225,0.04190400681892775,0.006495046192073528,0,0,True,both_stay
958,0.07882323318469908,0.11075470252992037,0.031931469345221286,0,0,True,both_stay
9939,0.268452072069517,0.2715539346898528,0.0031018626203357935,0,0,True,both_stay
3243,0.09288371030839031,0.11511896573911477,0.022235255430724465,0,0,True,both_stay
7405,0.1342493435012886,0.12945930777130263,-0.004790035729985959,0,0,True,both_stay
2794,0.6375926319707172,0.6185866312964775,-0.019006000674239742,1,1,True,both_churn
2432,0.19440592525735878,0.2253358614700135,0.03092993621265472,0,0,True,both_stay
3274,0.1421473548886631,0.12486050194641239,-0.0172868529422507,0,0,True,both_stay
5950,0.9654928249201582,0.9397712137891702,-0.02572161113098803,1,1,True,both_churn
5043,0.09019756024077012,0.11701667582566277,0.026819115584892653,0,0,True,both_stay
5421,0.05979108462076889,0.0678075746545794,0.008016490033810511,0,0,True,both_stay
7458,0.2669406724169405,0.38030816117583816,0.11336748875889763,0,1,False,v2_stay_v3_churn
6433,0.6949389119685655,0.6362795318954896,-0.05865938007307592,1,1,True,both_churn
69,0.18499206401308513,0.11429575090229394,-0.07069631311079119,0,0,True,both_stay
3776,0.15599289962304497,0.1333402181232517,-0.02265268149979327,0,0,True,both_stay
5926,0.2139260526486021,0.25412500218383144,0.040198949535229345,0,0,True,both_stay
3443,0.1708426298825986,0.1645360302961487,-0.0063065995864499125,0,0,True,both_stay
763,0.03637281938873132,0.09324196192719414,0.05686914253846282,0,0,True,both_stay
2578,0.06049533936210089,0.10714464102991754,0.046649301667816646,0,0,True,both_stay
4657,0.35244907587116303,0.2551219871107793,-0.0973270887603837,0,0,True,both_stay
8514,0.14350878588182198,0.1187566463879195,-0.02475213949390248,0,0,True,both_stay
4781,0.2139260526486021,0.25412500218383144,0.040198949535229345,0,0,True,both_stay
4155,0.26059476294192413,0.24712422647647184,-0.013470536465452293,0,0,True,both_stay
4234,0.08643360406187982,0.08535307226082499,-0.0010805318010548293,0,0,True,both_stay
7930,0.05267281486196312,0.058671554813614545,0.005998739951651427,0,0,True,both_stay
8755,0.660971141384215,0.6157919226833087,-0.04517921870090624,1,1,True,both_churn
300,0.019247213378680142,0.03229451520250378,0.013047301823823639,0,0,True,both_stay
4323,0.3413752612000715,0.37998867503252143,0.03861341383244993,0,1,False,v2_stay_v3_churn
4207,0.15873292162334926,0.17334148772015298,0.014608566096803721,0,0,True,both_stay
1587,0.058599589554178516,0.05749903209249039,-0.0011005574616881272,0,0,True,both_stay
5199,0.03387756459391091,0.03355260141091417,-0.0003249631829967403,0,0,True,both_stay
3958,0.11070467807335511,0.11326525776793951,0.0025605796945843973,0,0,True,both_stay
1034,0.11365273388794668,0.16327077121088573,0.049618037322939054,0,0,True,both_stay
6086,0.10143510936791823,0.057501104235142354,-0.04393400513277588,0,0,True,both_stay
6690,0.13516052682844668,0.11859632089745549,-0.016564205930991185,0,0,True,both_stay
6556,0.7089024785379962,0.6477018886213631,-0.06120058991663302,1,1,True,both_churn
8954,0.6236080306165208,0.6185866312964775,-0.005021399320043307,1,1,True,both_churn
4537,0.03346783975191497,0.03694450472414656,0.003476664972231591,0,0,True,both_stay
3033,0.3581204556415802,0.07788793677288308,-0.2802325188686971,0,0,True,both_stay
5592,0.02114003709347856,0.02761979042407799,0.006479753330599431,0,0,True,both_stay
7230,0.05932306106718743,0.057219215074014416,-0.002103845993173016,0,0,True,both_stay
4614,0.03058113567429632,0.035123167833052936,0.004542032158756617,0,0,True,both_stay
1026,0.03819887304489268,0.036856695544953265,-0.0013421774999394162,0,0,True,both_stay
9035,0.11305855813128855,0.16076267251820933,0.04770411438692078,0,0,True,both_stay
2337,0.030694152308896834,0.04190400681892775,0.011209854510030919,0,0,True,both_stay
9933,0.47877830854285364,0.48659089484742296,0.007812586304569324,0,1,False,v2_stay_v3_churn
4331,0.07860319931230055,0.12329220224048172,0.044689002928181176,0,0,True,both_stay
4908,0.6319403837808981,0.6150791781722019,-0.016861205608696195,1,1,True,both_churn
8025,0.06991800957516256,0.11426069687723905,0.044342687302076494,0,0,True,both_stay
9025,0.10941595338704099,0.11359655125689687,0.004180597869855876,0,0,True,both_stay
3698,0.019265948658709307,0.034935103072363284,0.015669154413653977,0,0,True,both_stay
1041,0.03281707966926913,0.03506472017975378,0.0022476405104846497,0,0,True,both_stay
762,0.15810694811647924,0.1566070838658507,-0.0014998642506285353,0,0,True,both_stay
6008,0.042521092745810084,0.039913295451458615,-0.002607797294351469,0,0,True,both_stay
1230,0.046770799322171264,0.049098654186057765,0.0023278548638865013,0,0,True,both_stay
7557,0.023532515963564624,0.035443357142151244,0.01191084117858662,0,0,True,both_stay
9858,0.2665158728090256,0.2519040201799237,-0.014611852629101918,0,0,True,both_stay
3028,0.11695966877884038,0.24659234404905175,0.12963267527021138,0,0,True,both_stay
2141,0.051126618376736634,0.028437957805819026,-0.022688660570917608,0,0,True,both_stay
1209,0.028887849362423116,0.03590778244403981,0.007019933081616695,0,0,True,both_stay
4262,0.12017177197408464,0.07493912582857652,-0.04523264614550812,0,0,True,both_stay
7933,0.1194028418313021,0.21906075603252148,0.09965791420121937,0,0,True,both_stay
3695,0.40447702739507474,0.2959928365690328,-0.10848419082604194,0,0,True,both_stay
9211,0.060348413204375735,0.058671554813614545,-0.0016768583907611906,0,0,True,both_stay
8073,0.12095432953168686,0.1283929421144143,0.007438612582727433,0,0,True,both_stay
6583,0.18499206401308513,0.11429575090229394,-0.07069631311079119,0,0,True,both_stay
7530,0.6375926319707172,0.6185866312964775,-0.019006000674239742,1,1,True,both_churn
7435,0.9790944292436462,0.9461328195702196,-0.03296160967342665,1,1,True,both_churn
7749,0.1906353898249263,0.1894681030578134,-0.0011672867671129183,0,0,True,both_stay
8139,0.07018297068511033,0.09789140349841186,0.02770843281330153,0,0,True,both_stay
1509,0.17457269815223608,0.17334148772015298,-0.0012312104320831019,0,0,True,both_stay
1344,0.08316386773402876,0.07636941666097548,-0.006794451073053279,0,0,True,both_stay
6188,0.2256979322239559,0.20817918127628154,-0.017518750947674355,0,0,True,both_stay
3471,0.11940546096366288,0.11313172661171868,-0.006273734351944199,0,0,True,both_stay
8173,0.6276944740697225,0.5747065911146538,-0.05298788295506862,1,1,True,both_churn
2486,0.04781067932984601,0.046756268062713484,-0.0010544112671325295,0,0,True,both_stay
3754,0.1497423725160809,0.15190244216041215,0.0021600696443312417,0,0,True,both_stay
1460,0.05498817583656276,0.11410037138677505,0.05911219555021229,0,0,True,both_stay
4301,0.033593457938140336,0.034233550164243114,0.0006400922261027772,0,0,True,both_stay
5899,0.03118541485283621,0.032425603359025064,0.0012401885061888544,0,0,True,both_stay
2179,0.2665158728090256,0.2519040201799237,-0.014611852629101918,0,0,True,both_stay
9452,0.037617483990952286,0.038653218699072074,0.0010357347081197885,0,0,True,both_stay
3497,0.21244205279544276,0.22078221009126123,0.008340157295818468,0,0,True,both_stay
2345,0.14041638572410636,0.18771179370933877,0.04729540798523241,0,0,True,both_stay
2568,0.5118810506602727,0.5442133121852792,0.03233226152500657,1,1,True,both_churn
6807,0.047433451801344596,0.04857549374098752,0.0011420419396429224,0,0,True,both_stay
7571,0.9737333670670654,0.9427866175402841,-0.030946749526781225,1,1,True,both_churn
4399,0.45652785656371625,0.5020813737166894,0.04555351715297312,0,1,False,v2_stay_v3_churn
3827,0.7520604638166442,0.6129847019656812,-0.13907576185096293,1,1,True,both_churn
9648,0.2590950485227463,0.25079254806516393,-0.008302500457582351,0,0,True,both_stay
8047,0.14945106922772758,0.1283929421144143,-0.021058127113313285,0,0,True,both_stay
8359,0.505918701153385,0.587902807628252,0.08198410647486698,1,1,True,both_churn
146,0.02080285101516367,0.03326136480614042,0.01245851379097675,0,0,True,both_stay
2114,0.12025174596010772,0.12720211238428447,0.006950366424176749,0,0,True,both_stay
7119,0.13268277192038355,0.12486050194641239,-0.00782226997397116,0,0,True,both_stay
5415,0.06484304949594215,0.09547714434240683,0.030634094846464677,0,0,True,both_stay
5510,0.27897494107924325,0.27154101206504283,-0.007433929014200424,0,0,True,both_stay
5219,0.15071300462570023,0.18771179370933877,0.036998789083638545,0,0,True,both_stay
5953,0.13268277192038355,0.12486050194641239,-0.00782226997397116,0,0,True,both_stay
6722,0.12128201065300437,0.12116023679949366,-0.00012177385351071213,0,0,True,both_stay
1665,0.07445734352726478,0.08850271120268587,0.014045367675421083,0,0,True,both_stay
7014,0.03842996336462182,0.0447282084783945,0.00629824511377268,0,0,True,both_stay
5593,0.5739566312300939,0.5995056948530261,0.02554906362293219,1,1,True,both_churn
4388,0.058545644343799,0.06985545030906401,0.011309805965265013,0,0,True,both_stay
1711,0.03281707966926913,0.03506472017975378,0.0022476405104846497,0,0,True,both_stay
1662,0.2590950485227463,0.25079254806516393,-0.008302500457582351,0,0,True,both_stay
2641,0.11706292617299602,0.11599385932993038,-0.0010690668430656386,0,0,True,both_stay
8368,0.16403229163548336,0.12791896622708995,-0.036113325408393404,0,0,True,both_stay
5484,0.4904878460112086,0.47400914322794074,-0.01647870278326785,0,1,False,v2_stay_v3_churn
5852,0.15530462543128576,0.12455476908600377,-0.03074985634528199,0,0,True,both_stay
7429,0.3368496726457594,0.3792198674502385,0.04237019480447912,0,1,False,v2_stay_v3_churn
5984,0.06769725685997809,0.07524834189089145,0.007551085030913368,0,0,True,both_stay
5724,0.2945804778273186,0.2521202501238847,-0.042460227703433884,0,0,True,both_stay
786,0.01618594695729026,0.02936086803377155,0.01317492107648129,0,0,True,both_stay
3934,0.16020209632406923,0.1725344097261412,0.01233231340207197,0,0,True,both_stay
810,0.02763615859739728,0.04190400681892775,0.014267848221530474,0,0,True,both_stay
6671,0.22156300688201333,0.2524152395956186,0.030852232713605293,0,0,True,both_stay
5345,0.03969055795081677,0.036856695544953265,-0.002833862405863502,0,0,True,both_stay
7245,0.046770799322171264,0.049098654186057765,0.0023278548638865013,0,0,True,both_stay
3976,0.047363455237360644,0.03474501895408886,-0.012618436283271785,0,0,True,both_stay
1653,0.8001965951219487,0.6862811671155433,-0.11391542800640542,1,1,True,both_churn
3500,0.11947060824973837,0.1248024709551848,0.00533186270544643,0,0,True,both_stay
6885,0.06484304949594215,0.08968889428965676,0.024845844793714614,0,0,True,both_stay
8799,0.030900619117441425,0.03652928324633988,0.005628664128898456,0,0,True,both_stay
1355,0.21071635271190514,0.22473171094064717,0.01401535822874203,0,0,True,both_stay
9526,0.014908434359759271,0.02720430030575131,0.01229586594599204,0,0,True,both_stay
679,0.06226985231580789,0.05855000646921782,-0.0037198458465900683,0,0,True,both_stay
2907,0.04672052471237303,0.06025574402808187,0.013535219315708842,0,0,True,both_stay
7614,0.058599589554178516,0.05749903209249039,-0.0011005574616881272,0,0,True,both_stay
2934,0.11732785950121263,0.12720211238428447,0.009874252883071838,0,0,True,both_stay
7098,0.6041221936978796,0.624245650946924,0.020123457249044407,1,1,True,both_churn
3563,0.1502079685725876,0.24376653884776314,0.09355857027517553,0,0,True,both_stay
648,0.047433451801344596,0.04815018744342672,0.0007167356420821266,0,0,True,both_stay
9877,0.6840176785094332,0.599819168457011,-0.08419851005242218,1,1,True,both_churn
7083,0.05714187995917804,0.11897894374299907,0.06183706378382103,0,0,True,both_stay
2500,0.17245880400173869,0.0724039828736015,-0.10005482112813718,0,0,True,both_stay
8953,0.8825159490458546,0.8014275999064396,-0.08108834913941498,1,1,True,both_churn
1250,0.11947060824973837,0.1248024709551848,0.00533186270544643,0,0,True,both_stay
2636,0.0349586149249083,0.034502104781054165,-0.0004565101438541372,0,0,True,both_stay
1532,0.06049533936210089,0.10714464102991754,0.046649301667816646,0,0,True,both_stay
4558,0.06192670952091827,0.11023769859966874,0.04831098907875047,0,0,True,both_stay
6844,0.12025174596010772,0.12720211238428447,0.006950366424176749,0,0,True,both_stay
2307,0.23747921792635382,0.24297821884470552,0.005499000918351704,0,0,True,both_stay
8796,0.03800477208159516,0.03881446877057324,0.0008096966889780816,0,0,True,both_stay
9359,0.6657675314239214,0.4395412882419966,-0.2262262431819248,1,1,True,both_churn
9251,0.21071635271190514,0.22473171094064717,0.01401535822874203,0,0,True,both_stay
1661,0.07966825697309962,0.045802191552486764,-0.03386606542061286,0,0,True,both_stay
3318,0.08316386773402876,0.07636941666097548,-0.006794451073053279,0,0,True,both_stay
7454,0.09533144611196517,0.19910163919544488,0.1037701930834797,0,0,True,both_stay
2497,0.019265948658709307,0.02598323744315269,0.006717288784443384,0,0,True,both_stay
380,0.17651007879328018,0.25057517157790904,0.07406509278462886,0,0,True,both_stay
6836,0.07758137561010486,0.08535307226082499,0.007771696650720125,0,0,True,both_stay
7370,0.060348413204375735,0.057543885755195236,-0.0028045274491804995,0,0,True,both_stay
7760,0.03969055795081677,0.036856695544953265,-0.002833862405863502,0,0,True,both_stay
3460,0.060348413204375735,0.06808189690744564,0.0077334837030699,0,0,True,both_stay
402,0.2262575313154877,0.25711279799959613,0.03085526668410843,0,0,True,both_stay
4554,0.05979108462076889,0.0678075746545794,0.008016490033810511,0,0,True,both_stay
7102,0.058524208313656144,0.06694535912582524,0.008421150812169091,0,0,True,both_stay
3678,0.14022632385483655,0.11724096604103264,-0.02298535781380391,0,0,True,both_stay
3026,0.07011662977971035,0.07636941666097548,0.006252786881265127,0,0,True,both_stay
3549,0.9626977576280952,0.9342410903096834,-0.028456667318411788,1,1,True,both_churn
2722,0.11241333188804202,0.1232239251003411,0.010810593212299074,0,0,True,both_stay
3295,0.06162111653024857,0.0962107687108021,0.03458965218055353,0,0,True,both_stay
3742,0.060821792439862306,0.0678075746545794,0.006985782214717094,0,0,True,both_stay
8,0.1263355525980834,0.11888154109981579,-0.007454011498267618,0,0,True,both_stay
3653,0.4377468690175237,0.5138910476513222,0.07614417863379852,0,1,False,v2_stay_v3_churn
8242,0.6102397249087267,0.6228133320368442,0.012573607128117503,1,1,True,both_churn
8974,0.11638003991080895,0.11712659687600709,0.0007465569651981391,0,0,True,both_stay
6524,0.8893485811463973,0.7072553589838738,-0.18209322216252344,1,1,True,both_churn
2122,0.11241333188804202,0.1232239251003411,0.010810593212299074,0,0,True,both_stay
5360,0.02763615859739728,0.04190400681892775,0.014267848221530474,0,0,True,both_stay
1297,0.027617550716757974,0.036678788052279684,0.009061237335521711,0,0,True,both_stay
1422,0.22576756254311878,0.2525065077391881,0.026738945196069314,0,0,True,both_stay
5076,0.058599589554178516,0.05749903209249039,-0.0011005574616881272,0,0,True,both_stay
9540,0.989692380443082,0.98453049300826,-0.005161887434822043,1,1,True,both_churn
9094,0.12045684220529575,0.12500735775334834,0.004550515548052594,0,0,True,both_stay
2145,0.03674533145591203,0.03652928324633988,-0.00021604820957214776,0,0,True,both_stay
4136,0.9635987161556028,0.9181997136087636,-0.04539900254683915,1,1,True,both_churn
482,0.6355520249112991,0.7730666049207183,0.13751458000941919,1,1,True,both_churn
4557,0.10143510936791823,0.057501104235142354,-0.04393400513277588,0,0,True,both_stay
7684,0.2580014686752561,0.24950185787505896,-0.008499610800197122,0,0,True,both_stay
123,0.5462106422862145,0.6026091445133397,0.05639850222712517,1,1,True,both_churn
9912,0.16133400337932813,0.1283929421144143,-0.032941061264913835,0,0,True,both_stay
2604,0.07337916575907405,0.10950656736966628,0.03612740161059223,0,0,True,both_stay
7137,0.06586127747244772,0.11494960697092634,0.04908832949847862,0,0,True,both_stay
5677,0.11241333188804202,0.1232239251003411,0.010810593212299074,0,0,True,both_stay
9563,0.056535110991684,0.033637890262085544,-0.022897220729598454,0,0,True,both_stay
7496,0.6570310848778109,0.6107084844046429,-0.04632260047316805,1,1,True,both_churn
4453,0.12025174596010772,0.12720211238428447,0.006950366424176749,0,0,True,both_stay
8694,0.2371025926581567,0.2445380532655491,0.007435460607392391,0,0,True,both_stay
3087,0.046770799322171264,0.049098654186057765,0.0023278548638865013,0,0,True,both_stay
4216,0.8356736721563562,0.6471179740578309,-0.18855569809852535,1,1,True,both_churn
7539,0.3316822188522505,0.2774711761841881,-0.054211042668062426,0,0,True,both_stay
5637,0.02080285101516367,0.03326136480614042,0.01245851379097675,0,0,True,both_stay
2989,0.5350257435253731,0.4805019210319698,-0.05452382249340332,1,1,True,both_churn
2103,0.5358121601861232,0.5735014249405208,0.0376892647543976,1,1,True,both_churn
3396,0.05606220165015899,0.09139926275489518,0.035337061104736195,0,0,True,both_stay
3437,0.14145802604620167,0.12661318738982077,-0.014844838656380893,0,0,True,both_stay
7317,0.44613495328663505,0.5575740562708126,0.11143910298417753,0,1,False,v2_stay_v3_churn
4933,0.02095633139432192,0.03245570446998055,0.011499373075658629,0,0,True,both_stay
7807,0.1254730351196849,0.12827641732505865,0.002803382205373739,0,0,True,both_stay
4157,0.1838585689368207,0.21916464070336636,0.035306071766545655,0,0,True,both_stay
2427,0.6029000165317886,0.6153183413948523,0.012418324863063712,1,1,True,both_churn
201,0.28601500211658343,0.27641917733300914,-0.009595824783574292,0,0,True,both_stay
8809,0.060348413204375735,0.05894587706648078,-0.0014025361378949552,0,0,True,both_stay
4669,0.675580344998216,0.6223937558908773,-0.053186589107338644,1,1,True,both_churn
148,0.5941141708507058,0.4513393829636101,-0.14277478788709574,1,1,True,both_churn
7142,0.17970532834718583,0.19686108808009742,0.017155759732911585,0,0,True,both_stay
9774,0.07445734352726478,0.08850271120268587,0.014045367675421083,0,0,True,both_stay
2792,0.11305855813128855,0.16076267251820933,0.04770411438692078,0,0,True,both_stay
9182,0.21307896167003937,0.11638804365164851,-0.09669091801839086,0,0,True,both_stay
7206,0.5641936151835935,0.5612764349153637,-0.0029171802682297354,1,1,True,both_churn
636,0.03255465310433204,0.035123167833052936,0.002568514728720897,0,0,True,both_stay
9153,0.8680874632602759,0.7374754805927602,-0.1306119826675156,1,1,True,both_churn
1620,0.11638003991080895,0.11712659687600709,0.0007465569651981391,0,0,True,both_stay
6441,0.5350257435253731,0.4805019210319698,-0.05452382249340332,1,1,True,both_churn
2415,0.1421473548886631,0.1261410545286992,-0.016006300359963893,0,0,True,both_stay
5069,0.035515555892097365,0.03326136480614042,-0.0022541910859569456,0,0,True,both_stay
6548,0.05267281486196312,0.058671554813614545,0.005998739951651427,0,0,True,both_stay
2867,0.06484304949594215,0.08968889428965676,0.024845844793714614,0,0,True,both_stay
5495,0.02763615859739728,0.04190400681892775,0.014267848221530474,0,0,True,both_stay
7951,0.11075111391547213,0.09338057483108747,-0.017370539084384656,0,0,True,both_stay
6240,0.06484304949594215,0.08968889428965676,0.024845844793714614,0,0,True,both_stay
4420,0.053729367813180405,0.04350667926359783,-0.010222688549582575,0,0,True,both_stay
5255,0.21244205279544276,0.22078221009126123,0.008340157295818468,0,0,True,both_stay
896,0.02985697808463058,0.04190400681892775,0.012047028734297173,0,0,True,both_stay
8847,0.060261831279635136,0.08270414937995096,0.022442318100315828,0,0,True,both_stay
6655,0.3418090206555261,0.40301893631697633,0.06120991566145023,0,1,False,v2_stay_v3_churn
1997,0.03058113567429632,0.035123167833052936,0.004542032158756617,0,0,True,both_stay
4701,0.027840579565346732,0.03221008055578466,0.0043695009904379314,0,0,True,both_stay
883,0.5291895969263742,0.4726730653307582,-0.05651653159561604,1,1,True,both_churn
7770,0.12862067362624405,0.12042917662385937,-0.008191497002384682,0,0,True,both_stay
215,0.5047766218622218,0.5419736977597159,0.0371970758974941,1,1,True,both_churn
1868,0.054740288864856164,0.046756268062713484,-0.00798402080214268,0,0,True,both_stay
5886,0.2945804778273186,0.2521202501238847,-0.042460227703433884,0,0,True,both_stay
5998,0.15821106741242918,0.06824503185933602,-0.08996603555309317,0,0,True,both_stay
1162,0.10345488316361348,0.11859632089745549,0.015141437733842009,0,0,True,both_stay
3704,0.0369047298355099,0.035443357142151244,-0.0014613726933586577,0,0,True,both_stay
1983,0.07105626304329818,0.07577579404708583,0.00471953100378765,0,0,True,both_stay
2591,0.176096918073298,0.1894609275072169,0.01336400943391891,0,0,True,both_stay
3786,0.05978941251289117,0.07701624589892124,0.017226833386030073,0,0,True,both_stay
9937,0.07954485924408716,0.08535307226082499,0.005808213016737826,0,0,True,both_stay
3262,0.5364760983388507,0.598649299624942,0.06217320128609127,1,1,True,both_churn
3639,0.44938811251829097,0.5859055511787151,0.13651743866042415,0,1,False,v2_stay_v3_churn
5763,0.03774196048520651,0.036348663899005554,-0.001393296586200958,0,0,True,both_stay
1679,0.2880560573623857,0.2796700615627891,-0.00838599579959659,0,0,True,both_stay
2947,0.17328520399077255,0.1559681898277924,-0.01731701416298015,0,0,True,both_stay
5182,0.13930624210210646,0.13748268332951755,-0.0018235587725889124,0,0,True,both_stay
8947,0.4628844943148262,0.38217105435780535,-0.08071343995702085,0,1,False,v2_stay_v3_churn
3183,0.1159243848167253,0.11283457421718768,-0.0030898105995376263,0,0,True,both_stay
493,0.5118810506602727,0.5442133121852792,0.03233226152500657,1,1,True,both_churn
9597,0.03901623899456061,0.03221008055578466,-0.006806158438775946,0,0,True,both_stay
4243,0.12980561944883942,0.13145723129617773,0.001651611847338308,0,0,True,both_stay
1075,0.03774196048520651,0.036348663899005554,-0.001393296586200958,0,0,True,both_stay
4778,0.11305855813128855,0.16076267251820933,0.04770411438692078,0,0,True,both_stay
7411,0.12997917125471573,0.12185177583644635,-0.008127395418269373,0,0,True,both_stay
9849,0.03969055795081677,0.036856695544953265,-0.002833862405863502,0,0,True,both_stay
4250,0.17457269815223608,0.18851259519622018,0.0139398970439841,0,0,True,both_stay
8618,0.08089989236441067,0.07493912582857652,-0.005960766535834147,0,0,True,both_stay
1207,0.1396961430689565,0.11904103225992536,-0.020655110809031138,0,0,True,both_stay
6656,0.05101255340933686,0.04719191617390667,-0.003820637235430191,0,0,True,both_stay
1624,0.025786223123487346,0.03083643106867651,0.005050207945189164,0,0,True,both_stay
5236,0.0330877424245932,0.03375654168595593,0.0006687992613627347,0,0,True,both_stay
2512,0.7089024785379962,0.6477018886213631,-0.06120058991663302,1,1,True,both_churn
4685,0.2880560573623857,0.2796700615627891,-0.00838599579959659,0,0,True,both_stay
6382,0.042521092745810084,0.039913295451458615,-0.002607797294351469,0,0,True,both_stay
5249,0.5941141708507058,0.4513393829636101,-0.14277478788709574,1,1,True,both_churn
9797,0.060261831279635136,0.08270414937995096,0.022442318100315828,0,0,True,both_stay
8769,0.13268277192038355,0.12486050194641239,-0.00782226997397116,0,0,True,both_stay
6133,0.03674533145591203,0.03652928324633988,-0.00021604820957214776,0,0,True,both_stay
9456,0.21071635271190514,0.22473171094064717,0.01401535822874203,0,0,True,both_stay
748,0.176096918073298,0.1894609275072169,0.01336400943391891,0,0,True,both_stay
6402,0.14760037273575913,0.15645009686521444,0.00884972412945531,0,0,True,both_stay
4285,0.2945804778273186,0.2521202501238847,-0.042460227703433884,0,0,True,both_stay
4235,0.13968880535364206,0.1187566463879195,-0.020932158965722564,0,0,True,both_stay
7561,0.06769725685997809,0.07524834189089145,0.007551085030913368,0,0,True,both_stay
9560,0.40854582169826903,0.7617323805231422,0.35318655882487315,0,1,False,v2_stay_v3_churn
2602,0.15821106741242918,0.06824503185933602,-0.08996603555309317,0,0,True,both_stay
2225,0.06226985231580789,0.05855000646921782,-0.0037198458465900683,0,0,True,both_stay
9918,0.0485778684353105,0.10264922450866458,0.05407135607335408,0,0,True,both_stay
4798,0.08089989236441067,0.07493912582857652,-0.005960766535834147,0,0,True,both_stay
9981,0.2572487665266814,0.2756834684232798,0.018434701896598404,0,0,True,both_stay
5097,0.019669279978573706,0.026340142472253747,0.006670862493680041,0,0,True,both_stay
9704,0.058629367492024825,0.03369171223135597,-0.024937655260668858,0,0,True,both_stay
3513,0.06769378127773924,0.12444172948941608,0.056747948211676835,0,0,True,both_stay
4873,0.058599589554178516,0.05749903209249039,-0.0011005574616881272,0,0,True,both_stay
7293,0.13410974201907333,0.1311228935761047,-0.0029868484429686204,0,0,True,both_stay
7543,0.11638003991080895,0.11712659687600709,0.0007465569651981391,0,0,True,both_stay
2611,0.2572487665266814,0.2756834684232798,0.018434701896598404,0,0,True,both_stay
4176,0.19450120660742545,0.22473171094064717,0.03023050433322172,0,0,True,both_stay
6134,0.025180988709280202,0.03184007717390741,0.006659088464627209,0,0,True,both_stay
8427,0.11075111391547213,0.09338057483108747,-0.017370539084384656,0,0,True,both_stay
8013,0.13930624210210646,0.13077820310624785,-0.008528038995858606,0,0,True,both_stay
5240,0.09768381019392984,0.09324196192719414,-0.004441848266735701,0,0,True,both_stay
5082,0.5808698633225607,0.7617323805231422,0.18086251720058144,1,1,True,both_churn
6705,0.03499977151092577,0.036678788052279684,0.0016790165413539115,0,0,True,both_stay
5047,0.03478808053288073,0.033409343295041895,-0.0013787372378388368,0,0,True,both_stay
1349,0.3413752612000715,0.37998867503252143,0.03861341383244993,0,1,False,v2_stay_v3_churn
2409,0.05932306106718743,0.057219215074014416,-0.002103845993173016,0,0,True,both_stay
1865,0.028887849362423116,0.03590778244403981,0.007019933081616695,0,0,True,both_stay
6219,0.1861079866972888,0.17448555065892113,-0.011622436038367684,0,0,True,both_stay
4910,0.03429378413608595,0.046756268062713484,0.012462483926627535,0,0,True,both_stay
5536,0.1394422651743433,0.16185121250384502,0.022408947329501716,0,0,True,both_stay
7030,0.12025174596010772,0.12720211238428447,0.006950366424176749,0,0,True,both_stay
7927,0.07018297068511033,0.09789140349841186,0.02770843281330153,0,0,True,both_stay
9231,0.2506518384471821,0.2266913943426495,-0.023960444104532574,0,0,True,both_stay
2321,0.16182620929573252,0.16248988110450105,0.0006636718087685289,0,0,True,both_stay
3890,0.02437287320419297,0.035170880463260334,0.010798007259067363,0,0,True,both_stay
243,0.10534554924706512,0.22042279793642364,0.11507724868935852,0,0,True,both_stay
8723,0.6852707647917651,0.6103773492773349,-0.07489341551443018,1,1,True,both_churn
2677,0.2506518384471821,0.2266913943426495,-0.023960444104532574,0,0,True,both_stay
555,0.9684620381525457,0.9459286001697468,-0.022533437982798943,1,1,True,both_churn
1100,0.20391833316983782,0.22648084473852534,0.02256251156868752,0,0,True,both_stay
4784,0.5688719118265289,0.6101348323783514,0.04126292055182257,1,1,True,both_churn
4478,0.03694504702285242,0.03558661402165747,-0.001358433001194953,0,0,True,both_stay
1655,0.5854574776574955,0.561631399982304,-0.023826077675191404,1,1,True,both_churn
8994,0.1225138873175099,0.11326525776793951,-0.009248629549570384,0,0,True,both_stay
2618,0.01618594695729026,0.0311949603247073,0.01500901336741704,0,0,True,both_stay
6984,0.35078282966225116,0.399815271243231,0.04903244158097986,0,1,False,v2_stay_v3_churn
97,0.02080285101516367,0.03326136480614042,0.01245851379097675,0,0,True,both_stay
3344,0.038479345414914295,0.035170880463260334,-0.003308464951653961,0,0,True,both_stay
4439,0.0832730478209084,0.11657472592303335,0.03330167810212495,0,0,True,both_stay
4085,0.12257467721081872,0.12800071585562034,0.005426038644801623,0,0,True,both_stay
2498,0.06949956962557091,0.05749903209249039,-0.012000537533080523,0,0,True,both_stay
8450,0.13550336756990852,0.11888154109981579,-0.016621826470092735,0,0,True,both_stay
3314,0.3225918814380461,0.19877090087214958,-0.12382098056589655,0,0,True,both_stay
3856,0.12045684220529575,0.12500735775334834,0.004550515548052594,0,0,True,both_stay
293,0.12698209594914697,0.12945930777130263,0.002477211822155656,0,0,True,both_stay
3574,0.12767203075190872,0.1268910947338491,-0.0007809360180596192,0,0,True,both_stay
1923,0.15998002978725065,0.1602697311296331,0.00028970134238245904,0,0,True,both_stay
4393,0.060348413204375735,0.058671554813614545,-0.0016768583907611906,0,0,True,both_stay
7205,0.035515555892097365,0.03326136480614042,-0.0022541910859569456,0,0,True,both_stay
6489,0.028117935866030785,0.03673698164992828,0.008619045783897494,0,0,True,both_stay
7822,0.13365360456629963,0.25303773077329267,0.11938412620699304,0,0,True,both_stay
1235,0.36593744907165343,0.47504063844856087,0.10910318937690744,0,1,False,v2_stay_v3_churn
3562,0.12698209594914697,0.12945930777130263,0.002477211822155656,0,0,True,both_stay
5429,0.2119702853308295,0.23810594154540385,0.026135656214574338,0,0,True,both_stay
809,0.17457269815223608,0.17334148772015298,-0.0012312104320831019,0,0,True,both_stay
6300,0.24311894457802125,0.24823569859123162,0.005116754013210378,0,0,True,both_stay
516,0.9852215359239723,0.9481337452923491,-0.03708779063162326,1,1,True,both_churn
1339,0.365506161273391,0.483025063188047,0.11751890191465603,0,1,False,v2_stay_v3_churn
1483,0.035563839388845414,0.05005409352115021,0.014490254132304793,0,0,True,both_stay
9318,0.2996930402257617,0.21500706382571377,-0.08468597640004794,0,0,True,both_stay
3427,0.22576756254311878,0.2525065077391881,0.026738945196069314,0,0,True,both_stay
7278,0.03674533145591203,0.03652928324633988,-0.00021604820957214776,0,0,True,both_stay
9633,0.1421473548886631,0.12486050194641239,-0.0172868529422507,0,0,True,both_stay
1545,0.35112458180714584,0.27500438474367356,-0.07612019706347228,0,0,True,both_stay
41,0.644025452787232,0.6103773492773349,-0.03364810350989711,1,1,True,both_churn
6893,0.24518261368430708,0.26102835694497944,0.015845743260672368,0,0,True,both_stay
2860,0.5218948591606529,0.4709145415971204,-0.05098031756353255,1,1,True,both_churn
4384,0.0971706928438366,0.07028469638713414,-0.026885996456702463,0,0,True,both_stay
8999,0.06037450274126448,0.058671554813614545,-0.0017029479276499324,0,0,True,both_stay
6416,0.12609978800920812,0.11646736117057425,-0.00963242683863387,0,0,True,both_stay
3643,0.49367579940989986,0.47173318481801046,-0.021942614591889398,0,1,False,v2_stay_v3_churn
7252,0.2590950485227463,0.25079254806516393,-0.008302500457582351,0,0,True,both_stay
8764,0.21153460905112847,0.24264954781606732,0.031114938764938843,0,0,True,both_stay
6042,0.07018297068511033,0.09789140349841186,0.02770843281330153,0,0,True,both_stay
5548,0.05932306106718743,0.05808439365528013,-0.0012386674119073057,0,0,True,both_stay
6751,0.6584696466958734,0.6363606910192505,-0.022108955676622855,1,1,True,both_churn
6057,0.12767203075190872,0.12476590054786234,-0.0029061302040463838,0,0,True,both_stay
623,0.0387624067598077,0.047152457215385996,0.008390050455578293,0,0,True,both_stay
8904,0.2659924971049028,0.24953557204365648,-0.016456925061246325,0,0,True,both_stay
144,0.14218776551634985,0.12929537456090198,-0.012892390955447863,0,0,True,both_stay
2078,0.17970532834718583,0.19686108808009742,0.017155759732911585,0,0,True,both_stay
5370,0.08089989236441067,0.07493912582857652,-0.005960766535834147,0,0,True,both_stay
9830,0.1421473548886631,0.1261410545286992,-0.016006300359963893,0,0,True,both_stay
4237,0.10246404021903605,0.11859632089745549,0.016132280678419444,0,0,True,both_stay
1939,0.15873292162334926,0.17334148772015298,0.014608566096803721,0,0,True,both_stay
5273,0.11241333188804202,0.1232239251003411,0.010810593212299074,0,0,True,both_stay
6373,0.0815393869395281,0.11018154602383191,0.028642159084303814,0,0,True,both_stay
4376,0.027617550716757974,0.036678788052279684,0.009061237335521711,0,0,True,both_stay
8928,0.01618594695729026,0.0311949603247073,0.01500901336741704,0,0,True,both_stay
9281,0.14145802604620167,0.13193491053524362,-0.009523115510958052,0,0,True,both_stay
5178,0.047363455237360644,0.03474501895408886,-0.012618436283271785,0,0,True,both_stay
1546,0.61337363095076,0.6286043865428615,0.01523075559210152,1,1,True,both_churn
138,0.6319403837808981,0.6150791781722019,-0.016861205608696195,1,1,True,both_churn
9142,0.030694152308896834,0.04190400681892775,0.011209854510030919,0,0,True,both_stay
2577,0.06938163935310944,0.11859632089745549,0.04921468154434605,0,0,True,both_stay
6868,0.060348413204375735,0.0679590098523875,0.0076105966480117596,0,0,True,both_stay
4178,0.033593457938140336,0.034233550164243114,0.0006400922261027772,0,0,True,both_stay
2783,0.03819887304489268,0.036856695544953265,-0.0013421774999394162,0,0,True,both_stay
4668,0.13268277192038355,0.12486050194641239,-0.00782226997397116,0,0,True,both_stay
7239,0.44475394082970937,0.4676465878992639,0.022892647069554517,0,1,False,v2_stay_v3_churn
5477,0.03204491781073018,0.037236840338354234,0.005191922527624057,0,0,True,both_stay
2616,0.030694152308896834,0.04190400681892775,0.011209854510030919,0,0,True,both_stay
4680,0.6372737117341329,0.6146596020262352,-0.02261410970789779,1,1,True,both_churn
9091,0.2731850415732421,0.25079254806516393,-0.02239249350807815,0,0,True,both_stay
6116,0.019604435813706383,0.08901556259817951,0.06941112678447313,0,0,True,both_stay
6917,0.2502187224920951,0.24845192853519268,-0.0017667939569024071,0,0,True,both_stay
3480,0.11861472820336422,0.11961304246464351,0.00099831426127929,0,0,True,both_stay
4900,0.24024880323985012,0.24712422647647184,0.006875423236621714,0,0,True,both_stay
3101,0.11241333188804202,0.1232239251003411,0.010810593212299074,0,0,True,both_stay
2978,0.23005896690182454,0.15162632655015582,-0.07843264035166872,0,0,True,both_stay
3765,0.07882323318469908,0.11075470252992037,0.031931469345221286,0,0,True,both_stay
7029,0.7166578161233655,0.6376451970632441,-0.07901261906012147,1,1,True,both_churn
3920,0.3413752612000715,0.37998867503252143,0.03861341383244993,0,1,False,v2_stay_v3_churn
5080,0.01782562581364784,0.03208585412398902,0.014260228310341176,0,0,True,both_stay
619,0.06949956962557091,0.05749903209249039,-0.012000537533080523,0,0,True,both_stay
9498,0.6144611338176941,0.6187976570609083,0.004336523243214208,1,1,True,both_churn
71,0.13968880535364206,0.1187566463879195,-0.020932158965722564,0,0,True,both_stay
5437,0.13968880535364206,0.1187566463879195,-0.020932158965722564,0,0,True,both_stay
964,0.3406389965400243,0.3808886752903473,0.04024967875032304,0,1,False,v2_stay_v3_churn
2620,0.053729367813180405,0.04350667926359783,-0.010222688549582575,0,0,True,both_stay
2216,0.6049275779672927,0.5517802863765039,-0.05314729159078879,1,1,True,both_churn
7640,0.13410974201907333,0.1311228935761047,-0.0029868484429686204,0,0,True,both_stay
776,0.6202825219742848,0.5647650244877208,-0.05551749748656398,1,1,True,both_churn
6153,0.03346783975191497,0.03694450472414656,0.003476664972231591,0,0,True,both_stay
6275,0.02437287320419297,0.035170880463260334,0.010798007259067363,0,0,True,both_stay
1206,0.030589208248431234,0.03566010407604743,0.005070895827616197,0,0,True,both_stay
968,0.17481093452920116,0.17385813222905955,-0.0009528023001416086,0,0,True,both_stay
6965,0.03281707966926913,0.03506472017975378,0.0022476405104846497,0,0,True,both_stay
7050,0.03487594192563999,0.034369672211515205,-0.0005062697141247838,0,0,True,both_stay
4769,0.0485778684353105,0.10264922450866458,0.05407135607335408,0,0,True,both_stay
7207,0.039148187444998726,0.03457620890304378,-0.004571978541954944,0,0,True,both_stay
3756,0.03346783975191497,0.03694450472414656,0.003476664972231591,0,0,True,both_stay
7502,0.05714187995917804,0.11897894374299907,0.06183706378382103,0,0,True,both_stay
3964,0.17286958264965074,0.17345970749731357,0.0005901248476628262,0,0,True,both_stay
6732,0.063692217589515,0.05749903209249039,-0.006193185497024613,0,0,True,both_stay
6056,0.023740912097230733,0.032324844736221874,0.00858393263899114,0,0,True,both_stay
486,0.058599589554178516,0.05749903209249039,-0.0011005574616881272,0,0,True,both_stay
2161,0.1421473548886631,0.1261410545286992,-0.016006300359963893,0,0,True,both_stay
2731,0.024552936945527758,0.035170880463260334,0.010617943517732577,0,0,True,both_stay
9614,0.060348413204375735,0.057543885755195236,-0.0028045274491804995,0,0,True,both_stay
2346,0.5625029997011433,0.4847853598979912,-0.07771763980315205,1,1,True,both_churn
4188,0.23072546117729323,0.2149311141326901,-0.01579434704460314,0,0,True,both_stay
2513,0.18253718174293135,0.0921793246883928,-0.09035785705453855,0,0,True,both_stay
592,0.12698209594914697,0.12945930777130263,0.002477211822155656,0,0,True,both_stay
9577,0.7242576463442819,0.6377536219847303,-0.08650402435955162,1,1,True,both_churn
9731,0.14350878588182198,0.1187566463879195,-0.02475213949390248,0,0,True,both_stay
8443,0.13381288368168762,0.1179910554703813,-0.015821828211306316,0,0,True,both_stay
7451,0.019669279978573706,0.026340142472253747,0.006670862493680041,0,0,True,both_stay
7390,0.06782548422651302,0.09600568595278759,0.02818020172627457,0,0,True,both_stay
6951,0.2685935262849687,0.27500438474367356,0.006410858458704871,0,0,True,both_stay
730,0.11267812852276704,0.11742081711556555,0.0047426885927985135,0,0,True,both_stay
6146,0.029114347998997394,0.03574811411845083,0.006633766119453436,0,0,True,both_stay
4833,0.05714187995917804,0.11897894374299907,0.06183706378382103,0,0,True,both_stay
7566,0.1565340075306468,0.15607844720726496,-0.0004555603233818428,0,0,True,both_stay
8580,0.1421473548886631,0.12486050194641239,-0.0172868529422507,0,0,True,both_stay
3289,0.024012743427653378,0.032136884620708205,0.008124141193054827,0,0,True,both_stay
3593,0.21663349058746892,0.5647650244877208,0.34813153390025187,0,1,False,v2_stay_v3_churn
9305,0.060348413204375735,0.06808189690744564,0.0077334837030699,0,0,True,both_stay
1955,0.9703555041681168,0.9377087793240856,-0.032646724844031194,1,1,True,both_churn
1797,0.36319481951190286,0.4047181827720234,0.04152336326012057,0,1,False,v2_stay_v3_churn
6348,0.03178867964634167,0.03404229868491377,0.0022536190385721022,0,0,True,both_stay
7068,0.7703280634599856,0.6382125860752971,-0.13211547738468854,1,1,True,both_churn
950,0.1799887593193804,0.2348361122103264,0.054847352890946,0,0,True,both_stay
1076,0.05588807639120218,0.0678075746545794,0.011919498263377223,0,0,True,both_stay
4357,0.054740288864856164,0.046756268062713484,-0.00798402080214268,0,0,True,both_stay
6694,0.16046526615449572,0.17334148772015298,0.012876221565657264,0,0,True,both_stay
362,0.6573249381865219,0.6103773492773349,-0.046947588909187044,1,1,True,both_churn
709,0.026487918772938303,0.03574811411845083,0.009260195345512527,0,0,True,both_stay
5092,0.0971706928438366,0.08260775644652583,-0.014562936397310766,0,0,True,both_stay
2051,0.05693457116446061,0.059659036128046426,0.002724464963585818,0,0,True,both_stay
8869,0.07018822261213534,0.09097674464968929,0.02078852203755395,0,0,True,both_stay
6426,0.5218948591606529,0.4709145415971204,-0.05098031756353255,1,1,True,both_churn
6119,0.03255465310433204,0.035123167833052936,0.002568514728720897,0,0,True,both_stay
8065,0.6372737117341329,0.6146596020262352,-0.02261410970789779,1,1,True,both_churn
3535,0.17457269815223608,0.1740263994601643,-0.0005462986920717894,0,0,True,both_stay
8955,0.715443255140938,0.624245650946924,-0.09119760419401401,1,1,True,both_churn
2959,0.043674270621968964,0.1036932017390383,0.06001893111706934,0,0,True,both_stay
9841,0.16020209632406923,0.1725344097261412,0.01233231340207197,0,0,True,both_stay
2574,0.17651007879328018,0.2526918014738039,0.0761817226805237,0,0,True,both_stay
2644,0.12980561944883942,0.13145723129617773,0.001651611847338308,0,0,True,both_stay
2887,0.06484304949594215,0.08968889428965676,0.024845844793714614,0,0,True,both_stay
4616,0.17481093452920116,0.17385813222905955,-0.0009528023001416086,0,0,True,both_stay
9458,0.054740288864856164,0.046756268062713484,-0.00798402080214268,0,0,True,both_stay
9248,0.03969055795081677,0.036856695544953265,-0.002833862405863502,0,0,True,both_stay
3599,0.06567054909308226,0.07493912582857652,0.009268576735494263,0,0,True,both_stay
4151,0.3402466608213951,0.40301893631697633,0.06277227549558123,0,1,False,v2_stay_v3_churn
2634,0.2575528725748038,0.27972358567070676,0.02217071309590296,0,0,True,both_stay
9282,0.06192670952091827,0.11023769859966874,0.04831098907875047,0,0,True,both_stay
6741,0.5941141708507058,0.4513393829636101,-0.14277478788709574,1,1,True,both_churn
3327,0.07269151643657014,0.0766786327232904,0.0039871162867202575,0,0,True,both_stay
7790,0.15530462543128576,0.12455476908600377,-0.03074985634528199,0,0,True,both_stay
2081,0.11241333188804202,0.1232239251003411,0.010810593212299074,0,0,True,both_stay
7762,0.03204491781073018,0.037236840338354234,0.005191922527624057,0,0,True,both_stay
1751,0.14350878588182198,0.1187566463879195,-0.02475213949390248,0,0,True,both_stay
8991,0.2880560573623857,0.2796700615627891,-0.00838599579959659,0,0,True,both_stay
9715,0.0369047298355099,0.035443357142151244,-0.0014613726933586577,0,0,True,both_stay
5225,0.060742901985205947,0.14394736218104232,0.08320446019583637,0,0,True,both_stay
6744,0.039148187444998726,0.03457620890304378,-0.004571978541954944,0,0,True,both_stay
3172,0.06049533936210089,0.10714464102991754,0.046649301667816646,0,0,True,both_stay
8228,0.6868008758455432,0.31361589255599037,-0.3731849832895528,1,0,False,v2_churn_v3_stay
6702,0.058599589554178516,0.05749903209249039,-0.0011005574616881272,0,0,True,both_stay
9543,0.16960749566116956,0.15254133619847046,-0.0170661594626991,0,0,True,both_stay
7038,0.07966825697309962,0.046904454338927835,-0.032763802634171786,0,0,True,both_stay
5034,0.0330877424245932,0.03375654168595593,0.0006687992613627347,0,0,True,both_stay
5818,0.03969055795081677,0.036856695544953265,-0.002833862405863502,0,0,True,both_stay
7601,0.11241333188804202,0.12523058974543275,0.012817257857390726,0,0,True,both_stay
8691,0.060348413204375735,0.0679590098523875,0.0076105966480117596,0,0,True,both_stay
5702,0.04781067932984601,0.046756268062713484,-0.0010544112671325295,0,0,True,both_stay
9455,0.3181221750447433,0.2729737473197664,-0.0451484277249769,0,0,True,both_stay
2948,0.01618594695729026,0.0311949603247073,0.01500901336741704,0,0,True,both_stay
8405,0.07707647613421842,0.07623238335507847,-0.0008440927791399516,0,0,True,both_stay
3716,0.09597570292513682,0.10050229614904514,0.004526593223908318,0,0,True,both_stay
4389,0.09771800132950688,0.1187566463879195,0.021038645058412617,0,0,True,both_stay
5968,0.06484304949594215,0.09547714434240683,0.030634094846464677,0,0,True,both_stay
2798,0.11706292617299602,0.11599385932993038,-0.0010690668430656386,0,0,True,both_stay
7799,0.1569634371058523,0.16390943981154174,0.00694600270568943,0,0,True,both_stay
5013,0.2665158728090256,0.2519040201799237,-0.014611852629101918,0,0,True,both_stay
6088,0.031084519729471592,0.03454549180488611,0.0034609720754145146,0,0,True,both_stay
3871,0.0832730478209084,0.11657472592303335,0.03330167810212495,0,0,True,both_stay
1106,0.05932306106718743,0.05808439365528013,-0.0012386674119073057,0,0,True,both_stay
4047,0.05628486542905428,0.10071081287420042,0.044425947445146136,0,0,True,both_stay
3229,0.26491306037214224,0.29704718096210464,0.0321341205899624,0,0,True,both_stay
1086,0.7214882870153488,0.7255162755358663,0.004027988520517445,1,1,True,both_churn
651,0.660971141384215,0.6157919226833087,-0.04517921870090624,1,1,True,both_churn
7500,0.24389651475933458,0.2088770671078152,-0.035019447651519375,0,0,True,both_stay
526,0.09870719222912222,0.11154392478276741,0.012836732553645189,0,0,True,both_stay
4509,0.23005896690182454,0.15162632655015582,-0.07843264035166872,0,0,True,both_stay
8500,0.176096918073298,0.17483854048556846,-0.0012583775877295367,0,0,True,both_stay
1658,0.44433370656684656,0.40600056183948147,-0.0383331447273651,0,1,False,v2_stay_v3_churn
7424,0.1906353898249263,0.1894681030578134,-0.0011672867671129183,0,0,True,both_stay
4805,0.2580014686752561,0.24950185787505896,-0.008499610800197122,0,0,True,both_stay
4530,0.15418286100096368,0.11283457421718768,-0.041348286783776,0,0,True,both_stay
5960,0.5364760983388507,0.598649299624942,0.06217320128609127,1,1,True,both_churn
5118,0.2665158728090256,0.2519040201799237,-0.014611852629101918,0,0,True,both_stay
2747,0.02763615859739728,0.04190400681892775,0.014267848221530474,0,0,True,both_stay
575,0.028328471202704604,0.033409343295041895,0.005080872092337291,0,0,True,both_stay
970,0.5462106422862145,0.6026091445133397,0.05639850222712517,1,1,True,both_churn
600,0.9733161394186048,0.9150084954441006,-0.058307643974504275,1,1,True,both_churn
1906,0.039148187444998726,0.03489555010359905,-0.004252637341399676,0,0,True,both_stay
4960,0.17077812001347872,0.09465356270444603,-0.0761245573090327,0,0,True,both_stay
6959,0.4836440061860903,0.48384440751363816,0.0002004013275478389,0,1,False,v2_stay_v3_churn
778,0.029155117232786496,0.03490913315512755,0.0057540159223410554,0,0,True,both_stay
8290,0.17286958264965074,0.17345970749731357,0.0005901248476628262,0,0,True,both_stay
8857,0.047433451801344596,0.04857549374098752,0.0011420419396429224,0,0,True,both_stay
8029,0.6979105017759314,0.6184427544615266,-0.07946774731440476,1,1,True,both_churn
9958,0.17457269815223608,0.17334148772015298,-0.0012312104320831019,0,0,True,both_stay
3419,0.03901623899456061,0.03221008055578466,-0.006806158438775946,0,0,True,both_stay
759,0.4320535519024106,0.5575740562708126,0.12552050436840195,0,1,False,v2_stay_v3_churn
2303,0.5642864782940036,0.5017874824434776,-0.062498995850525985,1,1,True,both_churn
9711,0.26059476294192413,0.24712422647647184,-0.013470536465452293,0,0,True,both_stay
880,0.5607579795153648,0.5377880907597833,-0.02296988875558148,1,1,True,both_churn
2177,0.023569369278009705,0.03819891762287355,0.014629548344863845,0,0,True,both_stay
9367,0.27469817154401166,0.25079254806516393,-0.023905623478847726,0,0,True,both_stay
1924,0.35078282966225116,0.399815271243231,0.04903244158097986,0,1,False,v2_stay_v3_churn
4091,0.058524208313656144,0.06694535912582524,0.008421150812169091,0,0,True,both_stay
8352,0.2119702853308295,0.23810594154540385,0.026135656214574338,0,0,True,both_stay
8232,0.018786007559750417,0.03083643106867651,0.012050423508926093,0,0,True,both_stay
3644,0.028117935866030785,0.035337300320604274,0.007219364454573489,0,0,True,both_stay
5149,0.6986631364755013,0.6438802979848389,-0.054782838490662344,1,1,True,both_churn
4060,0.039148187444998726,0.03489555010359905,-0.004252637341399676,0,0,True,both_stay
7945,0.1425256665849485,0.16067981691713495,0.018154150332186453,0,0,True,both_stay
6827,0.48640824154314394,0.6026091445133397,0.11620090297019575,0,1,False,v2_stay_v3_churn
8671,0.030694152308896834,0.04190400681892775,0.011209854510030919,0,0,True,both_stay
8267,0.09334439290165568,0.058671554813614545,-0.034672838088041134,0,0,True,both_stay
9666,0.04073470379233876,0.043309867667513324,0.002575163875174563,0,0,True,both_stay
6173,0.020522623325476365,0.09298406336369373,0.07246144003821736,0,0,True,both_stay
7961,0.05932306106718743,0.05808439365528013,-0.0012386674119073057,0,0,True,both_stay
9848,0.2506518384471821,0.2266913943426495,-0.023960444104532574,0,0,True,both_stay
5146,0.03671559958781725,0.03811168133694524,0.0013960817491279892,0,0,True,both_stay
3602,0.017044870987314543,0.04914891721515041,0.03210404622783587,0,0,True,both_stay
902,0.5319636606197623,0.5948180021433646,0.06285434152360225,1,1,True,both_churn
8372,0.09019756024077012,0.11701667582566277,0.026819115584892653,0,0,True,both_stay
5738,0.22085237245722428,0.18771179370933877,-0.03314057874788551,0,0,True,both_stay
9155,0.058524208313656144,0.06694535912582524,0.008421150812169091,0,0,True,both_stay
2354,0.03842996336462182,0.0447282084783945,0.00629824511377268,0,0,True,both_stay
8789,0.046770799322171264,0.049098654186057765,0.0023278548638865013,0,0,True,both_stay
8722,0.13728864749041345,0.15190244216041215,0.014613794669998709,0,0,True,both_stay
8066,0.11070467807335511,0.11326525776793951,0.0025605796945843973,0,0,True,both_stay
2977,0.9730095755083412,0.9274867915660433,-0.04552278394229792,1,1,True,both_churn
6285,0.13728864749041345,0.15190244216041215,0.014613794669998709,0,0,True,both_stay
70,0.9870982916899013,0.9793255824164214,-0.007772709273479839,1,1,True,both_churn
3938,0.2580014686752561,0.24950185787505896,-0.008499610800197122,0,0,True,both_stay
454,0.21071635271190514,0.22473171094064717,0.01401535822874203,0,0,True,both_stay
1018,0.498337356799048,0.4709145415971204,-0.02742281520192763,0,1,False,v2_stay_v3_churn
5741,0.2575528725748038,0.27972358567070676,0.02217071309590296,0,0,True,both_stay
901,0.04781067932984601,0.046756268062713484,-0.0010544112671325295,0,0,True,both_stay
3567,0.03671559958781725,0.04013588612756714,0.003420286539749892,0,0,True,both_stay
4828,0.07395382331174043,0.08765782125958621,0.013703997947845784,0,0,True,both_stay
3815,0.13524041933598271,0.12746041799235458,-0.0077800013436281346,0,0,True,both_stay
6634,0.07445734352726478,0.08850271120268587,0.014045367675421083,0,0,True,both_stay
8178,0.10027115130822958,0.16390943981154174,0.06363828850331216,0,0,True,both_stay
5720,0.47803224593191906,0.483025063188047,0.004992817256127935,0,1,False,v2_stay_v3_churn
2871,0.0971706928438366,0.07183962790422026,-0.025331064939616343,0,0,True,both_stay
5942,0.5924957002744036,0.6478980101453663,0.05540230987096273,1,1,True,both_churn
8155,0.05932306106718743,0.05808439365528013,-0.0012386674119073057,0,0,True,both_stay
8454,0.053729367813180405,0.04350667926359783,-0.010222688549582575,0,0,True,both_stay
1706,0.1881960041279912,0.1996855671579473,0.011489563029956101,0,0,True,both_stay
2083,0.09768381019392984,0.09324196192719414,-0.004441848266735701,0,0,True,both_stay
1484,0.01618594695729026,0.0311949603247073,0.01500901336741704,0,0,True,both_stay
7090,0.1768264232895981,0.2177734245248104,0.040947001235212305,0,0,True,both_stay
9760,0.13930624210210646,0.13748268332951755,-0.0018235587725889124,0,0,True,both_stay
9536,0.3265441043590939,0.30744828866202406,-0.019095815697069862,0,0,True,both_stay
4737,0.15810694811647924,0.1566070838658507,-0.0014998642506285353,0,0,True,both_stay
1699,0.03178867964634167,0.03404229868491377,0.0022536190385721022,0,0,True,both_stay
80,0.03058113567429632,0.035123167833052936,0.004542032158756617,0,0,True,both_stay
6022,0.13728864749041345,0.15190244216041215,0.014613794669998709,0,0,True,both_stay
5292,0.03282449796659792,0.03479161924183711,0.001967121275239188,0,0,True,both_stay
1345,0.03281707966926913,0.034365193858633646,0.0015481141893645134,0,0,True,both_stay
4138,0.14450381923032166,0.12499054049648402,-0.01951327873383764,0,0,True,both_stay
1984,0.17414549205135876,0.17111485101910043,-0.0030306410322583355,0,0,True,both_stay
9712,0.028117935866030785,0.035337300320604274,0.007219364454573489,0,0,True,both_stay
9469,0.05713854153311108,0.1075055667872631,0.05036702525415202,0,0,True,both_stay
7564,0.1906353898249263,0.1894681030578134,-0.0011672867671129183,0,0,True,both_stay
6067,0.03969055795081677,0.036856695544953265,-0.002833862405863502,0,0,True,both_stay
7534,0.033593457938140336,0.034233550164243114,0.0006400922261027772,0,0,True,both_stay
7316,0.6584696466958734,0.6363606910192505,-0.022108955676622855,1,1,True,both_churn
4739,0.03774196048520651,0.036348663899005554,-0.001393296586200958,0,0,True,both_stay
6349,0.02089944126022528,0.03170463660836246,0.010805195348137179,0,0,True,both_stay
4406,0.11370122977141066,0.11161297139179609,-0.0020882583796145715,0,0,True,both_stay
4450,0.6904096591299032,0.5715709883364622,-0.1188386707934409,1,1,True,both_churn
7862,0.5930368045279073,0.6844191554186628,0.09138235089075553,1,1,True,both_churn
5842,0.14041638572410636,0.18771179370933877,0.04729540798523241,0,0,True,both_stay
2836,0.17592248594400312,0.24376653884776314,0.06784405290376003,0,0,True,both_stay
1798,0.6433604323583962,0.9455757522035754,0.30221531984517913,1,1,True,both_churn
662,0.03671559958781725,0.04013588612756714,0.003420286539749892,0,0,True,both_stay
4312,0.2502187224920951,0.24845192853519268,-0.0017667939569024071,0,0,True,both_stay
7922,0.060821792439862306,0.0678075746545794,0.006985782214717094,0,0,True,both_stay
4998,0.2590950485227463,0.25079254806516393,-0.008302500457582351,0,0,True,both_stay
3990,0.01178491125867393,0.0329418081198102,0.021156896861136268,0,0,True,both_stay
7896,0.0641932641828849,0.07737263252009736,0.013179368337212463,0,0,True,both_stay
9084,0.5118810506602727,0.5442133121852792,0.03233226152500657,1,1,True,both_churn
6571,0.5084855666401555,0.5141885133663139,0.005702946726158342,1,1,True,both_churn
2482,0.2659924971049028,0.24953557204365648,-0.016456925061246325,0,0,True,both_stay
1284,0.5413462831335489,0.5647650244877208,0.02341874135417188,1,1,True,both_churn
6961,0.03255465310433204,0.035123167833052936,0.002568514728720897,0,0,True,both_stay
7778,0.02018582575965419,0.03003979421221827,0.009853968452564078,0,0,True,both_stay
3874,0.07337916575907405,0.10950656736966628,0.03612740161059223,0,0,True,both_stay
6270,0.06991800957516256,0.11426069687723905,0.044342687302076494,0,0,True,both_stay
2700,0.03694504702285242,0.03558661402165747,-0.001358433001194953,0,0,True,both_stay
9277,0.14350878588182198,0.1187566463879195,-0.02475213949390248,0,0,True,both_stay
2325,0.01782562581364784,0.03208585412398902,0.014260228310341176,0,0,True,both_stay
7392,0.04973505857171901,0.11005649299153053,0.06032143441981152,0,0,True,both_stay
1038,0.07018297068511033,0.09789140349841186,0.02770843281330153,0,0,True,both_stay
4169,0.17077812001347872,0.09465356270444603,-0.0761245573090327,0,0,True,both_stay
4100,0.16046526615449572,0.17334148772015298,0.012876221565657264,0,0,True,both_stay
7027,0.17286958264965074,0.17345970749731357,0.0005901248476628262,0,0,True,both_stay
3850,0.1254730351196849,0.12827641732505865,0.002803382205373739,0,0,True,both_stay
7866,0.17457269815223608,0.18771179370933877,0.013139095557102687,0,0,True,both_stay
911,0.7278480953821719,0.6187976570609083,-0.1090504383212636,1,1,True,both_churn
2401,0.02799388192797421,0.034485665055916145,0.006491783127941936,0,0,True,both_stay
4994,0.6964473105803589,0.6185866312964775,-0.0778606792838814,1,1,True,both_churn
3252,0.09707372121109356,0.11769839116071223,0.020624669949618674,0,0,True,both_stay
9158,0.09707372121109356,0.11769839116071223,0.020624669949618674,0,0,True,both_stay
260,0.07395382331174043,0.08765782125958621,0.013703997947845784,0,0,True,both_stay
1036,0.11508893520158081,0.1187272094525047,0.0036382742509238897,0,0,True,both_stay
1340,0.4628844943148262,0.38217105435780535,-0.08071343995702085,0,1,False,v2_stay_v3_churn
8564,0.5462106422862145,0.6026091445133397,0.05639850222712517,1,1,True,both_churn
1716,0.13102099957098667,0.12874245392849715,-0.0022785456424895267,0,0,True,both_stay
8130,0.2256979322239559,0.20817918127628154,-0.017518750947674355,0,0,True,both_stay
8868,0.22085237245722428,0.18771179370933877,-0.03314057874788551,0,0,True,both_stay
770,0.046770799322171264,0.049098654186057765,0.0023278548638865013,0,0,True,both_stay
3641,0.7653708662204131,0.5735014249405208,-0.19186944127989225,1,1,True,both_churn
7623,0.18488246487461474,0.21916464070336636,0.03428217582875162,0,0,True,both_stay
1787,0.03711759838253601,0.08561973438824279,0.04850213600570678,0,0,True,both_stay
2623,0.056535110991684,0.033637890262085544,-0.022897220729598454,0,0,True,both_stay
8852,0.22085237245722428,0.18771179370933877,-0.03314057874788551,0,0,True,both_stay
4941,0.6657675314239214,0.4395412882419966,-0.2262262431819248,1,1,True,both_churn
5964,0.16960749566116956,0.15254133619847046,-0.0170661594626991,0,0,True,both_stay
6454,0.16014111241994325,0.15243054114333723,-0.007710571276606015,0,0,True,both_stay
3622,0.2339292224098299,0.25711279799959613,0.02318357558976622,0,0,True,both_stay
2312,0.6562744342968418,0.6303481979412539,-0.025926236355587995,1,1,True,both_churn
3199,0.5238616430004375,0.4926101075850926,-0.03125153541534487,1,1,True,both_churn
5274,0.12538168320470736,0.11283457421718768,-0.012547108987519678,0,0,True,both_stay
5714,0.18253718174293135,0.0921793246883928,-0.09035785705453855,0,0,True,both_stay
7262,0.2659924971049028,0.24953557204365648,-0.016456925061246325,0,0,True,both_stay
4772,0.3402466608213951,0.40301893631697633,0.06277227549558123,0,1,False,v2_stay_v3_churn
9347,0.16401136043133877,0.16675536516367542,0.002744004732336658,0,0,True,both_stay
4597,0.5625029997011433,0.4847853598979912,-0.07771763980315205,1,1,True,both_churn
7110,0.056535110991684,0.033637890262085544,-0.022897220729598454,0,0,True,both_stay
3144,0.7428526835273627,0.6589034519829643,-0.08394923154439837,1,1,True,both_churn
7596,0.060261831279635136,0.08270414937995096,0.022442318100315828,0,0,True,both_stay
5794,0.20409333152359183,0.24297821884470552,0.0388848873211137,0,0,True,both_stay
7012,0.11384922302723187,0.11699170240838645,0.0031424793811545837,0,0,True,both_stay
5264,0.9729998210375357,0.9192279985723563,-0.05377182246517942,1,1,True,both_churn
4240,0.4904878460112086,0.47400914322794074,-0.01647870278326785,0,1,False,v2_stay_v3_churn
4272,0.1254730351196849,0.12827641732505865,0.002803382205373739,0,0,True,both_stay
5397,0.07011662977971035,0.07636941666097548,0.006252786881265127,0,0,True,both_stay
7303,0.20478131754075204,0.1397818682298638,-0.06499944931088825,0,0,True,both_stay
306,0.4628844943148262,0.38217105435780535,-0.08071343995702085,0,1,False,v2_stay_v3_churn
9864,0.05774526741361873,0.11023769859966874,0.05249243118605001,0,0,True,both_stay
286,0.12128201065300437,0.12116023679949366,-0.00012177385351071213,0,0,True,both_stay
2779,0.06037450274126448,0.058671554813614545,-0.0017029479276499324,0,0,True,both_stay
6071,0.6375926319707172,0.6185866312964775,-0.019006000674239742,1,1,True,both_churn
2595,0.20934234535437954,0.11724096604103264,-0.0921013793133469,0,0,True,both_stay
7025,0.9684620381525457,0.9459286001697468,-0.022533437982798943,1,1,True,both_churn
2069,0.06586127747244772,0.11494960697092634,0.04908832949847862,0,0,True,both_stay
9694,0.03200837727077482,0.0335630322969895,0.0015546550262146852,0,0,True,both_stay
3558,0.2502187224920951,0.24845192853519268,-0.0017667939569024071,0,0,True,both_stay
9880,0.2572487665266814,0.2756834684232798,0.018434701896598404,0,0,True,both_stay
638,0.4408644716574836,0.41416661570057794,-0.02669785595690566,0,1,False,v2_stay_v3_churn
9414,0.7049165209612325,0.6185866312964775,-0.08632988966475497,1,1,True,both_churn
9309,0.025694910553931163,0.0658023866449672,0.04010747609103603,0,0,True,both_stay
3073,0.07966825697309962,0.045802191552486764,-0.03386606542061286,0,0,True,both_stay
3777,0.13930624210210646,0.13748268332951755,-0.0018235587725889124,0,0,True,both_stay
5102,0.016732684189626236,0.026340142472253747,0.009607458282627511,0,0,True,both_stay
6036,0.12980561944883942,0.11727891415255283,-0.012526705296286592,0,0,True,both_stay
2729,0.014018036694539642,0.02853857979260754,0.014520543098067898,0,0,True,both_stay
3876,0.03671559958781725,0.04013588612756714,0.003420286539749892,0,0,True,both_stay
2535,0.07348495633674279,0.0788029233524963,0.005317967015753516,0,0,True,both_stay
9224,0.2555869743992485,0.2396054526512318,-0.015981521748016703,0,0,True,both_stay
1305,0.8402190113732023,0.6166751713126194,-0.22354384006058292,1,1,True,both_churn
1381,0.40854582169826903,0.7617323805231422,0.35318655882487315,0,1,False,v2_stay_v3_churn
3479,0.365506161273391,0.483025063188047,0.11751890191465603,0,1,False,v2_stay_v3_churn
2532,0.2060443290213063,0.22800196277495985,0.02195763375365356,0,0,True,both_stay
5390,0.8506552575415484,0.7678176888899381,-0.0828375686516103,1,1,True,both_churn
6486,0.07269151643657014,0.0766786327232904,0.0039871162867202575,0,0,True,both_stay
8057,0.03204491781073018,0.037236840338354234,0.005191922527624057,0,0,True,both_stay
159,0.14319695335614527,0.12800071585562034,-0.015196237500524928,0,0,True,both_stay
1591,0.060821792439862306,0.0678075746545794,0.006985782214717094,0,0,True,both_stay
9315,0.2685935262849687,0.27500438474367356,0.006410858458704871,0,0,True,both_stay
7045,0.047433451801344596,0.04857549374098752,0.0011420419396429224,0,0,True,both_stay
2800,0.17651007879328018,0.2526918014738039,0.0761817226805237,0,0,True,both_stay
8330,0.176096918073298,0.1894609275072169,0.01336400943391891,0,0,True,both_stay
5877,0.03281707966926913,0.034365193858633646,0.0015481141893645134,0,0,True,both_stay
9376,0.6164681075683198,0.5537095437014047,-0.06275856386691514,1,1,True,both_churn
8246,0.02684556225778171,0.03811031937060689,0.01126475711282518,0,0,True,both_stay
9021,0.11843462057186964,0.22800196277495985,0.10956734220309021,0,0,True,both_stay
476,0.0485778684353105,0.10264922450866458,0.05407135607335408,0,0,True,both_stay
6508,0.9572876041315027,0.8400451830894718,-0.11724242104203086,1,1,True,both_churn
677,0.5218948591606529,0.4709145415971204,-0.05098031756353255,1,1,True,both_churn
6325,0.44613495328663505,0.5575740562708126,0.11143910298417753,0,1,False,v2_stay_v3_churn
2223,0.025049167153271115,0.035443357142151244,0.010394189988880129,0,0,True,both_stay
7169,0.027617550716757974,0.036678788052279684,0.009061237335521711,0,0,True,both_stay
3297,0.24588881445821817,0.24949397764142703,0.0036051631832088593,0,0,True,both_stay
8950,0.16960749566116956,0.15254133619847046,-0.0170661594626991,0,0,True,both_stay
2435,0.07954485924408716,0.08535307226082499,0.005808213016737826,0,0,True,both_stay
1443,0.9721305405649853,0.9150084954441006,-0.0571220451208847,1,1,True,both_churn
1279,0.060821792439862306,0.0678075746545794,0.006985782214717094,0,0,True,both_stay
756,0.046770799322171264,0.049098654186057765,0.0023278548638865013,0,0,True,both_stay
8509,0.3316822188522505,0.2774711761841881,-0.054211042668062426,0,0,True,both_stay
3715,0.4377468690175237,0.5138910476513222,0.07614417863379852,0,1,False,v2_stay_v3_churn
7810,0.13410974201907333,0.1311228935761047,-0.0029868484429686204,0,0,True,both_stay
9128,0.3818426899874508,0.3845950414369174,0.002752351449466617,0,1,False,v2_stay_v3_churn
6776,0.37557352712295095,0.3792198674502385,0.003646340327287556,0,1,False,v2_stay_v3_churn
1570,0.33866911559197044,0.2996637423345986,-0.039005373257371856,0,0,True,both_stay
494,0.05932306106718743,0.05808439365528013,-0.0012386674119073057,0,0,True,both_stay
767,0.5889554877564708,0.27700207259159065,-0.3119534151648801,1,0,False,v2_churn_v3_stay
9004,0.029114347998997394,0.03574811411845083,0.006633766119453436,0,0,True,both_stay
6172,0.9774210259190281,0.9828774787722875,0.005456452853259353,1,1,True,both_churn
1073,0.060348413204375735,0.05749903209249039,-0.0028493811118853463,0,0,True,both_stay
7271,0.08643360406187982,0.08535307226082499,-0.0010805318010548293,0,0,True,both_stay
1516,0.15873292162334926,0.17334148772015298,0.014608566096803721,0,0,True,both_stay
9979,0.6032114738232496,0.5898807543884653,-0.013330719434784255,1,1,True,both_churn
6676,0.2262575313154877,0.25711279799959613,0.03085526668410843,0,0,True,both_stay
8696,0.1278646585626952,0.12746041799235458,-0.00040424057034060823,0,0,True,both_stay
5405,0.17970532834718583,0.17474648011055527,-0.004958848236630564,0,0,True,both_stay
218,0.11638003991080895,0.11712659687600709,0.0007465569651981391,0,0,True,both_stay
4215,0.7309938376930947,0.6589034519829643,-0.07209038571013038,1,1,True,both_churn
4263,0.13005174763630523,0.11410037138677505,-0.015951376249530178,0,0,True,both_stay
3148,0.060821792439862306,0.0678075746545794,0.006985782214717094,0,0,True,both_stay
8740,0.14350878588182198,0.1187566463879195,-0.02475213949390248,0,0,True,both_stay
664,0.0641932641828849,0.07737263252009736,0.013179368337212463,0,0,True,both_stay
1981,0.09494316471790112,0.18404840161086986,0.08910523689296873,0,0,True,both_stay
4144,0.35078282966225116,0.399815271243231,0.04903244158097986,0,1,False,v2_stay_v3_churn
6446,0.12698209594914697,0.12945930777130263,0.002477211822155656,0,0,True,both_stay
9883,0.24588881445821817,0.24949397764142703,0.0036051631832088593,0,0,True,both_stay
1283,0.5218948591606529,0.4709145415971204,-0.05098031756353255,1,1,True,both_churn
6087,0.13231696623782527,0.11256474678261681,-0.019752219455208456,0,0,True,both_stay
5051,0.15440486522949481,0.1559681898277924,0.001563324598297583,0,0,True,both_stay
4775,0.04073470379233876,0.043309867667513324,0.002575163875174563,0,0,True,both_stay
1884,0.053729367813180405,0.04350667926359783,-0.010222688549582575,0,0,True,both_stay
8925,0.03671559958781725,0.03811168133694524,0.0013960817491279892,0,0,True,both_stay
1472,0.06484304949594215,0.08968889428965676,0.024845844793714614,0,0,True,both_stay
4457,0.5641936151835935,0.5612764349153637,-0.0029171802682297354,1,1,True,both_churn
143,0.6584696466958734,0.6363606910192505,-0.022108955676622855,1,1,True,both_churn
6720,0.03179476531090979,0.033245734436655835,0.0014509691257460489,0,0,True,both_stay
2074,0.3664111836394329,0.4085451332719913,0.0421339496325584,0,1,False,v2_stay_v3_churn
3205,0.2685935262849687,0.27500438474367356,0.006410858458704871,0,0,True,both_stay
6864,0.22156300688201333,0.2524152395956186,0.030852232713605293,0,0,True,both_stay
8538,0.03499977151092577,0.036678788052279684,0.0016790165413539115,0,0,True,both_stay
2065,0.038479345414914295,0.035170880463260334,-0.003308464951653961,0,0,True,both_stay
9015,0.06289414406506937,0.07524834189089145,0.012354197825822089,0,0,True,both_stay
161,0.0349586149249083,0.034502104781054165,-0.0004565101438541372,0,0,True,both_stay
6351,0.03387756459391091,0.03355260141091417,-0.0003249631829967403,0,0,True,both_stay
753,0.05932306106718743,0.057219215074014416,-0.002103845993173016,0,0,True,both_stay
4081,0.03499977151092577,0.036678788052279684,0.0016790165413539115,0,0,True,both_stay
3527,0.11184484701494861,0.20930260218897612,0.09745775517402751,0,0,True,both_stay
863,0.1567572591452531,0.2576171840393652,0.10085992489411208,0,0,True,both_stay
1137,0.0805453882798411,0.0856724739128596,0.005127085633018502,0,0,True,both_stay
7327,0.28601500211658343,0.27641917733300914,-0.009595824783574292,0,0,True,both_stay
986,0.14567792810461289,0.1565886215293065,0.010910693424693613,0,0,True,both_stay
2473,0.663210700684948,0.6117479285394,-0.051462772145548064,1,1,True,both_churn
4065,0.01618594695729026,0.0311949603247073,0.01500901336741704,0,0,True,both_stay
4911,0.1861079866972888,0.17448555065892113,-0.011622436038367684,0,0,True,both_stay
2448,0.5217175173794667,0.11849922300762333,-0.40321829437184337,1,0,False,v2_churn_v3_stay
8081,0.13968880535364206,0.1187566463879195,-0.020932158965722564,0,0,True,both_stay
6826,0.38481139994487584,0.3013719327904062,-0.08343946715446965,0,0,True,both_stay
1303,0.02259643332734648,0.033442016091382386,0.010845582764035907,0,0,True,both_stay
3895,0.02767132290649684,0.032351445182729255,0.004680122276232414,0,0,True,both_stay
3961,0.20934234535437954,0.11724096604103264,-0.0921013793133469,0,0,True,both_stay
9551,0.03694504702285242,0.03558661402165747,-0.001358433001194953,0,0,True,both_stay
3470,0.046770799322171264,0.049098654186057765,0.0023278548638865013,0,0,True,both_stay
8967,0.02089944126022528,0.03170463660836246,0.010805195348137179,0,0,True,both_stay
5311,0.11075111391547213,0.09338057483108747,-0.017370539084384656,0,0,True,both_stay
5965,0.10345488316361348,0.11859632089745549,0.015141437733842009,0,0,True,both_stay
6374,0.058545644343799,0.06099448483851891,0.0024488404947199116,0,0,True,both_stay
1701,0.9903833607026978,0.9798151430337915,-0.010568217668906366,1,1,True,both_churn
296,0.12767203075190872,0.12476590054786234,-0.0029061302040463838,0,0,True,both_stay
5386,0.9910240397046733,0.9798151430337915,-0.011208896670881874,1,1,True,both_churn
6331,0.1497423725160809,0.15190244216041215,0.0021600696443312417,0,0,True,both_stay
1926,0.02095633139432192,0.03245570446998055,0.011499373075658629,0,0,True,both_stay
9550,0.27469817154401166,0.25079254806516393,-0.023905623478847726,0,0,True,both_stay
7592,0.38318943072099826,0.4038181825141975,0.02062875179319923,0,1,False,v2_stay_v3_churn
6255,0.9796613838864193,0.9487447466328853,-0.030916637253533996,1,1,True,both_churn
21,0.05057800080191735,0.0346895916022202,-0.015888409199697147,0,0,True,both_stay
7581,0.07395382331174043,0.08765782125958621,0.013703997947845784,0,0,True,both_stay
8693,0.24518261368430708,0.26102835694497944,0.015845743260672368,0,0,True,both_stay
6034,0.06949956962557091,0.05749903209249039,-0.012000537533080523,0,0,True,both_stay
5675,0.11940546096366288,0.11313172661171868,-0.006273734351944199,0,0,True,both_stay
410,0.022677333875002346,0.0310241872593965,0.008346853384394153,0,0,True,both_stay
9144,0.4408644716574836,0.41416661570057794,-0.02669785595690566,0,1,False,v2_stay_v3_churn
6195,0.06567054909308226,0.07493912582857652,0.009268576735494263,0,0,True,both_stay
1001,0.12160251104033713,0.12493514785854705,0.0033326368182099164,0,0,True,both_stay
6513,0.05978941251289117,0.07701624589892124,0.017226833386030073,0,0,True,both_stay
9295,0.45652785656371625,0.5020813737166894,0.04555351715297312,0,1,False,v2_stay_v3_churn
8795,0.775546004688846,0.7676335334325027,-0.007912471256343312,1,1,True,both_churn
5142,0.28433987638078295,0.2545829702207386,-0.02975690616004434,0,0,True,both_stay
8009,0.06192670952091827,0.11023769859966874,0.04831098907875047,0,0,True,both_stay
9386,0.013243417389321532,0.03466467958574317,0.02142126219642164,0,0,True,both_stay
7214,0.035563839388845414,0.05005409352115021,0.014490254132304793,0,0,True,both_stay
288,0.12980561944883942,0.13145723129617773,0.001651611847338308,0,0,True,both_stay
7472,0.047433451801344596,0.04857549374098752,0.0011420419396429224,0,0,True,both_stay
332,0.09019756024077012,0.11701667582566277,0.026819115584892653,0,0,True,both_stay
5257,0.6276944740697225,0.5747065911146538,-0.05298788295506862,1,1,True,both_churn
5263,0.0641932641828849,0.07737263252009736,0.013179368337212463,0,0,True,both_stay
8310,0.3368496726457594,0.3792198674502385,0.04237019480447912,0,1,False,v2_stay_v3_churn
3315,0.023740912097230733,0.032324844736221874,0.00858393263899114,0,0,True,both_stay
2328,0.0330877424245932,0.03375654168595593,0.0006687992613627347,0,0,True,both_stay
9626,0.06484304949594215,0.08968889428965676,0.024845844793714614,0,0,True,both_stay
7318,0.033593457938140336,0.034233550164243114,0.0006400922261027772,0,0,True,both_stay
1468,0.7242576463442819,0.6377536219847303,-0.08650402435955162,1,1,True,both_churn
9064,0.6236476733457953,0.6150791781722019,-0.008568495173593371,1,1,True,both_churn
4022,0.34597196194493046,0.14521106261633676,-0.2007608993285937,0,0,True,both_stay
6530,0.015525124795372255,0.08404464446767183,0.06851951967229958,0,0,True,both_stay
6754,0.11940546096366288,0.11759146541358267,-0.0018139955500802024,0,0,True,both_stay
9095,0.05932306106718743,0.05808439365528013,-0.0012386674119073057,0,0,True,both_stay
2742,0.24588881445821817,0.24949397764142703,0.0036051631832088593,0,0,True,both_stay
8026,0.12025174596010772,0.12720211238428447,0.006950366424176749,0,0,True,both_stay
6795,0.5364760983388507,0.598649299624942,0.06217320128609127,1,1,True,both_churn
3035,0.45652785656371625,0.5020813737166894,0.04555351715297312,0,1,False,v2_stay_v3_churn
5380,0.09239528063604578,0.06122559122007753,-0.031169689415968253,0,0,True,both_stay
7111,0.060821792439862306,0.0678075746545794,0.006985782214717094,0,0,True,both_stay
4026,0.9852215359239723,0.9481337452923491,-0.03708779063162326,1,1,True,both_churn
842,0.1497423725160809,0.15190244216041215,0.0021600696443312417,0,0,True,both_stay
5350,0.268452072069517,0.2715539346898528,0.0031018626203357935,0,0,True,both_stay
593,0.12767203075190872,0.1268910947338491,-0.0007809360180596192,0,0,True,both_stay
9176,0.030694152308896834,0.04190400681892775,0.011209854510030919,0,0,True,both_stay
4842,0.9810716687733881,0.9473788847840638,-0.03369278398932429,1,1,True,both_churn
7277,0.07966825697309962,0.045802191552486764,-0.03386606542061286,0,0,True,both_stay
2102,0.03819887304489268,0.036856695544953265,-0.0013421774999394162,0,0,True,both_stay
6528,0.13231696623782527,0.11256474678261681,-0.019752219455208456,0,0,True,both_stay
5469,0.022131512645843465,0.032706203201492215,0.01057469055564875,0,0,True,both_stay
4118,0.056535110991684,0.033637890262085544,-0.022897220729598454,0,0,True,both_stay
3991,0.1926377288496244,0.21784737865179846,0.02520964980217405,0,0,True,both_stay
3543,0.6570310848778109,0.6107084844046429,-0.04632260047316805,1,1,True,both_churn
9991,0.7166578161233655,0.6376451970632441,-0.07901261906012147,1,1,True,both_churn
8677,0.060261831279635136,0.08270414937995096,0.022442318100315828,0,0,True,both_stay
8726,0.37557352712295095,0.3792198674502385,0.003646340327287556,0,1,False,v2_stay_v3_churn
3891,0.11689712502335155,0.11832252558921695,0.0014254005658654034,0,0,True,both_stay
6196,0.12128201065300437,0.12116023679949366,-0.00012177385351071213,0,0,True,both_stay
481,0.042521092745810084,0.0331216933198189,-0.009399399425991183,0,0,True,both_stay
9372,0.07018297068511033,0.09789140349841186,0.02770843281330153,0,0,True,both_stay
9067,0.05978941251289117,0.07701624589892124,0.017226833386030073,0,0,True,both_stay
1542,0.14319695335614527,0.12800071585562034,-0.015196237500524928,0,0,True,both_stay
3434,0.2985947165278545,0.300452132462502,0.0018574159346474994,0,0,True,both_stay
9793,0.36735185060767356,0.30100664341220723,-0.06634520719546633,0,0,True,both_stay
4333,0.03969055795081677,0.036856695544953265,-0.002833862405863502,0,0,True,both_stay
1155,0.1254730351196849,0.12827641732505865,0.002803382205373739,0,0,True,both_stay
6747,0.1254730351196849,0.12827641732505865,0.002803382205373739,0,0,True,both_stay
2300,0.5033821687802016,0.5020813737166894,-0.0013007950635122167,1,1,True,both_churn
2506,0.11384922302723187,0.11699170240838645,0.0031424793811545837,0,0,True,both_stay
7375,0.011248529170497514,0.034798082171933246,0.023549553001435734,0,0,True,both_stay
7353,0.022131512645843465,0.032706203201492215,0.01057469055564875,0,0,True,both_stay
7909,0.42135940045782416,0.5575740562708126,0.13621465581298842,0,1,False,v2_stay_v3_churn
4603,0.014018036694539642,0.02853857979260754,0.014520543098067898,0,0,True,both_stay
3163,0.17056317853794206,0.17334148772015298,0.0027783091822109196,0,0,True,both_stay
5670,0.05057800080191735,0.0346895916022202,-0.015888409199697147,0,0,True,both_stay
4275,0.028887849362423116,0.03590778244403981,0.007019933081616695,0,0,True,both_stay
7677,0.1565340075306468,0.15607844720726496,-0.0004555603233818428,0,0,True,both_stay
3544,0.05774526741361873,0.11023769859966874,0.05249243118605001,0,0,True,both_stay
1451,0.17245880400173869,0.0724039828736015,-0.10005482112813718,0,0,True,both_stay
4072,0.14041638572410636,0.18771179370933877,0.04729540798523241,0,0,True,both_stay
9956,0.5084855666401555,0.5141885133663139,0.005702946726158342,1,1,True,both_churn
9054,0.03281707966926913,0.03506472017975378,0.0022476405104846497,0,0,True,both_stay
308,0.715443255140938,0.624245650946924,-0.09119760419401401,1,1,True,both_churn
4726,0.5739566312300939,0.5995056948530261,0.02554906362293219,1,1,True,both_churn
2308,0.14319695335614527,0.12800071585562034,-0.015196237500524928,0,0,True,both_stay
4725,0.15418286100096368,0.11283457421718768,-0.041348286783776,0,0,True,both_stay
2131,0.176096918073298,0.1894609275072169,0.01336400943391891,0,0,True,both_stay
2688,0.12767203075190872,0.1268910947338491,-0.0007809360180596192,0,0,True,both_stay
7365,0.08866780383895334,0.1559681898277924,0.06730038598883906,0,0,True,both_stay
3094,0.02767132290649684,0.032351445182729255,0.004680122276232414,0,0,True,both_stay
4218,0.06162111653024857,0.0962107687108021,0.03458965218055353,0,0,True,both_stay
9504,0.41612188493148144,0.40410723004257604,-0.012014654888905407,0,1,False,v2_stay_v3_churn
5766,0.2945804778273186,0.2521202501238847,-0.042460227703433884,0,0,True,both_stay
5922,0.9622981313762332,0.9177680189995683,-0.04453011237666493,1,1,True,both_churn
1168,0.03118541485283621,0.032425603359025064,0.0012401885061888544,0,0,True,both_stay
3076,0.09870719222912222,0.11154392478276741,0.012836732553645189,0,0,True,both_stay
1198,0.14041638572410636,0.18771179370933877,0.04729540798523241,0,0,True,both_stay
7751,0.060821792439862306,0.0678075746545794,0.006985782214717094,0,0,True,both_stay
2944,0.028887849362423116,0.03590778244403981,0.007019933081616695,0,0,True,both_stay
2799,0.37557352712295095,0.3792198674502385,0.003646340327287556,0,1,False,v2_stay_v3_churn
6317,0.14350878588182198,0.1187566463879195,-0.02475213949390248,0,0,True,both_stay
5896,0.07018297068511033,0.09789140349841186,0.02770843281330153,0,0,True,both_stay
5933,0.2502187224920951,0.24845192853519268,-0.0017667939569024071,0,0,True,both_stay
2108,0.035998163251443976,0.06127851165659265,0.025280348405148673,0,0,True,both_stay
6727,0.11088978543353063,0.1559681898277924,0.045078404394261765,0,0,True,both_stay
7524,0.16577125423674482,0.25079254806516393,0.08502129382841911,0,0,True,both_stay
5208,0.05267281486196312,0.058671554813614545,0.005998739951651427,0,0,True,both_stay
6964,0.9770236428207709,0.9438699399795206,-0.0331537028412503,1,1,True,both_churn
4765,0.33866911559197044,0.2996637423345986,-0.039005373257371856,0,0,True,both_stay
3955,0.058524208313656144,0.06694535912582524,0.008421150812169091,0,0,True,both_stay
6789,0.09533144611196517,0.19910163919544488,0.1037701930834797,0,0,True,both_stay
6265,0.060348413204375735,0.05749903209249039,-0.0028493811118853463,0,0,True,both_stay
4985,0.1165174603011399,0.11313172661171868,-0.0033857336894212164,0,0,True,both_stay
3126,0.4197686519088334,0.3792198674502385,-0.04054878445859489,0,1,False,v2_stay_v3_churn
8775,0.09246877481311018,0.06434823169885906,-0.02812054311425112,0,0,True,both_stay
4004,0.06769725685997809,0.07524834189089145,0.007551085030913368,0,0,True,both_stay
6687,0.05267281486196312,0.058671554813614545,0.005998739951651427,0,0,True,both_stay
8713,0.08316386773402876,0.07636941666097548,-0.006794451073053279,0,0,True,both_stay
7865,0.02541117406321143,0.03326136480614042,0.007850190742928989,0,0,True,both_stay
5374,0.05498817583656276,0.11410037138677505,0.05911219555021229,0,0,True,both_stay
3333,0.20788346250689518,0.2480050702004847,0.04012160769358952,0,0,True,both_stay
5701,0.6625610596855886,0.6165114970822818,-0.04604956260330684,1,1,True,both_churn
4212,0.05713854153311108,0.1075055667872631,0.05036702525415202,0,0,True,both_stay
606,0.3176983981490592,0.2729737473197664,-0.04472465082929278,0,0,True,both_stay
1663,0.2659924971049028,0.24953557204365648,-0.016456925061246325,0,0,True,both_stay
1461,0.030900619117441425,0.03652928324633988,0.005628664128898456,0,0,True,both_stay
2286,0.13550336756990852,0.11888154109981579,-0.016621826470092735,0,0,True,both_stay
4732,0.7309938376930947,0.6589034519829643,-0.07209038571013038,1,1,True,both_churn
9747,0.933262121592909,0.7660699494690886,-0.16719217212382043,1,1,True,both_churn
166,0.09288371030839031,0.11511896573911477,0.022235255430724465,0,0,True,both_stay
4695,0.1861079866972888,0.17448555065892113,-0.011622436038367684,0,0,True,both_stay
9911,0.38318943072099826,0.4038181825141975,0.02062875179319923,0,1,False,v2_stay_v3_churn
8124,0.013243417389321532,0.03466467958574317,0.02142126219642164,0,0,True,both_stay
8386,0.26232814663652926,0.26434738322475304,0.002019236588223783,0,0,True,both_stay
2629,0.2572487665266814,0.2756834684232798,0.018434701896598404,0,0,True,both_stay
1110,0.8215973569771163,0.6478980101453663,-0.17369934683175003,1,1,True,both_churn
7754,0.07758137561010486,0.08535307226082499,0.007771696650720125,0,0,True,both_stay
6855,0.24588881445821817,0.24949397764142703,0.0036051631832088593,0,0,True,both_stay
2353,0.03179476531090979,0.033245734436655835,0.0014509691257460489,0,0,True,both_stay
5234,0.2580014686752561,0.24950185787505896,-0.008499610800197122,0,0,True,both_stay
195,0.1370729515656257,0.1523843491978342,0.015311397632208484,0,0,True,both_stay
104,0.5711936012122542,0.4180140447995271,-0.15317955641272707,1,1,True,both_churn
7600,0.07018297068511033,0.09789140349841186,0.02770843281330153,0,0,True,both_stay
4707,0.028328471202704604,0.033409343295041895,0.005080872092337291,0,0,True,both_stay
8326,0.16401136043133877,0.16675536516367542,0.002744004732336658,0,0,True,both_stay
9904,0.08866780383895334,0.1559681898277924,0.06730038598883906,0,0,True,both_stay
9518,0.3418090206555261,0.40301893631697633,0.06120991566145023,0,1,False,v2_stay_v3_churn
6151,0.019247213378680142,0.03229451520250378,0.013047301823823639,0,0,True,both_stay
4404,0.4628844943148262,0.38217105435780535,-0.08071343995702085,0,1,False,v2_stay_v3_churn
7980,0.11370122977141066,0.11161297139179609,-0.0020882583796145715,0,0,True,both_stay
2538,0.060348413204375735,0.058671554813614545,-0.0016768583907611906,0,0,True,both_stay
8666,0.05101255340933686,0.04719191617390667,-0.003820637235430191,0,0,True,both_stay
5283,0.09530426202745824,0.1179910554703813,0.022686793442923056,0,0,True,both_stay
7075,0.16403229163548336,0.12791896622708995,-0.036113325408393404,0,0,True,both_stay
5982,0.16046526615449572,0.17334148772015298,0.012876221565657264,0,0,True,both_stay
2630,0.0387624067598077,0.047152457215385996,0.008390050455578293,0,0,True,both_stay
5867,0.28770353691799117,0.23053160982777512,-0.05717192709021604,0,0,True,both_stay
9574,0.10143510936791823,0.057501104235142354,-0.04393400513277588,0,0,True,both_stay
5279,0.2590950485227463,0.25079254806516393,-0.008302500457582351,0,0,True,both_stay
449,0.1964990209260313,0.20352560141439144,0.007026580488360135,0,0,True,both_stay
1464,0.08316386773402876,0.07636941666097548,-0.006794451073053279,0,0,True,both_stay
5602,0.7332008154990362,0.6516144518494812,-0.08158636364955496,1,1,True,both_churn
3910,0.04041502045008883,0.08601026610673716,0.04559524565664833,0,0,True,both_stay
4532,0.0971706928438366,0.07183962790422026,-0.025331064939616343,0,0,True,both_stay
8838,0.13524041933598271,0.12746041799235458,-0.0077800013436281346,0,0,True,both_stay
7851,0.14416659070730878,0.22042279793642364,0.07625620722911486,0,0,True,both_stay
2916,0.6183008966427436,0.6639972884968111,0.045696391854067486,1,1,True,both_churn
7494,0.14567792810461289,0.1565886215293065,0.010910693424693613,0,0,True,both_stay
6222,0.03671559958781725,0.04013588612756714,0.003420286539749892,0,0,True,both_stay
8899,0.07072062255990921,0.07480209252267953,0.004081469962770312,0,0,True,both_stay
4855,0.03499977151092577,0.036678788052279684,0.0016790165413539115,0,0,True,both_stay
7706,0.03346783975191497,0.03694450472414656,0.003476664972231591,0,0,True,both_stay
1318,0.9017348450614499,0.9142509018136397,0.012516056752189808,1,1,True,both_churn
3153,0.13968880535364206,0.1187566463879195,-0.020932158965722564,0,0,True,both_stay
5854,0.027617550716757974,0.036678788052279684,0.009061237335521711,0,0,True,both_stay
3942,0.014166600944025593,0.02672357997723396,0.012556979033208368,0,0,True,both_stay
9631,0.17457269815223608,0.1740263994601643,-0.0005462986920717894,0,0,True,both_stay
5349,0.028117935866030785,0.035337300320604274,0.007219364454573489,0,0,True,both_stay
7931,0.5641936151835935,0.5612764349153637,-0.0029171802682297354,1,1,True,both_churn
6428,0.20933637160932864,0.2255325124275286,0.01619614081819995,0,0,True,both_stay
3524,0.035408960626854225,0.04190400681892775,0.006495046192073528,0,0,True,both_stay
3478,0.11940546096366288,0.11759146541358267,-0.0018139955500802024,0,0,True,both_stay
3179,0.027617550716757974,0.036678788052279684,0.009061237335521711,0,0,True,both_stay
9535,0.26059476294192413,0.24712422647647184,-0.013470536465452293,0,0,True,both_stay
7819,0.0790292019446193,0.047600288187393286,-0.03142891375722602,0,0,True,both_stay
9068,0.058545644343799,0.06099448483851891,0.0024488404947199116,0,0,True,both_stay
7971,0.3265441043590939,0.30744828866202406,-0.019095815697069862,0,0,True,both_stay
9350,0.888494863591406,0.8019755983815037,-0.08651926520990227,1,1,True,both_churn
1579,0.26059476294192413,0.24712422647647184,-0.013470536465452293,0,0,True,both_stay
7250,0.03282449796659792,0.03479161924183711,0.001967121275239188,0,0,True,both_stay
5572,0.16133400337932813,0.1283929421144143,-0.032941061264913835,0,0,True,both_stay
7528,0.5026221257645315,0.483025063188047,-0.01959706257648447,1,1,True,both_churn
6907,0.12095432953168686,0.1283929421144143,0.007438612582727433,0,0,True,both_stay
4005,0.2108114910578615,0.22886417433367137,0.01805268327580986,0,0,True,both_stay
3395,0.1679853821243336,0.1179910554703813,-0.04999432665395229,0,0,True,both_stay
2269,0.03674533145591203,0.03652928324633988,-0.00021604820957214776,0,0,True,both_stay
9892,0.2945804778273186,0.2521202501238847,-0.042460227703433884,0,0,True,both_stay
834,0.03487594192563999,0.034369672211515205,-0.0005062697141247838,0,0,True,both_stay
3725,0.02095633139432192,0.03245570446998055,0.011499373075658629,0,0,True,both_stay
7010,0.1497423725160809,0.15190244216041215,0.0021600696443312417,0,0,True,both_stay
6260,0.01178491125867393,0.0329418081198102,0.021156896861136268,0,0,True,both_stay
355,0.0790292019446193,0.04499412463202295,-0.034035077312596355,0,0,True,both_stay
2911,0.6375926319707172,0.6185866312964775,-0.019006000674239742,1,1,True,both_churn
7586,0.3265441043590939,0.30744828866202406,-0.019095815697069862,0,0,True,both_stay
6638,0.1565340075306468,0.15607844720726496,-0.0004555603233818428,0,0,True,both_stay
3658,0.3413752612000715,0.37998867503252143,0.03861341383244993,0,1,False,v2_stay_v3_churn
6106,0.03387756459391091,0.034893784833558913,0.001016220239648001,0,0,True,both_stay
309,0.14450381923032166,0.12370998791419718,-0.020793831316124473,0,0,True,both_stay
6545,0.03118541485283621,0.032425603359025064,0.0012401885061888544,0,0,True,both_stay
2313,0.06887092199860731,0.07636941666097548,0.007498494662368169,0,0,True,both_stay
8114,0.11503802805117003,0.24659234404905175,0.13155431599788173,0,0,True,both_stay
9247,0.038147905010767445,0.03454549180488611,-0.0036024132058813385,0,0,True,both_stay
3466,0.12980561944883942,0.11759146541358267,-0.012214154035256747,0,0,True,both_stay
4863,0.013243417389321532,0.03466467958574317,0.02142126219642164,0,0,True,both_stay
4108,0.25354145244113735,0.22473171094064717,-0.028809741500490177,0,0,True,both_stay
2447,0.10069551816860386,0.10213039149750142,0.0014348733288975513,0,0,True,both_stay
9006,0.0804609107281968,0.0962107687108021,0.015749857982605295,0,0,True,both_stay
3788,0.0330877424245932,0.03416047878740855,0.001072736362815352,0,0,True,both_stay
1363,0.039148187444998726,0.03457620890304378,-0.004571978541954944,0,0,True,both_stay
7041,0.05932306106718743,0.05808439365528013,-0.0012386674119073057,0,0,True,both_stay
5334,0.1020110411866797,0.045600396352635304,-0.05641064483404439,0,0,True,both_stay
7636,0.413476319582679,0.24471955300090684,-0.16875676658177216,0,0,True,both_stay
7685,0.2665158728090256,0.2519040201799237,-0.014611852629101918,0,0,True,both_stay
602,0.12081737352636927,0.1733220770195536,0.052504703493184327,0,0,True,both_stay
5088,0.888494863591406,0.8019755983815037,-0.08651926520990227,1,1,True,both_churn
1529,0.024012743427653378,0.032136884620708205,0.008124141193054827,0,0,True,both_stay
9173,0.37557352712295095,0.3792198674502385,0.003646340327287556,0,1,False,v2_stay_v3_churn
6973,0.05588807639120218,0.0678075746545794,0.011919498263377223,0,0,True,both_stay
1763,0.15071300462570023,0.18771179370933877,0.036998789083638545,0,0,True,both_stay
5325,0.5092107433037438,0.4087551703241479,-0.10045557297959595,1,1,True,both_churn
4867,0.1254730351196849,0.12827641732505865,0.002803382205373739,0,0,True,both_stay
1123,0.05774526741361873,0.11023769859966874,0.05249243118605001,0,0,True,both_stay
7957,0.026487918772938303,0.03574811411845083,0.009260195345512527,0,0,True,both_stay
2135,0.6596359049118112,0.6023300852797463,-0.057305819632064936,1,1,True,both_churn
3722,0.05713854153311108,0.1075055667872631,0.05036702525415202,0,0,True,both_stay
2467,0.03145451987339045,0.033989523467300914,0.0025350035939104634,0,0,True,both_stay
6238,0.11940546096366288,0.11313172661171868,-0.006273734351944199,0,0,True,both_stay
3696,0.20472644575841428,0.22473171094064717,0.02000526518223289,0,0,True,both_stay
7212,0.07337916575907405,0.10950656736966628,0.03612740161059223,0,0,True,both_stay
8023,0.035563839388845414,0.05005409352115021,0.014490254132304793,0,0,True,both_stay
2866,0.06637484556823377,0.11059437703945636,0.044219531471222595,0,0,True,both_stay
9505,0.5217175173794667,0.11849922300762333,-0.40321829437184337,1,0,False,v2_churn_v3_stay
1219,0.13550336756990852,0.11888154109981579,-0.016621826470092735,0,0,True,both_stay
4180,0.028341853971661595,0.046756268062713484,0.01841441409105189,0,0,True,both_stay
4329,0.24206622886018989,0.23053160982777512,-0.011534619032414761,0,0,True,both_stay
5373,0.03487594192563999,0.034369672211515205,-0.0005062697141247838,0,0,True,both_stay
7322,0.06049533936210089,0.10714464102991754,0.046649301667816646,0,0,True,both_stay
4266,0.1497423725160809,0.15190244216041215,0.0021600696443312417,0,0,True,both_stay
6976,0.0738792926333826,0.0678075746545794,-0.0060717179788031955,0,0,True,both_stay
2782,0.035226664232509086,0.03828854013573844,0.003061875903229351,0,0,True,both_stay
7582,0.06769378127773924,0.12444172948941608,0.056747948211676835,0,0,True,both_stay
3914,0.44433370656684656,0.40600056183948147,-0.0383331447273651,0,1,False,v2_stay_v3_churn
1173,0.0387624067598077,0.047152457215385996,0.008390050455578293,0,0,True,both_stay
7055,0.13102099957098667,0.12874245392849715,-0.0022785456424895267,0,0,True,both_stay
1396,0.13524041933598271,0.12746041799235458,-0.0077800013436281346,0,0,True,both_stay
4248,0.03478808053288073,0.033409343295041895,-0.0013787372378388368,0,0,True,both_stay
6010,0.058545644343799,0.06099448483851891,0.0024488404947199116,0,0,True,both_stay
6037,0.030589208248431234,0.03566010407604743,0.005070895827616197,0,0,True,both_stay
9744,0.47877830854285364,0.48659089484742296,0.007812586304569324,0,1,False,v2_stay_v3_churn
871,0.9790186803406773,0.924977930602194,-0.054040749738483274,1,1,True,both_churn
4524,0.09334439290165568,0.058671554813614545,-0.034672838088041134,0,0,True,both_stay
5138,0.16133400337932813,0.1283929421144143,-0.032941061264913835,0,0,True,both_stay
2736,0.054740288864856164,0.046756268062713484,-0.00798402080214268,0,0,True,both_stay
2696,0.43709444052631535,0.2702531808875976,-0.16684125963871776,0,0,True,both_stay
2092,0.730993214759467,0.7547390204416442,0.023745805682177212,1,1,True,both_churn
2079,0.45767243827348036,0.4709145415971204,0.013242103323640009,0,1,False,v2_stay_v3_churn
7940,0.13968880535364206,0.1187566463879195,-0.020932158965722564,0,0,True,both_stay
7954,0.09771800132950688,0.1187566463879195,0.021038645058412617,0,0,True,both_stay
6679,0.1396961430689565,0.11904103225992536,-0.020655110809031138,0,0,True,both_stay
7917,0.06037450274126448,0.058671554813614545,-0.0017029479276499324,0,0,True,both_stay
2243,0.17457269815223608,0.18771179370933877,0.013139095557102687,0,0,True,both_stay
2361,0.11070467807335511,0.11326525776793951,0.0025605796945843973,0,0,True,both_stay
179,0.7186810132207989,0.6382125860752971,-0.08046842714550184,1,1,True,both_churn
5642,0.2502187224920951,0.24845192853519268,-0.0017667939569024071,0,0,True,both_stay
6380,0.23005896690182454,0.15162632655015582,-0.07843264035166872,0,0,True,both_stay
4369,0.02018582575965419,0.03003979421221827,0.009853968452564078,0,0,True,both_stay
8327,0.030694152308896834,0.04190400681892775,0.011209854510030919,0,0,True,both_stay
9899,0.11940546096366288,0.11759146541358267,-0.0018139955500802024,0,0,True,both_stay
4424,0.5641936151835935,0.5612764349153637,-0.0029171802682297354,1,1,True,both_churn
5768,0.15998002978725065,0.1602697311296331,0.00028970134238245904,0,0,True,both_stay
8895,0.16577125423674482,0.25079254806516393,0.08502129382841911,0,0,True,both_stay
6889,0.023740912097230733,0.032324844736221874,0.00858393263899114,0,0,True,both_stay
2314,0.03387756459391091,0.034893784833558913,0.001016220239648001,0,0,True,both_stay
3453,0.06887092199860731,0.07636941666097548,0.007498494662368169,0,0,True,both_stay
119,0.030900619117441425,0.03652928324633988,0.005628664128898456,0,0,True,both_stay
5476,0.1768264232895981,0.2177734245248104,0.040947001235212305,0,0,True,both_stay
6937,0.2591768294920719,0.2615673738350202,0.002390544342948331,0,0,True,both_stay
3892,0.45767243827348036,0.4709145415971204,0.013242103323640009,0,1,False,v2_stay_v3_churn
3757,0.45767243827348036,0.4709145415971204,0.013242103323640009,0,1,False,v2_stay_v3_churn
9461,0.07105626304329818,0.07577579404708583,0.00471953100378765,0,0,True,both_stay
3881,0.5709866789542596,0.4272725327215095,-0.14371414623275008,1,1,True,both_churn
2127,0.023532515963564624,0.035443357142151244,0.01191084117858662,0,0,True,both_stay
6171,0.5358121601861232,0.5735014249405208,0.0376892647543976,1,1,True,both_churn
5776,0.19450120660742545,0.22473171094064717,0.03023050433322172,0,0,True,both_stay
3767,0.1396961430689565,0.12042917662385937,-0.019266966445097136,0,0,True,both_stay
7556,0.9711673846784605,0.9438346866491667,-0.027332698029293834,1,1,True,both_churn
3560,0.35078282966225116,0.399815271243231,0.04903244158097986,0,1,False,v2_stay_v3_churn
7162,0.12698209594914697,0.12945930777130263,0.002477211822155656,0,0,True,both_stay
5315,0.15810694811647924,0.1566070838658507,-0.0014998642506285353,0,0,True,both_stay
8858,0.05693457116446061,0.059659036128046426,0.002724464963585818,0,0,True,both_stay
8982,0.14450381923032166,0.12499054049648402,-0.01951327873383764,0,0,True,both_stay
2364,0.03671559958781725,0.04013588612756714,0.003420286539749892,0,0,True,both_stay
4539,0.058599589554178516,0.05749903209249039,-0.0011005574616881272,0,0,True,both_stay
4492,0.12045684220529575,0.12500735775334834,0.004550515548052594,0,0,True,both_stay
716,0.17286958264965074,0.17345970749731357,0.0005901248476628262,0,0,True,both_stay
3175,0.8564702117505267,0.7130976948060681,-0.14337251694445863,1,1,True,both_churn
2391,0.028117935866030785,0.03673698164992828,0.008619045783897494,0,0,True,both_stay
8328,0.12095432953168686,0.1283929421144143,0.007438612582727433,0,0,True,both_stay
1232,0.5042924108977455,0.5141885133663139,0.009896102468568424,1,1,True,both_churn
4756,0.24395419232873639,0.22648802028912182,-0.017466172039614564,0,0,True,both_stay
428,0.27469817154401166,0.25079254806516393,-0.023905623478847726,0,0,True,both_stay
3992,0.0971706928438366,0.07183962790422026,-0.025331064939616343,0,0,True,both_stay
9285,0.6353720849227712,0.6153183413948523,-0.020053743527918888,1,1,True,both_churn
4858,0.256747810002515,0.27488044745833246,0.018132637455817446,0,0,True,both_stay
5580,0.0349586149249083,0.034502104781054165,-0.0004565101438541372,0,0,True,both_stay
7669,0.05267281486196312,0.058671554813614545,0.005998739951651427,0,0,True,both_stay
8861,0.4197686519088334,0.3792198674502385,-0.04054878445859489,0,1,False,v2_stay_v3_churn
5993,0.1538148180327286,0.16248988110450105,0.00867506307177246,0,0,True,both_stay
590,0.15071300462570023,0.18771179370933877,0.036998789083638545,0,0,True,both_stay
9163,0.5118810506602727,0.5442133121852792,0.03233226152500657,1,1,True,both_churn
2541,0.9861425212529132,0.979360053390076,-0.006782467862837205,1,1,True,both_churn
4604,0.07337916575907405,0.10950656736966628,0.03612740161059223,0,0,True,both_stay
3703,0.8770529695558869,0.7843444209033917,-0.09270854865249512,1,1,True,both_churn
1987,0.7474823159281848,0.6376451970632441,-0.10983711886494074,1,1,True,both_churn
9085,0.07007309438524359,0.0856724739128596,0.015599379527616017,0,0,True,both_stay
5321,0.046083287600824877,0.10509254193388484,0.059009254333059966,0,0,True,both_stay
2843,0.060348413204375735,0.058671554813614545,-0.0016768583907611906,0,0,True,both_stay
7731,0.2685935262849687,0.27500438474367356,0.006410858458704871,0,0,True,both_stay
5935,0.05932306106718743,0.057219215074014416,-0.002103845993173016,0,0,True,both_stay
5246,0.03671559958781725,0.03811168133694524,0.0013960817491279892,0,0,True,both_stay
4366,0.03424803486682983,0.06453614186049304,0.030288106993663216,0,0,True,both_stay
6815,0.16401136043133877,0.16675536516367542,0.002744004732336658,0,0,True,both_stay
2170,0.2659924971049028,0.24953557204365648,-0.016456925061246325,0,0,True,both_stay
6069,0.14373217503400332,0.26411456657059057,0.12038239153658725,0,0,True,both_stay
9907,0.025603335262329593,0.033637890262085544,0.008034554999755951,0,0,True,both_stay
524,0.6372737117341329,0.6146596020262352,-0.02261410970789779,1,1,True,both_churn
1722,0.13972863089152257,0.12116023679949366,-0.018568394092028914,0,0,True,both_stay
7261,0.7309938376930947,0.6589034519829643,-0.07209038571013038,1,1,True,both_churn
8226,0.1616148848222753,0.1883159442387051,0.026701059416429807,0,0,True,both_stay
6128,0.05101255340933686,0.04719191617390667,-0.003820637235430191,0,0,True,both_stay
5223,0.21601944531227504,0.15359676391527968,-0.06242268139699536,0,0,True,both_stay
4883,0.37557352712295095,0.3792198674502385,0.003646340327287556,0,1,False,v2_stay_v3_churn
9390,0.060348413204375735,0.05775925710953004,-0.002589156094845696,0,0,True,both_stay
8408,0.047433451801344596,0.04815018744342672,0.0007167356420821266,0,0,True,both_stay
3003,0.6571798138993519,0.6187976570609083,-0.03838215683844359,1,1,True,both_churn
4372,0.12045684220529575,0.1278157166063694,0.007358874401073648,0,0,True,both_stay
9592,0.06484304949594215,0.09547714434240683,0.030634094846464677,0,0,True,both_stay
1025,0.03694504702285242,0.03628834342490845,-0.0006567035979439736,0,0,True,both_stay
3676,0.03671559958781725,0.04013588612756714,0.003420286539749892,0,0,True,both_stay
4551,0.5625029997011433,0.4847853598979912,-0.07771763980315205,1,1,True,both_churn
1637,0.07966825697309962,0.046904454338927835,-0.032763802634171786,0,0,True,both_stay
5018,0.644025452787232,0.6103773492773349,-0.03364810350989711,1,1,True,both_churn
1684,0.09288371030839031,0.11511896573911477,0.022235255430724465,0,0,True,both_stay
5736,0.028117935866030785,0.03673698164992828,0.008619045783897494,0,0,True,both_stay
8598,0.33866911559197044,0.2996637423345986,-0.039005373257371856,0,0,True,both_stay
5425,0.11384922302723187,0.11699170240838645,0.0031424793811545837,0,0,True,both_stay
9339,0.01618594695729026,0.0311949603247073,0.01500901336741704,0,0,True,both_stay
9422,0.13102099957098667,0.12874245392849715,-0.0022785456424895267,0,0,True,both_stay
8523,0.7309938376930947,0.6589034519829643,-0.07209038571013038,1,1,True,both_churn
798,0.053729367813180405,0.04350667926359783,-0.010222688549582575,0,0,True,both_stay
3379,0.1538148180327286,0.16248988110450105,0.00867506307177246,0,0,True,both_stay
7289,0.13728864749041345,0.15190244216041215,0.014613794669998709,0,0,True,both_stay
7299,0.47644935708396535,0.6025944787634864,0.12614512167952102,0,1,False,v2_stay_v3_churn
4562,0.035563839388845414,0.05005409352115021,0.014490254132304793,0,0,True,both_stay
1129,0.13728864749041345,0.15190244216041215,0.014613794669998709,0,0,True,both_stay
4168,0.17056317853794206,0.17334148772015298,0.0027783091822109196,0,0,True,both_stay
4137,0.6748038657674985,0.6257045553887892,-0.04909931037870929,1,1,True,both_churn
3021,0.14760037273575913,0.15645009686521444,0.00884972412945531,0,0,True,both_stay
2220,0.6029000165317886,0.6153183413948523,0.012418324863063712,1,1,True,both_churn
3671,0.19897194517364908,0.2576171840393652,0.0586452388657161,0,0,True,both_stay
2565,0.2591768294920719,0.2615673738350202,0.002390544342948331,0,0,True,both_stay
1589,0.17328520399077255,0.1559681898277924,-0.01731701416298015,0,0,True,both_stay
4158,0.1881960041279912,0.1996855671579473,0.011489563029956101,0,0,True,both_stay
9985,0.047433451801344596,0.04857549374098752,0.0011420419396429224,0,0,True,both_stay
2064,0.11465873730830876,0.11845085754906393,0.003792120240755162,0,0,True,both_stay
1980,0.02541117406321143,0.03326136480614042,0.007850190742928989,0,0,True,both_stay
4150,0.03819887304489268,0.036856695544953265,-0.0013421774999394162,0,0,True,both_stay
7552,0.015525124795372255,0.08404464446767183,0.06851951967229958,0,0,True,both_stay
7076,0.01977141606907799,0.03198647826499696,0.01221506219591897,0,0,True,both_stay
5253,0.03561578848516371,0.03221008055578466,-0.003405707929379047,0,0,True,both_stay
1166,0.01618594695729026,0.03155972467782036,0.015373777720530099,0,0,True,both_stay
4565,0.49477168790306497,0.48612190572593345,-0.008649782177131526,0,1,False,v2_stay_v3_churn
6735,0.060348413204375735,0.057543885755195236,-0.0028045274491804995,0,0,True,both_stay
7008,0.5754824295037291,0.4071137524755557,-0.16836867702817337,1,1,True,both_churn
2350,0.2649153620177849,0.23139382138648668,-0.0335215406312982,0,0,True,both_stay
8388,0.7166578161233655,0.6376451970632441,-0.07901261906012147,1,1,True,both_churn
9869,0.060348413204375735,0.058671554813614545,-0.0016768583907611906,0,0,True,both_stay
1871,0.15998002978725065,0.1602697311296331,0.00028970134238245904,0,0,True,both_stay
4122,0.717233853961952,0.27700207259159065,-0.4402317813703614,1,0,False,v2_churn_v3_stay
8897,0.644025452787232,0.6103773492773349,-0.03364810350989711,1,1,True,both_churn
5392,0.09019756024077012,0.11701667582566277,0.026819115584892653,0,0,True,both_stay
5201,0.14567792810461289,0.1565886215293065,0.010910693424693613,0,0,True,both_stay
6005,0.026249372658615287,0.03828854013573844,0.01203916747712315,0,0,True,both_stay
723,0.176096918073298,0.1894609275072169,0.01336400943391891,0,0,True,both_stay
2208,0.49477168790306497,0.48612190572593345,-0.008649782177131526,0,1,False,v2_stay_v3_churn
204,0.16239053588753163,0.12846969372287345,-0.03392084216465818,0,0,True,both_stay
3355,0.13381288368168762,0.11971799041024354,-0.014094893271444073,0,0,True,both_stay
8343,0.5947591714506054,0.6026091445133397,0.007849973062734272,1,1,True,both_churn
8875,0.03429378413608595,0.046756268062713484,0.012462483926627535,0,0,True,both_stay
2594,0.5118810506602727,0.5442133121852792,0.03233226152500657,1,1,True,both_churn
5041,0.02080285101516367,0.03326136480614042,0.01245851379097675,0,0,True,both_stay
1476,0.039148187444998726,0.038653218699072074,-0.0004949687459266522,0,0,True,both_stay
2766,0.07018297068511033,0.09789140349841186,0.02770843281330153,0,0,True,both_stay
3849,0.033593457938140336,0.034233550164243114,0.0006400922261027772,0,0,True,both_stay
8349,0.24395419232873639,0.22648802028912182,-0.017466172039614564,0,0,True,both_stay
1728,0.07269151643657014,0.0766786327232904,0.0039871162867202575,0,0,True,both_stay
7366,0.7314927423425527,0.7130976948060681,-0.018395047536484577,1,1,True,both_churn
7386,0.176096918073298,0.17483854048556846,-0.0012583775877295367,0,0,True,both_stay
6566,0.0790292019446193,0.04499412463202295,-0.034035077312596355,0,0,True,both_stay
5997,0.03210132488741786,0.02720430030575131,-0.0048970245816665516,0,0,True,both_stay
9125,0.13410974201907333,0.1311228935761047,-0.0029868484429686204,0,0,True,both_stay
9409,0.05113618521792692,0.03493715626463408,-0.016199028953292838,0,0,True,both_stay
5295,0.13968880535364206,0.1187566463879195,-0.020932158965722564,0,0,True,both_stay
4335,0.9884375389391259,0.9051228495343834,-0.08331468940474251,1,1,True,both_churn
3982,0.5625029997011433,0.4847853598979912,-0.07771763980315205,1,1,True,both_churn
1098,0.027911593068478836,0.03312616438716901,0.005214571318690176,0,0,True,both_stay
9192,0.3720664856029254,0.2753912248928451,-0.09667526071008026,0,0,True,both_stay
7776,0.5413268750895464,0.2514115468567913,-0.28991532823275507,1,0,False,v2_churn_v3_stay
876,0.06049533936210089,0.10714464102991754,0.046649301667816646,0,0,True,both_stay
7748,0.1815779403595278,0.15190244216041215,-0.029675498199115635,0,0,True,both_stay
5205,0.06586127747244772,0.11494960697092634,0.04908832949847862,0,0,True,both_stay
8884,0.775546004688846,0.7676335334325027,-0.007912471256343312,1,1,True,both_churn
1457,0.0911585913522356,0.14124513520249837,0.050086543850262774,0,0,True,both_stay
4131,0.5854574776574955,0.561631399982304,-0.023826077675191404,1,1,True,both_churn
3879,0.02437287320419297,0.035170880463260334,0.010798007259067363,0,0,True,both_stay
1195,0.4628844943148262,0.38217105435780535,-0.08071343995702085,0,1,False,v2_stay_v3_churn
3151,0.19440592525735878,0.2253358614700135,0.03092993621265472,0,0,True,both_stay
1218,0.13381288368168762,0.1179910554703813,-0.015821828211306316,0,0,True,both_stay
1919,0.6503924569054887,0.6544594573916165,0.0040670004861277365,1,1,True,both_churn
8247,0.03200837727077482,0.0335630322969895,0.0015546550262146852,0,0,True,both_stay
7773,0.10954675135105744,0.22042279793642364,0.11087604658536619,0,0,True,both_stay
3066,0.03315178496943227,0.035497990101301995,0.0023462051318697275,0,0,True,both_stay
4615,0.11686745459487548,0.12269698520745927,0.005829530612583789,0,0,True,both_stay
6609,0.24588881445821817,0.24949397764142703,0.0036051631832088593,0,0,True,both_stay
1854,0.1565340075306468,0.15607844720726496,-0.0004555603233818428,0,0,True,both_stay
1163,0.030589208248431234,0.03566010407604743,0.005070895827616197,0,0,True,both_stay
4408,0.16403229163548336,0.12791896622708995,-0.036113325408393404,0,0,True,both_stay
9063,0.19440592525735878,0.2253358614700135,0.03092993621265472,0,0,True,both_stay
6995,0.06049533936210089,0.10714464102991754,0.046649301667816646,0,0,True,both_stay
969,0.3420396642200652,0.1438331534957368,-0.1982065107243284,0,0,True,both_stay
6605,0.03499977151092577,0.036678788052279684,0.0016790165413539115,0,0,True,both_stay
1132,0.0971706928438366,0.07028469638713414,-0.026885996456702463,0,0,True,both_stay
5457,0.21663349058746892,0.5647650244877208,0.34813153390025187,0,1,False,v2_stay_v3_churn
170,0.1396961430689565,0.12042917662385937,-0.019266966445097136,0,0,True,both_stay
2954,0.03499977151092577,0.036678788052279684,0.0016790165413539115,0,0,True,both_stay
5903,0.1396961430689565,0.12042917662385937,-0.019266966445097136,0,0,True,both_stay
7032,0.2502187224920951,0.24845192853519268,-0.0017667939569024071,0,0,True,both_stay
8027,0.060348413204375735,0.0679590098523875,0.0076105966480117596,0,0,True,both_stay
5762,0.20933637160932864,0.2255325124275286,0.01619614081819995,0,0,True,both_stay
4293,0.38318943072099826,0.4038181825141975,0.02062875179319923,0,1,False,v2_stay_v3_churn
9780,0.27469817154401166,0.25079254806516393,-0.023905623478847726,0,0,True,both_stay
2847,0.05267281486196312,0.058671554813614545,0.005998739951651427,0,0,True,both_stay
6631,0.10487200104361556,0.11801258543465233,0.01314058439103677,0,0,True,both_stay
5237,0.11690711655080457,0.11075470252992037,-0.006152414020884206,0,0,True,both_stay
1647,0.1538148180327286,0.16248988110450105,0.00867506307177246,0,0,True,both_stay
4746,0.02259643332734648,0.033442016091382386,0.010845582764035907,0,0,True,both_stay
6167,0.024309650655911924,0.06431933136339792,0.04000968070748599,0,0,True,both_stay
6460,0.039148187444998726,0.03489555010359905,-0.004252637341399676,0,0,True,both_stay
4720,0.029114347998997394,0.03574811411845083,0.006633766119453436,0,0,True,both_stay
4433,0.12609978800920812,0.11646736117057425,-0.00963242683863387,0,0,True,both_stay
2192,0.12025174596010772,0.12720211238428447,0.006950366424176749,0,0,True,both_stay
9681,0.5002208407479292,0.507879356114518,0.007658515366588792,1,1,True,both_churn
1841,0.1254730351196849,0.12827641732505865,0.002803382205373739,0,0,True,both_stay
4861,0.2175609718013764,0.1202850273492424,-0.097275944452134,0,0,True,both_stay
1260,0.12980561944883942,0.13145723129617773,0.001651611847338308,0,0,True,both_stay
2643,0.12980561944883942,0.11727891415255283,-0.012526705296286592,0,0,True,both_stay
5682,0.035515555892097365,0.03326136480614042,-0.0022541910859569456,0,0,True,both_stay
3708,0.16403229163548336,0.12791896622708995,-0.036113325408393404,0,0,True,both_stay
7855,0.413476319582679,0.24471955300090684,-0.16875676658177216,0,0,True,both_stay
9331,0.07629441728883815,0.09848974373154151,0.02219532644270336,0,0,True,both_stay
2529,0.20934234535437954,0.11724096604103264,-0.0921013793133469,0,0,True,both_stay
4098,0.11947060824973837,0.1248024709551848,0.00533186270544643,0,0,True,both_stay
4334,0.32286469657061867,0.2543451879691144,-0.0685195086015043,0,0,True,both_stay
9976,0.11732785950121263,0.12720211238428447,0.009874252883071838,0,0,True,both_stay
5833,0.5947591714506054,0.6026091445133397,0.007849973062734272,1,1,True,both_churn
9729,0.022677333875002346,0.0310241872593965,0.008346853384394153,0,0,True,both_stay
3403,0.17437545204893506,0.22447686491450322,0.05010141286556816,0,0,True,both_stay
8302,0.058524208313656144,0.06694535912582524,0.008421150812169091,0,0,True,both_stay
7291,0.14319695335614527,0.12800071585562034,-0.015196237500524928,0,0,True,both_stay
2741,0.09334439290165568,0.058671554813614545,-0.034672838088041134,0,0,True,both_stay
989,0.6372737117341329,0.6146596020262352,-0.02261410970789779,1,1,True,both_churn
9174,0.32018556665218556,0.25684600640608174,-0.06333956024610382,0,0,True,both_stay
9115,0.046770799322171264,0.049098654186057765,0.0023278548638865013,0,0,True,both_stay
4430,0.2204002419282603,0.23088962709154384,0.010489385163283543,0,0,True,both_stay
8524,0.03969055795081677,0.036856695544953265,-0.002833862405863502,0,0,True,both_stay
1020,0.5364760983388507,0.598649299624942,0.06217320128609127,1,1,True,both_churn
1425,0.3316822188522505,0.2774711761841881,-0.054211042668062426,0,0,True,both_stay
1370,0.03179476531090979,0.033245734436655835,0.0014509691257460489,0,0,True,both_stay
1777,0.12257467721081872,0.12800071585562034,0.005426038644801623,0,0,True,both_stay
5438,0.16403229163548336,0.12791896622708995,-0.036113325408393404,0,0,True,both_stay
5983,0.03282449796659792,0.03479161924183711,0.001967121275239188,0,0,True,both_stay
3219,0.09246877481311018,0.06434823169885906,-0.02812054311425112,0,0,True,both_stay
7391,0.14218776551634985,0.12929537456090198,-0.012892390955447863,0,0,True,both_stay
4028,0.12017177197408464,0.07493912582857652,-0.04523264614550812,0,0,True,both_stay
1606,0.06587325134811821,0.07552693908206269,0.009653687733944483,0,0,True,both_stay
9806,0.1815779403595278,0.15190244216041215,-0.029675498199115635,0,0,True,both_stay
3217,0.7729525427275599,0.6647339750747377,-0.10821856765282212,1,1,True,both_churn
223,0.06769378127773924,0.12444172948941608,0.056747948211676835,0,0,True,both_stay
2130,0.45767243827348036,0.4709145415971204,0.013242103323640009,0,1,False,v2_stay_v3_churn
5336,0.7318682141005258,0.6376451970632441,-0.09422301703728175,1,1,True,both_churn
8008,0.4146257614880352,0.4383256963870445,0.02369993489900929,0,1,False,v2_stay_v3_churn
9810,0.1025028912466398,0.11256474678261681,0.010061855535977007,0,0,True,both_stay
6506,0.8001965951219487,0.6862811671155433,-0.11391542800640542,1,1,True,both_churn
2730,0.11052869577837346,0.12042917662385937,0.009900480845485907,0,0,True,both_stay
4655,0.0738792926333826,0.0678075746545794,-0.0060717179788031955,0,0,True,both_stay
7976,0.12661335650598407,0.15201269953988472,0.02539934303390065,0,0,True,both_stay
3912,0.1076227398915286,0.16218223122525008,0.05455949133372148,0,0,True,both_stay
5802,0.02763615859739728,0.04190400681892775,0.014267848221530474,0,0,True,both_stay
3614,0.09239528063604578,0.06122559122007753,-0.031169689415968253,0,0,True,both_stay
4679,0.030070608543704105,0.0422704427637235,0.012199834220019395,0,0,True,both_stay
7645,0.0738792926333826,0.0678075746545794,-0.0060717179788031955,0,0,True,both_stay
1362,0.03928256742755713,0.0778215944123367,0.03853902698477957,0,0,True,both_stay
8248,0.13968880535364206,0.1187566463879195,-0.020932158965722564,0,0,True,both_stay
7406,0.2401453214579875,0.23088962709154384,-0.009255694366443662,0,0,True,both_stay
7509,0.063692217589515,0.05749903209249039,-0.006193185497024613,0,0,True,both_stay
1065,0.047433451801344596,0.04815018744342672,0.0007167356420821266,0,0,True,both_stay
8234,0.5854574776574955,0.561631399982304,-0.023826077675191404,1,1,True,both_churn
4920,0.03800477208159516,0.03881446877057324,0.0008096966889780816,0,0,True,both_stay
9871,0.026487918772938303,0.03574811411845083,0.009260195345512527,0,0,True,both_stay
5014,0.04073470379233876,0.043309867667513324,0.002575163875174563,0,0,True,both_stay
246,0.03179476531090979,0.033245734436655835,0.0014509691257460489,0,0,True,both_stay
6014,0.6008911656169476,0.6026091445133397,0.001717978896392136,1,1,True,both_churn
9861,0.22085237245722428,0.18771179370933877,-0.03314057874788551,0,0,True,both_stay
6174,0.06484304949594215,0.08968889428965676,0.024845844793714614,0,0,True,both_stay
8325,0.03561578848516371,0.03221008055578466,-0.003405707929379047,0,0,True,both_stay
8468,0.037617483990952286,0.038653218699072074,0.0010357347081197885,0,0,True,both_stay
3258,0.17328520399077255,0.1559681898277924,-0.01731701416298015,0,0,True,both_stay
7780,0.06769378127773924,0.12444172948941608,0.056747948211676835,0,0,True,both_stay
2142,0.16960749566116956,0.15254133619847046,-0.0170661594626991,0,0,True,both_stay
7876,0.5642864782940036,0.5017874824434776,-0.062498995850525985,1,1,True,both_churn
6368,0.8215973569771163,0.6478980101453663,-0.17369934683175003,1,1,True,both_churn
6462,0.34599545217523997,0.29834259147547276,-0.04765286069976721,0,0,True,both_stay
6683,0.6353720849227712,0.6153183413948523,-0.020053743527918888,1,1,True,both_churn
650,0.2422392617571335,0.2551219871107793,0.012882725353645819,0,0,True,both_stay
6063,0.13268277192038355,0.12486050194641239,-0.00782226997397116,0,0,True,both_stay
6785,0.20788346250689518,0.2480050702004847,0.04012160769358952,0,0,True,both_stay
3941,0.11241333188804202,0.1232239251003411,0.010810593212299074,0,0,True,both_stay
3130,0.7043402151874293,0.6588026411205019,-0.04553757406692738,1,1,True,both_churn
5881,0.07966825697309962,0.046904454338927835,-0.032763802634171786,0,0,True,both_stay
3241,0.14450381923032166,0.12370998791419718,-0.020793831316124473,0,0,True,both_stay
8785,0.01618594695729026,0.02936086803377155,0.01317492107648129,0,0,True,both_stay
43,0.6236476733457953,0.6150791781722019,-0.008568495173593371,1,1,True,both_churn
7544,0.1254730351196849,0.12827641732505865,0.002803382205373739,0,0,True,both_stay
7705,0.10246404021903605,0.11859632089745549,0.016132280678419444,0,0,True,both_stay
209,0.4904878460112086,0.47400914322794074,-0.01647870278326785,0,1,False,v2_stay_v3_churn
3730,0.1616148848222753,0.1883159442387051,0.026701059416429807,0,0,True,both_stay
7004,0.6979105017759314,0.6184427544615266,-0.07946774731440476,1,1,True,both_churn
4799,0.7413336027166463,0.6589034519829643,-0.08243015073368198,1,1,True,both_churn
5742,0.3265667474409935,0.5715709883364622,0.24500424089546874,0,1,False,v2_stay_v3_churn
7414,0.11305855813128855,0.16076267251820933,0.04770411438692078,0,0,True,both_stay
1225,0.7278480953821719,0.6187976570609083,-0.1090504383212636,1,1,True,both_churn
8956,0.07954485924408716,0.08535307226082499,0.005808213016737826,0,0,True,both_stay
663,0.1708426298825986,0.1645360302961487,-0.0063065995864499125,0,0,True,both_stay
3465,0.09870719222912222,0.11154392478276741,0.012836732553645189,0,0,True,both_stay
6003,0.07866832479322243,0.10376679364495452,0.025098468851732086,0,0,True,both_stay
2802,0.7166578161233655,0.6376451970632441,-0.07901261906012147,1,1,True,both_churn
1085,0.21311817510431966,0.2758937441092162,0.06277556900489653,0,0,True,both_stay
7852,0.19440592525735878,0.2253358614700135,0.03092993621265472,0,0,True,both_stay
4504,0.15873292162334926,0.17334148772015298,0.014608566096803721,0,0,True,both_stay
5084,0.6986631364755013,0.6438802979848389,-0.054782838490662344,1,1,True,both_churn
2265,0.04073470379233876,0.043309867667513324,0.002575163875174563,0,0,True,both_stay
8604,0.05979108462076889,0.0678075746545794,0.008016490033810511,0,0,True,both_stay
7483,0.41612188493148144,0.40410723004257604,-0.012014654888905407,0,1,False,v2_stay_v3_churn
8376,0.19440592525735878,0.2253358614700135,0.03092993621265472,0,0,True,both_stay
4782,0.662837808254748,0.6185866312964775,-0.04425117695827052,1,1,True,both_churn
5678,0.02437287320419297,0.035170880463260334,0.010798007259067363,0,0,True,both_stay
7079,0.02541117406321143,0.03326136480614042,0.007850190742928989,0,0,True,both_stay
8747,0.01782562581364784,0.03208585412398902,0.014260228310341176,0,0,True,both_stay
5819,0.12128201065300437,0.12116023679949366,-0.00012177385351071213,0,0,True,both_stay
8698,0.031084519729471592,0.03454549180488611,0.0034609720754145146,0,0,True,both_stay
2738,0.5821992339672782,0.7615562540433048,0.1793570200760266,1,1,True,both_churn
9240,0.1495047145427961,0.1795307326393464,0.03002601809655031,0,0,True,both_stay
1240,0.11088978543353063,0.1559681898277924,0.045078404394261765,0,0,True,both_stay
1203,0.16576946608079876,0.157415591004927,-0.008353875075871764,0,0,True,both_stay
7921,0.035408960626854225,0.04190400681892775,0.006495046192073528,0,0,True,both_stay
9307,0.06587325134811821,0.07552693908206269,0.009653687733944483,0,0,True,both_stay
3242,0.08866780383895334,0.1559681898277924,0.06730038598883906,0,0,True,both_stay
2973,0.8356736721563562,0.6471179740578309,-0.18855569809852535,1,1,True,both_churn
1853,0.2502187224920951,0.24845192853519268,-0.0017667939569024071,0,0,True,both_stay
5293,0.03928256742755713,0.0778215944123367,0.03853902698477957,0,0,True,both_stay
8179,0.13231696623782527,0.11256474678261681,-0.019752219455208456,0,0,True,both_stay
2395,0.6375926319707172,0.6185866312964775,-0.019006000674239742,1,1,True,both_churn
5359,0.2880560573623857,0.2796700615627891,-0.00838599579959659,0,0,True,both_stay
4374,0.061647510992472225,0.07409664824966376,0.012449137257191538,0,0,True,both_stay
6792,0.1254730351196849,0.12827641732505865,0.002803382205373739,0,0,True,both_stay
6424,0.11070467807335511,0.11326525776793951,0.0025605796945843973,0,0,True,both_stay
1255,0.11365273388794668,0.16327077121088573,0.049618037322939054,0,0,True,both_stay
6557,0.07269151643657014,0.0766786327232904,0.0039871162867202575,0,0,True,both_stay
6944,0.17328520399077255,0.1559681898277924,-0.01731701416298015,0,0,True,both_stay
5962,0.36735185060767356,0.30100664341220723,-0.06634520719546633,0,0,True,both_stay
5296,0.3402466608213951,0.40301893631697633,0.06277227549558123,0,1,False,v2_stay_v3_churn
8729,0.1799887593193804,0.2348361122103264,0.054847352890946,0,0,True,both_stay
9121,0.43709444052631535,0.2702531808875976,-0.16684125963871776,0,0,True,both_stay
5665,0.02437287320419297,0.035170880463260334,0.010798007259067363,0,0,True,both_stay
8753,0.13930624210210646,0.13077820310624785,-0.008528038995858606,0,0,True,both_stay
2712,0.11241333188804202,0.1232239251003411,0.010810593212299074,0,0,True,both_stay
4950,0.45767243827348036,0.4709145415971204,0.013242103323640009,0,1,False,v2_stay_v3_churn
7737,0.1396961430689565,0.11904103225992536,-0.020655110809031138,0,0,True,both_stay
5518,0.060821792439862306,0.0678075746545794,0.006985782214717094,0,0,True,both_stay
