precision,recall,threshold
0.204,1.0,0.012977880677058537
0.20410205102551277,1.0,0.013289747380434048
0.2042042042042042,1.0,0.013750616181547812
0.20430645968953431,1.0,0.01402222171876724
0.20440881763527055,1.0,0.01413625934341804
0.20401002506265664,0.9975490196078431,0.014167935586660435
0.2041123370110331,0.9975490196078431,0.014213258488180697
0.2042147516307075,0.9975490196078431,0.014232150466190476
0.2043172690763052,0.9975490196078431,0.01455329179330375
0.20441988950276244,0.9975490196078431,0.014795473865180112
0.20452261306532662,0.9975490196078431,0.015174886484366025
0.20462543991955756,0.9975490196078431,0.01530968044346647
0.20472837022132798,0.9975490196078431,0.015420607852207995
0.20483140412682435,0.9975490196078431,0.015619351096664078
0.20493454179254783,0.9975490196078431,0.015623737434766546
0.20503778337531486,0.9975490196078431,0.01564429820889054
0.20514112903225806,0.9975490196078431,0.01569389165271519
0.20524457892082704,0.9975490196078431,0.01572569485088755
0.2053481331987891,0.9975490196078431,0.01575188445574319
0.2054517920242302,0.9975490196078431,0.015817206219631556
0.20555555555555555,0.9975490196078431,0.015841539064167357
0.20565942395149064,0.9975490196078431,0.01594889538607348
0.2057633973710819,0.9975490196078431,0.015949483653938876
0.20586747597369753,0.9975490196078431,0.016074249344045596
0.20597165991902833,0.9975490196078431,0.016077219726580206
0.20607594936708862,0.9975490196078431,0.01608636251363944
0.20618034447821681,0.9975490196078431,0.016123343233253803
0.20628484541307654,0.9975490196078431,0.016203912958800033
0.2063894523326572,0.9975490196078431,0.01622491844699013
0.20649416539827498,0.9975490196078431,0.01622875475122479
0.2065989847715736,0.9975490196078431,0.016241865384000038
0.20670391061452514,0.9975490196078431,0.016320866840638576
0.2068089430894309,0.9975490196078431,0.016348813111034033
0.20691408235892222,0.9975490196078431,0.016383770803018168
0.20701932858596134,0.9975490196078431,0.016406518810206192
0.20712468193384223,0.9975490196078431,0.016409625042781005
0.20723014256619143,0.9975490196078431,0.016420274781439897
0.20733571064696893,0.9975490196078431,0.016440412561301875
0.2074413863404689,0.9975490196078431,0.016444383221734468
0.20754716981132076,0.9975490196078431,0.016458426694462052
0.2076530612244898,0.9975490196078431,0.016493356857549022
0.2077590607452782,0.9975490196078431,0.016556778686622257
0.20786516853932585,0.9975490196078431,0.01699794661245922
0.20797138477261115,0.9975490196078431,0.017069092907224175
0.20807770961145194,0.9975490196078431,0.01709426059730418
0.2081841432225064,0.9975490196078431,0.017158878701775206
0.2082906857727738,0.9975490196078431,0.0171981168146092
0.2083973374295955,0.9975490196078431,0.017278807550053833
0.20850409836065573,0.9975490196078431,0.017300828170462995
0.20861096873398258,0.9975490196078431,0.01731311315277533
0.20871794871794871,0.9975490196078431,0.017526524469348836
0.20882503848127246,0.9975490196078431,0.017538412332226517
0.20893223819301848,0.9975490196078431,0.01762509731644658
0.20903954802259886,0.9975490196078431,0.017742057137300066
0.2091469681397739,0.9975490196078431,0.01774583285191694
0.20925449871465296,0.9975490196078431,0.01792863838648528
0.20936213991769548,0.9975490196078431,0.018058513270184127
0.2094698919197118,0.9975490196078431,0.018118294770256952
0.20957775489186406,0.9975490196078431,0.01816666718665827
0.20968572900566718,0.9975490196078431,0.01826326073724495
0.2097938144329897,0.9975490196078431,0.01826512307014268
0.20990201134605466,0.9975490196078431,0.018417157522001504
0.21001031991744065,0.9975490196078431,0.01871344027271907
0.2101187403200826,0.9975490196078431,0.019202156345515857
0.21022727272727273,0.9975490196078431,0.019513255274344263
0.2103359173126615,0.9975490196078431,0.019705071214310255
0.21044467425025853,0.9975490196078431,0.019737866650821542
0.21055354371443352,0.9975490196078431,0.0197388272506021
0.21066252587991718,0.9975490196078431,0.01976919026594358
0.21077162092180218,0.9975490196078431,0.01977810606156043
0.21088082901554403,0.9975490196078431,0.019843580704531513
0.21099015033696217,0.9975490196078431,0.020013844563704485
0.21109958506224066,0.9975490196078431,0.020020725465122406
0.21120913336792943,0.9975490196078431,0.02006172738334665
0.21131879543094495,0.9975490196078431,0.020070484250540737
0.21142857142857144,0.9975490196078431,0.020106381744950927
0.21153846153846154,0.9975490196078431,0.020175017908164703
0.21164846593863754,0.9975490196078431,0.020178392241308584
0.21175858480749218,0.9975490196078431,0.020280768152367804
0.2118688183237897,0.9975490196078431,0.02036617303057057
0.21197916666666666,0.9975490196078431,0.020412088777089023
0.21208963001563313,0.9975490196078431,0.020431622538356772
0.2122002085505735,0.9975490196078431,0.02046176143916578
0.21231090245174752,0.9975490196078431,0.020508732574420853
0.21242171189979123,0.9975490196078431,0.020518997906813368
0.212532637075718,0.9975490196078431,0.020554695216641387
0.21264367816091953,0.9975490196078431,0.020586715807026312
0.21275483533716674,0.9975490196078431,0.020626597125027783
0.21286610878661089,0.9975490196078431,0.020713094512648703
0.2129774986917844,0.9975490196078431,0.02076193413728615
0.2130890052356021,0.9975490196078431,0.020791123484914457
0.21320062860136196,0.9975490196078431,0.020797791871757638
0.21331236897274633,0.9975490196078431,0.02084997418148644
0.21342422653382276,0.9975490196078431,0.020890552349453192
0.21353620146904512,0.9975490196078431,0.02090703594136097
0.2136482939632546,0.9975490196078431,0.020914335778505544
0.21376050420168066,0.9975490196078431,0.020918146987849186
0.21334734629532318,0.9950980392156863,0.021009799852505427
0.21345951629863302,0.9950980392156863,0.02106428261536843
0.2135718043135192,0.9950980392156863,0.021075806344442987
0.21368421052631578,0.9950980392156863,0.021082330837613777
0.21379673512374933,0.9950980392156863,0.021159067591033465
0.21390937829293993,0.9950980392156863,0.02116522660248743
0.2140221402214022,0.9950980392156863,0.021169719973731908
0.2141350210970464,0.9950980392156863,0.02119130591901051
0.21424802110817942,0.9950980392156863,0.021214675211834233
0.21436114044350582,0.9950980392156863,0.021219955391187192
0.2144743792921289,0.9950980392156863,0.02122099465810569
0.21458773784355178,0.9950980392156863,0.02127852842174634
0.21470121628767846,0.9950980392156863,0.021299810187375232
0.21481481481481482,0.9950980392156863,0.021320405237985524
0.21492853361566966,0.9950980392156863,0.02133217903900114
0.21504237288135594,0.9950980392156863,0.02133975309847308
0.21515633280339164,0.9950980392156863,0.021439520698111125
0.21527041357370094,0.9950980392156863,0.02148460935545193
0.2153846153846154,0.9950980392156863,0.021499007646892384
0.21549893842887474,0.9950980392156863,0.021541824192430423
0.21561338289962825,0.9950980392156863,0.021568571097220685
0.2157279489904357,0.9950980392156863,0.021637201146381586
0.21584263689526847,0.9950980392156863,0.02166427284732411
0.21595744680851064,0.9950980392156863,0.021666021168483502
0.2160723789249601,0.9950980392156863,0.021674852088271423
0.2161874334398296,0.9950980392156863,0.021744380509684136
0.216302610548748,0.9950980392156863,0.02174544590023178
0.21641791044776118,0.9950980392156863,0.021762319876700836
0.21653333333333333,0.9950980392156863,0.02179986573073305
0.21664887940234792,0.9950980392156863,0.021806448270602508
0.2167645488521089,0.9950980392156863,0.021811646417601565
0.2168803418803419,0.9950980392156863,0.021812228513168525
0.2169962586851951,0.9950980392156863,0.02184105152185035
0.21711229946524063,0.9950980392156863,0.02185399653933445
0.21722846441947566,0.9950980392156863,0.022014240257772332
0.21734475374732334,0.9950980392156863,0.02201976636324028
0.21746116764863418,0.9950980392156863,0.02203017777190584
0.21757770632368703,0.9950980392156863,0.02204618525366861
0.21769436997319036,0.9950980392156863,0.0220629874038351
0.21781115879828325,0.9950980392156863,0.02206436075720086
0.21792807300053677,0.9950980392156863,0.02207976214126098
0.21804511278195488,0.9950980392156863,0.02212671251261698
0.2181622783449758,0.9950980392156863,0.022213545223927624
0.21827956989247313,0.9950980392156863,0.022278341309726873
0.21839698762775686,0.9950980392156863,0.022299969254599514
0.2185145317545748,0.9950980392156863,0.022423064580861452
0.21863220247711362,0.9950980392156863,0.02243617026072443
0.2182112068965517,0.9926470588235294,0.022517242044548868
0.2183288409703504,0.9926470588235294,0.02272623219656547
0.21844660194174756,0.9926470588235294,0.02273067527872572
0.21856449001618997,0.9926470588235294,0.022821579337258813
0.21868250539956804,0.9926470588235294,0.022835120789414586
0.2188006482982172,0.9926470588235294,0.022915967081657097
0.21891891891891893,0.9926470588235294,0.022985035304538354
0.21903731746890212,0.9926470588235294,0.02303079494784217
0.21915584415584416,0.9926470588235294,0.023035956487947883
0.21927449918787223,0.9926470588235294,0.023190798018268993
0.21939328277356446,0.9926470588235294,0.023203167458398677
0.21951219512195122,0.9926470588235294,0.023204139305569305
0.21963123644251628,0.9926470588235294,0.023273967999142
0.21975040694519804,0.9926470588235294,0.023298046616071932
0.21986970684039087,0.9926470588235294,0.023339031582950698
0.21998913633894623,0.9926470588235294,0.02348970814677832
0.22010869565217392,0.9926470588235294,0.023497258054849188
0.22022838499184338,0.9926470588235294,0.023513228044725724
0.22034820457018497,0.9926470588235294,0.023579294932354698
0.22046815459989114,0.9926470588235294,0.02368810330897392
0.22058823529411764,0.9926470588235294,0.023738682686874374
0.22070844686648503,0.9926470588235294,0.02377162673832503
0.2208287895310796,0.9926470588235294,0.02380244977985327
0.220949263502455,0.9926470588235294,0.023823234263190777
0.2210698689956332,0.9926470588235294,0.02389120101713245
0.22119060622610595,0.9926470588235294,0.02391644713236195
0.22131147540983606,0.9926470588235294,0.02395705819621388
0.2214324767632586,0.9926470588235294,0.024024624643011496
0.2215536105032823,0.9926470588235294,0.024057929820170642
0.22167487684729065,0.9926470588235294,0.024231750550292308
0.22179627601314347,0.9926470588235294,0.024248209524073777
0.2219178082191781,0.9926470588235294,0.02430060373236262
0.22203947368421054,0.9926470588235294,0.024411262596709924
0.22216127262753702,0.9926470588235294,0.02456517062026331
0.22228320526893525,0.9926470588235294,0.024620529605882735
0.22240527182866557,0.9926470588235294,0.024648920757241306
0.22252747252747251,0.9926470588235294,0.024706480391917956
0.22264980758658603,0.9926470588235294,0.024744656554506167
0.22277227722772278,0.9926470588235294,0.02482005689716001
0.22289488167308752,0.9926470588235294,0.025105699287487866
0.22301762114537446,0.9926470588235294,0.025189495352529793
0.2231404958677686,0.9926470588235294,0.025284426007877777
0.22326350606394707,0.9926470588235294,0.025376004194129716
0.22338665195808052,0.9926470588235294,0.025475125435023144
0.22350993377483444,0.9926470588235294,0.025525695309862803
0.22363335173937052,0.9926470588235294,0.02552873463086157
0.22375690607734808,0.9926470588235294,0.02563539293490308
0.22388059701492538,0.9926470588235294,0.02565376393607834
0.22400442477876106,0.9926470588235294,0.02572853297255287
0.2241283895960155,0.9926470588235294,0.02602284304156091
0.22425249169435216,0.9926470588235294,0.026077307982652093
0.22437673130193905,0.9926470588235294,0.026101970210044272
0.2245011086474501,0.9926470588235294,0.026145933836070334
0.22462562396006655,0.9926470588235294,0.026165380300339925
0.22475027746947837,0.9926470588235294,0.026170901107752456
0.2248750694058856,0.9926470588235294,0.026188451668402418
0.225,0.9926470588235294,0.026207880091926688
0.22512506948304614,0.9926470588235294,0.02626358577870548
0.22525027808676307,0.9926470588235294,0.026312657076845034
0.22537562604340566,0.9926470588235294,0.02641104643799111
0.2255011135857461,0.9926470588235294,0.02642221887789728
0.22562674094707522,0.9926470588235294,0.026438578722979975
0.225752508361204,0.9926470588235294,0.026464268984840614
0.22587841606246514,0.9926470588235294,0.026470638147471883
0.22600446428571427,0.9926470588235294,0.026475178066826144
0.22613065326633167,0.9926470588235294,0.026509288287870313
0.22625698324022347,0.9926470588235294,0.02651891088727786
0.22638345444382338,0.9926470588235294,0.026543611363765013
0.22651006711409397,0.9926470588235294,0.026674953660009756
0.22663682148852826,0.9926470588235294,0.0266921598046394
0.22676371780515117,0.9926470588235294,0.02671939703939911
0.226890756302521,0.9926470588235294,0.026824998088666185
0.22701793721973093,0.9926470588235294,0.026915974716259016
0.22714526079641054,0.9926470588235294,0.02691970420530591
0.22727272727272727,0.9926470588235294,0.026964811866817737
0.227400336889388,0.9926470588235294,0.02697747073862784
0.22752808988764045,0.9926470588235294,0.027008113465781015
0.22765598650927488,0.9926470588235294,0.02702259813738014
0.22778402699662542,0.9926470588235294,0.02704232622523268
0.22791221159257175,0.9926470588235294,0.02706506853066042
0.22804054054054054,0.9926470588235294,0.027103385372694508
0.22816901408450704,0.9926470588235294,0.027198671302266848
0.22829763246899662,0.9926470588235294,0.02733275418370745
0.22842639593908629,0.9926470588235294,0.02734324384992391
0.22855530474040633,0.9926470588235294,0.02745147441546543
0.22868435911914173,0.9926470588235294,0.02747627764370006
0.2288135593220339,0.9926470588235294,0.02756487884790536
0.22894290559638214,0.9926470588235294,0.02768647438130813
0.22907239819004524,0.9926470588235294,0.027687573119889047
0.22920203735144312,0.9926470588235294,0.027720976183574764
0.22933182332955832,0.9926470588235294,0.02775898180553718
0.22946175637393768,0.9926470588235294,0.027768978694774862
0.22959183673469388,0.9926470588235294,0.02778185819167245
0.22972206466250708,0.9926470588235294,0.027847715368468806
0.22985244040862657,0.9926470588235294,0.02804487683155984
0.22998296422487224,0.9926470588235294,0.028209510207509936
0.23011363636363635,0.9926470588235294,0.028246927510220635
0.23024445707788516,0.9926470588235294,0.028337982303875547
0.23037542662116042,0.9926470588235294,0.028365673901786407
0.2305065452475811,0.9926470588235294,0.028380487783404445
0.2306378132118451,0.9926470588235294,0.028401639386600865
0.23076923076923078,0.9926470588235294,0.028460305897282403
0.23090079817559864,0.9926470588235294,0.02847015700545531
0.23103251568739305,0.9926470588235294,0.028499864664505815
0.23116438356164384,0.9926470588235294,0.028505696254908886
0.23129640205596802,0.9926470588235294,0.02854063703084415
0.23142857142857143,0.9926470588235294,0.028619729321716924
0.23156089193825044,0.9926470588235294,0.028643423826751335
0.2316933638443936,0.9926470588235294,0.028669724622982663
0.2318259874069834,0.9926470588235294,0.028691997420352344
0.23195876288659795,0.9926470588235294,0.02882866709978975
0.23209169054441262,0.9926470588235294,0.02887507915308149
0.23222477064220184,0.9926470588235294,0.028889602334762374
0.23235800344234078,0.9926470588235294,0.0289942704661113
0.23249138920780713,0.9926470588235294,0.029067052530069415
0.23262492820218264,0.9926470588235294,0.02907498765147307
0.23275862068965517,0.9926470588235294,0.029146005136379716
0.23289246693502014,0.9926470588235294,0.02931716705635214
0.2330264672036824,0.9926470588235294,0.02948372756543763
0.23316062176165803,0.9926470588235294,0.029592414711117038
0.23329493087557604,0.9926470588235294,0.029603900185455053
0.2334293948126801,0.9926470588235294,0.02968190831268046
0.23356401384083045,0.9926470588235294,0.02973291901682661
0.23369878822850548,0.9926470588235294,0.029813342420401134
0.2338337182448037,0.9926470588235294,0.029915354692192267
0.2339688041594454,0.9926470588235294,0.029928595449034714
0.23410404624277456,0.9926470588235294,0.029944365509806264
0.23423944476576056,0.9926470588235294,0.02997695365168922
0.234375,0.9926470588235294,0.029983868096323345
0.23451071221771858,0.9926470588235294,0.030056167570587867
0.23464658169177288,0.9926470588235294,0.030097879761490576
0.23478260869565218,0.9926470588235294,0.030133011741475747
0.23491879350348027,0.9926470588235294,0.030171593544637897
0.2350551363900174,0.9926470588235294,0.03019162161362719
0.23519163763066203,0.9926470588235294,0.03019675617174999
0.23532829750145265,0.9926470588235294,0.030274254665665228
0.23546511627906977,0.9926470588235294,0.03028033391950921
0.2356020942408377,0.9926470588235294,0.030377323556943486
0.23573923166472643,0.9926470588235294,0.030436267755565617
0.23529411764705882,0.9901960784313726,0.030436779249082866
0.23543123543123542,0.9901960784313726,0.030609240428056673
0.23556851311953353,0.9901960784313726,0.03067729294520738
0.23570595099183198,0.9901960784313726,0.030698809226372772
0.23584354932866317,0.9901960784313726,0.030743418449458243
0.23598130841121495,0.9901960784313726,0.030773594945809595
0.23611922852133255,0.9901960784313726,0.030802079063540166
0.23567251461988303,0.9877450980392157,0.030864552948360463
0.2358104154476302,0.9877450980392157,0.031064130939907304
0.23594847775175645,0.9877450980392157,0.03109718654238014
0.23608670181605154,0.9877450980392157,0.031162909309166084
0.23622508792497068,0.9877450980392157,0.031233876464543047
0.23636363636363636,0.9877450980392157,0.031355578336837255
0.23650234741784038,0.9877450980392157,0.03137572504181727
0.2366412213740458,0.9877450980392157,0.03138035615967796
0.23678025851938894,0.9877450980392157,0.03146186008154376
0.23691945914168136,0.9877450980392157,0.03160478260653118
0.23705882352941177,0.9877450980392157,0.031652748711193036
0.2371983519717481,0.9877450980392157,0.03178265441545077
0.23733804475853945,0.9877450980392157,0.031904391494001004
0.2374779021803182,0.9877450980392157,0.03203919689635388
0.23761792452830188,0.9877450980392157,0.032090431415761816
0.2377581120943953,0.9877450980392157,0.03227875138815527
0.23789846517119245,0.9877450980392157,0.03229540765015498
0.23803898405197874,0.9877450980392157,0.03230004866277932
0.23817966903073287,0.9877450980392157,0.03240548168477429
0.23832052040212892,0.9877450980392157,0.032512824383847776
0.23846153846153847,0.9877450980392157,0.03258491989630856
0.23860272350503256,0.9877450980392157,0.03280924489007066
0.2387440758293839,0.9877450980392157,0.032890484719957445
0.23888559573206877,0.9877450980392157,0.03289898841699065
0.23902728351126928,0.9877450980392157,0.03298850721116191
0.23916913946587537,0.9877450980392157,0.03302440134919024
0.23931116389548693,0.9877450980392157,0.03312412645905017
0.23945335710041593,0.9877450980392157,0.03314784013139546
0.23959571938168847,0.9877450980392157,0.03315203695460408
0.23973825104104698,0.9877450980392157,0.03322540080599532
0.2398809523809524,0.9877450980392157,0.03338431472882463
0.24002382370458605,0.9877450980392157,0.033395922074042204
0.2401668653158522,0.9877450980392157,0.03348013918321643
0.24031007751937986,0.9877450980392157,0.03353852374904422
0.24045346062052506,0.9877450980392157,0.03355581766804815
0.24059701492537314,0.9877450980392157,0.0335959376915941
0.24074074074074073,0.9877450980392157,0.033605327713456784
0.24088463837417812,0.9877450980392157,0.03388230653117797
0.2410287081339713,0.9877450980392157,0.03399152151145202
0.24117295032914424,0.9877450980392157,0.03403801821789013
0.24131736526946107,0.9877450980392157,0.03407349514625246
0.2414619532654284,0.9877450980392157,0.034208654238661686
0.24160671462829736,0.9877450980392157,0.034236292457258115
0.241751649670066,0.9877450980392157,0.03430311582361292
0.2418967587034814,0.9877450980392157,0.034391246821943916
0.24204204204204205,0.9877450980392157,0.03439284059027443
0.2421875,0.9877450980392157,0.03448703771019287
0.2423331328923632,0.9877450980392157,0.034490135429177234
0.24247894103489773,0.9877450980392157,0.03456220010831212
0.24262492474413005,0.9877450980392157,0.034612253911568656
0.2427710843373494,0.9877450980392157,0.03470911198505241
0.24291742013261,0.9877450980392157,0.034929407663500216
0.24306393244873342,0.9877450980392157,0.03495534443729218
0.2432106216053108,0.9877450980392157,0.03502840834180324
0.2433574879227053,0.9877450980392157,0.03503877315098708
0.24350453172205438,0.9877450980392157,0.035051107788250394
0.24365175332527206,0.9877450980392157,0.03507204792916657
0.24379915305505143,0.9877450980392157,0.0351463461133353
0.24394673123486682,0.9877450980392157,0.035561045043977654
0.2440944881889764,0.9877450980392157,0.03561436125710273
0.24424242424242423,0.9877450980392157,0.03564900623955303
0.24439053972104305,0.9877450980392157,0.035681688461653954
0.2445388349514563,0.9877450980392157,0.03586361429871638
0.24468731026108076,0.9877450980392157,0.035872443814072306
0.2448359659781288,0.9877450980392157,0.03587454440401156
0.24498480243161094,0.9877450980392157,0.03589890071965122
0.2451338199513382,0.9877450980392157,0.03590817641432011
0.24528301886792453,0.9877450980392157,0.03594510223634625
0.24543239951278928,0.9877450980392157,0.035948600870390854
0.24558196221815967,0.9877450980392157,0.03596298284914786
0.24573170731707317,0.9877450980392157,0.036005503662596645
0.2458816351433801,0.9877450980392157,0.03618564823427084
0.24603174603174602,0.9877450980392157,0.03633349234497231
0.24618204031765425,0.9877450980392157,0.036379774267088334
0.24633251833740832,0.9877450980392157,0.03642929290648248
0.24648318042813455,0.9877450980392157,0.036439489300076074
0.24663402692778458,0.9877450980392157,0.036490460851141125
0.2467850581751378,0.9877450980392157,0.03649241314627086
0.24693627450980393,0.9877450980392157,0.036656736704190104
0.24708767627222564,0.9877450980392157,0.036833394169385636
0.24723926380368097,0.9877450980392157,0.037235601755723644
0.24739103744628607,0.9877450980392157,0.03728176282570783
0.24754299754299755,0.9877450980392157,0.037345616656674185
0.24769514443761526,0.9877450980392157,0.03743034571658846
0.24784747847478475,0.9877450980392157,0.03760560656047674
0.248,0.9877450980392157,0.037667046730930374
0.2481527093596059,0.9877450980392157,0.03783653610208378
0.24830560690080097,0.9877450980392157,0.03784084075470761
0.24845869297163994,0.9877450980392157,0.03788883908640573
0.2486119679210364,0.9877450980392157,0.03795119029504499
0.24876543209876542,0.9877450980392157,0.03801218726213746
0.24891908585546635,0.9877450980392157,0.038533161043954565
0.24907292954264523,0.9877450980392157,0.038542146516445074
0.24922696351267778,0.9877450980392157,0.038672153473556535
0.24938118811881188,0.9877450980392157,0.038769108345088926
0.24953560371517028,0.9877450980392157,0.03879199077993992
0.2496902106567534,0.9877450980392157,0.03886489863191625
0.24984500929944203,0.9877450980392157,0.03892116150511104
0.25,0.9877450980392157,0.03896334671867289
0.250155183116077,0.9877450980392157,0.039032378271727196
0.2496894409937888,0.9852941176470589,0.03917075339139856
0.24984462399005594,0.9852941176470589,0.0391937323177212
0.25,0.9852941176470589,0.03919542014054495
0.25015556938394523,0.9852941176470589,0.03922072595624616
0.2503113325031133,0.9852941176470589,0.03922891258119109
0.2504672897196262,0.9852941176470589,0.03925705249715692
0.2506234413965087,0.9852941176470589,0.039263904819501344
0.25077978789769184,0.9852941176470589,0.03928113888747084
0.250936329588015,0.9852941176470589,0.039354819204783356
0.25109306683322924,0.9852941176470589,0.03937590575253816
0.25125,0.9852941176470589,0.03938227378176778
0.25140712945590993,0.9852941176470589,0.03946549145449655
0.25156445556946183,0.9852941176470589,0.0395178125373457
0.2517219787100814,0.9852941176470589,0.039569999371738905
0.2518796992481203,0.9852941176470589,0.039764097837920176
0.25203761755485893,0.9852941176470589,0.039976861574953566
0.2521957340025094,0.9852941176470589,0.03998674204653959
0.2523540489642185,0.9852941176470589,0.04012175264183535
0.25251256281407036,0.9852941176470589,0.040164195822064284
0.2526712759270899,0.9852941176470589,0.04017024140219428
0.2528301886792453,0.9852941176470589,0.040277055750731344
0.25298930144745124,0.9852941176470589,0.0404651790811755
0.2531486146095718,0.9852941176470589,0.04073601719012071
0.2533081285444234,0.9852941176470589,0.04086547567155103
0.25346784363177804,0.9852941176470589,0.04093746574177442
0.25362776025236594,0.9852941176470589,0.040981000167457295
0.2537878787878788,0.9852941176470589,0.041020304770521536
0.2539481996209728,0.9852941176470589,0.0411286451843442
0.25410872313527183,0.9852941176470589,0.04116130125687559
0.25426944971537,0.9852941176470589,0.04119335702878016
0.25443037974683547,0.9852941176470589,0.04126448351951841
0.2545915136162128,0.9852941176470589,0.041295375510003236
0.25475285171102663,0.9852941176470589,0.04134912971042664
0.2549143944197844,0.9852941176470589,0.041451663902981994
0.2550761421319797,0.9852941176470589,0.0415598441716113
0.25523809523809526,0.9852941176470589,0.041614770221980436
0.2554002541296061,0.9852941176470589,0.041622177037792155
0.2555626191989828,0.9852941176470589,0.04169153026181103
0.25572519083969464,0.9852941176470589,0.04169939296158462
0.2558879694462126,0.9852941176470589,0.04170354487763397
0.25605095541401274,0.9852941176470589,0.041710403847587625
0.25621414913957935,0.9852941176470589,0.041765832415945316
0.25637755102040816,0.9852941176470589,0.041792986682161005
0.2559029993618379,0.9828431372549019,0.041872779381218
0.256066411238825,0.9828431372549019,0.04194293103674617
0.2562300319488818,0.9828431372549019,0.041982210859894
0.2563938618925831,0.9828431372549019,0.04205052712236151
0.2565579014715291,0.9828431372549019,0.04209643795810783
0.2567221510883483,0.9828431372549019,0.04215130632568145
0.2568866111467008,0.9828431372549019,0.04218291144915062
0.257051282051282,0.9828431372549019,0.042232636897918806
0.2572161642078255,0.9828431372549019,0.04224359282429512
0.2573812580231066,0.9828431372549019,0.04228463359791946
0.2575465639049454,0.9828431372549019,0.04238448705006397
0.2570694087403599,0.9803921568627451,0.04246423444107058
0.2572347266881029,0.9803921568627451,0.04249188086156918
0.2574002574002574,0.9803921568627451,0.04249783964494953
0.25756600128783,0.9803921568627451,0.04267054312486967
0.25773195876288657,0.9803921568627451,0.042685235354195605
0.2578981302385558,0.9803921568627451,0.04271094386296893
0.25806451612903225,0.9803921568627451,0.04284664094302923
0.2582311168495804,0.9803921568627451,0.04307386501315231
0.25839793281653745,0.9803921568627451,0.04312698827856748
0.2585649644473174,0.9803921568627451,0.04315267182832352
0.258732212160414,0.9803921568627451,0.0431964397926867
0.2588996763754045,0.9803921568627451,0.04330926532141435
0.25906735751295334,0.9803921568627451,0.043336589816104755
0.2592352559948153,0.9803921568627451,0.04333703611594289
0.2594033722438392,0.9803921568627451,0.043446411640302496
0.25957170668397145,0.9803921568627451,0.04348217879928317
0.2597402597402597,0.9803921568627451,0.04355158315575882
0.2599090318388564,0.9803921568627451,0.043795333594166076
0.26007802340702213,0.9803921568627451,0.043950059028313844
0.26024723487312945,0.9803921568627451,0.0440497959730634
0.2604166666666667,0.9803921568627451,0.044087088027190496
0.26058631921824105,0.9803921568627451,0.044297985954788434
0.2607561929595828,0.9803921568627451,0.0443761101433675
0.2609262883235486,0.9803921568627451,0.04441380426375382
0.26109660574412535,0.9803921568627451,0.044500839599187776
0.2612671456564337,0.9803921568627451,0.04461253410610999
0.26143790849673204,0.9803921568627451,0.04465090584960713
0.2616088947024199,0.9803921568627451,0.04468408269142899
0.2617801047120419,0.9803921568627451,0.04475059266249381
0.26195153896529144,0.9803921568627451,0.0449503348413463
0.2621231979030144,0.9803921568627451,0.04508358347900579
0.26229508196721313,0.9803921568627451,0.04508551624725856
0.26246719160104987,0.9803921568627451,0.045106562057048626
0.262639527248851,0.9803921568627451,0.04526184598057844
0.2628120893561104,0.9803921568627451,0.04533467869271495
0.26298487836949375,0.9803921568627451,0.04536190041967886
0.2631578947368421,0.9803921568627451,0.04542786601616026
0.2633311389071758,0.9803921568627451,0.045518422118526525
0.2635046113306983,0.9803921568627451,0.0456225606732655
0.26367831245880025,0.9803921568627451,0.04563580614668556
0.2638522427440633,0.9803921568627451,0.04567149832363714
0.264026402640264,0.9803921568627451,0.04568218383233195
0.26420079260237783,0.9803921568627451,0.04577091982719308
0.26437541308658297,0.9803921568627451,0.045828900431751834
0.26455026455026454,0.9803921568627451,0.04586703782061539
0.26472534745201853,0.9803921568627451,0.04587681971042523
0.26490066225165565,0.9803921568627451,0.04596905943789586
0.26507620941020543,0.9803921568627451,0.04618398199604342
0.26525198938992045,0.9803921568627451,0.04622900038292422
0.26542800265428,0.9803921568627451,0.046323046219186696
0.2656042496679947,0.9803921568627451,0.04642998908766826
0.26578073089701,0.9803921568627451,0.04649947634309298
0.26595744680851063,0.9803921568627451,0.0465280080017423
0.2661343978709248,0.9803921568627451,0.0465985089005087
0.26564580559254325,0.9779411764705882,0.04665492183765724
0.26582278481012656,0.9779411764705882,0.04666004499289211
0.266,0.9779411764705882,0.0469705441573531
0.26617745163442297,0.9779411764705882,0.04698023387927985
0.26635514018691586,0.9779411764705882,0.046989399047560367
0.2665330661322645,0.9779411764705882,0.047094747067971676
0.2667112299465241,0.9779411764705882,0.04720723752444176
0.26688963210702343,0.9779411764705882,0.047411264347116754
0.26706827309236947,0.9779411764705882,0.04764123874408416
0.2672471533824514,0.9779411764705882,0.047672131424038
0.26742627345844505,0.9779411764705882,0.04781349406688002
0.2676056338028169,0.9779411764705882,0.047878550493359394
0.2677852348993289,0.9779411764705882,0.047961111016914616
0.2679650772330423,0.9779411764705882,0.0480167007203204
0.26814516129032256,0.9779411764705882,0.0480421923151727
0.26832548755884333,0.9779411764705882,0.04811933385709663
0.26850605652759085,0.9779411764705882,0.04824036121751735
0.2686868686868687,0.9779411764705882,0.048262654315131805
0.2688679245283019,0.9779411764705882,0.048273254388062355
0.26904922454484154,0.9779411764705882,0.048274421808137236
0.2692307692307692,0.9779411764705882,0.04845117967733664
0.26941255908170153,0.9779411764705882,0.04878239223127248
0.2695945945945946,0.9779411764705882,0.04881519635125755
0.2697768762677485,0.9779411764705882,0.04882950921311365
0.2699594046008119,0.9779411764705882,0.04892007818640065
0.27014218009478674,0.9779411764705882,0.048971951298928985
0.2703252032520325,0.9779411764705882,0.049049992116445285
0.2705084745762712,0.9779411764705882,0.04905272436822671
0.2706919945725916,0.9779411764705882,0.04906587900646316
0.2708757637474542,0.9779411764705882,0.049091136827616434
0.2710597826086957,0.9779411764705882,0.049108542426221986
0.27124405166553367,0.9779411764705882,0.04916502452066729
0.2714285714285714,0.9779411764705882,0.04921432734554033
0.27161334240980256,0.9779411764705882,0.04922845445167202
0.2717983651226158,0.9779411764705882,0.049290815931142706
0.2713019768234492,0.9754901960784313,0.04931388216031971
0.27148703956343795,0.9754901960784313,0.04933575353152119
0.2716723549488055,0.9754901960784313,0.04937580227421231
0.2718579234972678,0.9754901960784313,0.04950693179757055
0.27204374572795625,0.9754901960784313,0.04953189950263665
0.2722298221614227,0.9754901960784313,0.049537145061101295
0.2724161533196441,0.9754901960784313,0.04953977995414638
0.2726027397260274,0.9754901960784313,0.04958703616942959
0.2727895819054147,0.9754901960784313,0.049603200464176676
0.2729766803840878,0.9754901960784313,0.04961990148229258
0.2731640356897735,0.9754901960784313,0.04968859054249485
0.27266483516483514,0.9730392156862745,0.04969623821136099
0.2728522336769759,0.9730392156862745,0.04972837270933783
0.2730398899587345,0.9730392156862745,0.049753463303713524
0.2732278045423262,0.9730392156862745,0.04987712279061238
0.2734159779614325,0.9730392156862745,0.04988392897624391
0.27360441075120606,0.9730392156862745,0.04989860787833567
0.27379310344827584,0.9730392156862745,0.04993444194278085
0.27398205659075225,0.9730392156862745,0.04997953085052029
0.27417127071823205,0.9730392156862745,0.05033972674187424
0.27436074637180374,0.9730392156862745,0.05072972917206716
0.2745504840940526,0.9730392156862745,0.05076176145352234
0.27474048442906573,0.9730392156862745,0.05084353945094663
0.27493074792243766,0.9730392156862745,0.05084631011414594
0.2751212751212751,0.9730392156862745,0.051106274421932975
0.2753120665742025,0.9730392156862745,0.05116235773276332
0.27550312283136713,0.9730392156862745,0.05122225511116932
0.27569444444444446,0.9730392156862745,0.05126477626516466
0.2758860319666435,0.9730392156862745,0.051274332591401545
0.2760778859527121,0.9730392156862745,0.05134289354701116
0.2762700069589422,0.9730392156862745,0.051483722403368314
0.2764623955431755,0.9730392156862745,0.05156456230167437
0.27665505226480835,0.9730392156862745,0.05161614659016162
0.27684797768479774,0.9730392156862745,0.05161947809766163
0.27704117236566644,0.9730392156862745,0.05162841965035952
0.2772346368715084,0.9730392156862745,0.05163127132141965
0.2774283717679944,0.9730392156862745,0.05171721696783763
0.2776223776223776,0.9730392156862745,0.05171739309710458
0.27781665500349895,0.9730392156862745,0.05172376744639982
0.27801120448179273,0.9730392156862745,0.051884817383028324
0.2782060266292922,0.9730392156862745,0.05190553190585293
0.27840112201963535,0.9730392156862745,0.05203935073197422
0.2785964912280702,0.9730392156862745,0.05207747564832906
0.27879213483146065,0.9730392156862745,0.05234139802292981
0.27898805340829236,0.9730392156862745,0.052347507453834284
0.27918424753867793,0.9730392156862745,0.052406371740358206
0.27938071780436313,0.9730392156862745,0.052486815145760264
0.2795774647887324,0.9730392156862745,0.052698956395549945
0.2797744890768147,0.9730392156862745,0.05273803512330236
0.27997179125528915,0.9730392156862745,0.052962674497714725
0.2801693719124912,0.9730392156862745,0.05303527573842357
0.2803672316384181,0.9730392156862745,0.0530427355342587
0.280565371024735,0.9730392156862745,0.05305244783977323
0.28076379066478074,0.9730392156862745,0.053057125710272046
0.28096249115357397,0.9730392156862745,0.053081503567128874
0.2811614730878187,0.9730392156862745,0.0530882209600548
0.2813607370659107,0.9730392156862745,0.05331995216813768
0.2815602836879433,0.9730392156862745,0.05333178779211369
0.2817601135557133,0.9730392156862745,0.053362193176139695
0.2819602272727273,0.9730392156862745,0.05344290778377447
0.28216062544420756,0.9730392156862745,0.05346630304810123
0.28236130867709813,0.9730392156862745,0.05362508982475172
0.2825622775800712,0.9730392156862745,0.053625700323168046
0.2827635327635328,0.9730392156862745,0.053660669904124936
0.28296507483962935,0.9730392156862745,0.053706178960485136
0.2831669044222539,0.9730392156862745,0.053747115461371064
0.2833690221270521,0.9730392156862745,0.05382311867387816
0.2835714285714286,0.9730392156862745,0.053937307741649766
0.28377412437455324,0.9730392156862745,0.05403765320077051
0.28397711015736765,0.9730392156862745,0.054115706826487024
0.28418038654259126,0.9730392156862745,0.05425846380346642
0.2843839541547278,0.9730392156862745,0.0543458738044899
0.2845878136200717,0.9730392156862745,0.05437422923876511
0.2847919655667145,0.9730392156862745,0.05451606947444806
0.28499641062455133,0.9730392156862745,0.05476103544442537
0.28520114942528735,0.9730392156862745,0.05480061049672419
0.28540618260244427,0.9730392156862745,0.0549489382040784
0.28561151079136693,0.9730392156862745,0.055110809215376616
0.28581713462922964,0.9730392156862745,0.05514368753411065
0.28530259365994237,0.9705882352941176,0.055184759834308206
0.28550829127613553,0.9705882352941176,0.055196253109716875
0.2857142857142857,0.9705882352941176,0.05525884067851591
0.28592057761732853,0.9705882352941176,0.055268955223256915
0.2861271676300578,0.9705882352941176,0.05528969755802563
0.28633405639913234,0.9705882352941176,0.055435636815100275
0.2865412445730825,0.9705882352941176,0.055553649104913
0.28674873280231716,0.9705882352941176,0.05555441827628336
0.28695652173913044,0.9705882352941176,0.0556273832198583
0.2871646120377085,0.9705882352941176,0.05564548459452889
0.28737300435413643,0.9705882352941176,0.0557207739473212
0.2875816993464052,0.9705882352941176,0.055739394681679245
0.2877906976744186,0.9705882352941176,0.05577558965162633
0.288,0.9705882352941176,0.05579839129641703
0.28820960698689957,0.9705882352941176,0.05582799385301609
0.2884195193008012,0.9705882352941176,0.056032003898237835
0.2886297376093295,0.9705882352941176,0.05604716318712149
0.2888402625820569,0.9705882352941176,0.05604982006808856
0.28905109489051095,0.9705882352941176,0.05607952669059709
0.2892622352081812,0.9705882352941176,0.05616636869768902
0.2894736842105263,0.9705882352941176,0.05621617053986678
0.28895391367959034,0.9681372549019608,0.05621908671703191
0.2891654465592972,0.9681372549019608,0.056312106910508676
0.2893772893772894,0.9681372549019608,0.056319700630246196
0.2895894428152493,0.9681372549019608,0.05637426798742382
0.28980190755685986,0.9681372549019608,0.05638658276863286
0.290014684287812,0.9681372549019608,0.056439683026993516
0.29022777369581193,0.9681372549019608,0.05647533921661651
0.29044117647058826,0.9681372549019608,0.056505234735237185
0.29065489330389993,0.9681372549019608,0.05652595825737477
0.29086892488954347,0.9681372549019608,0.0565561247437949
0.29108327192336036,0.9681372549019608,0.05668279570800253
0.29129793510324486,0.9681372549019608,0.05679575535224705
0.2915129151291513,0.9681372549019608,0.056809364786697146
0.2917282127031019,0.9681372549019608,0.05681498714740298
0.29194382852919437,0.9681372549019608,0.05683062063745281
0.2921597633136095,0.9681372549019608,0.05693377674219648
0.2923760177646188,0.9681372549019608,0.057113548613725085
0.29259259259259257,0.9681372549019608,0.057168446934494625
0.29280948851000743,0.9681372549019608,0.057197835237090065
0.293026706231454,0.9681372549019608,0.05733685393033344
0.29324424647364516,0.9681372549019608,0.0573429586300628
0.2934621099554235,0.9681372549019608,0.057363449125231745
0.2936802973977695,0.9681372549019608,0.05756770076892274
0.29389880952380953,0.9681372549019608,0.057590207937438694
0.2933730454206999,0.9656862745098039,0.05761120468751904
0.293591654247392,0.9656862745098039,0.05765032226006889
0.29381058911260255,0.9656862745098039,0.05780183123010028
0.29402985074626864,0.9656862745098039,0.05783470952808376
0.29424943988050783,0.9656862745098039,0.058314783002103826
0.2944693572496263,0.9656862745098039,0.05838067214359826
0.29468960359012714,0.9656862745098039,0.05848442362640135
0.2949101796407186,0.9656862745098039,0.05856521313451458
0.2951310861423221,0.9656862745098039,0.05863980925786611
0.2946026986506747,0.9632352941176471,0.05868324461788521
0.2948237059264816,0.9632352941176471,0.05878389711010016
0.29504504504504503,0.9632352941176471,0.05882765036293624
0.29526671675432004,0.9632352941176471,0.0588402137442216
0.29473684210526313,0.9607843137254902,0.058926624139479
0.2949586155003762,0.9607843137254902,0.05904403390561482
0.29518072289156627,0.9607843137254902,0.05916352759525858
0.29540316503391106,0.9607843137254902,0.059200442305924056
0.2956259426847662,0.9607843137254902,0.059255855921319045
0.2958490566037736,0.9607843137254902,0.05954512735630544
0.29607250755287007,0.9607843137254902,0.05964530823689477
0.2962962962962963,0.9607843137254902,0.059781901579406826
0.29652042360060515,0.9607843137254902,0.0599049350145536
0.2967448902346707,0.9607843137254902,0.05990574886154341
0.296969696969697,0.9607843137254902,0.060072949798845664
0.2971948445792267,0.9607843137254902,0.06014471726225181
0.29742033383915023,0.9607843137254902,0.06015976367239728
0.2976461655277145,0.9607843137254902,0.06023045781135914
0.2978723404255319,0.9607843137254902,0.06026883515151101
0.2980988593155893,0.9607843137254902,0.0603608208182117
0.2983257229832572,0.9607843137254902,0.06052170840970689
0.2985529322162985,0.9607843137254902,0.0605555085935901
0.29878048780487804,0.9607843137254902,0.060597312562835126
0.2990083905415713,0.9607843137254902,0.06061962668852345
0.29923664122137406,0.9607843137254902,0.060704595690320044
0.2994652406417112,0.9607843137254902,0.06072785819479592
0.2996941896024465,0.9607843137254902,0.06078507785834933
0.2999234889058914,0.9607843137254902,0.06094559163300272
0.3001531393568147,0.9607843137254902,0.06105076463912421
0.3003831417624521,0.9607843137254902,0.06111575200417226
0.3006134969325153,0.9607843137254902,0.061139614749051364
0.30084420567920184,0.9607843137254902,0.06141243234613472
0.3010752688172043,0.9607843137254902,0.061472374314543686
0.3013066871637202,0.9607843137254902,0.06153641789260699
0.30153846153846153,0.9607843137254902,0.061555155282559726
0.30177059276366436,0.9607843137254902,0.06170360311538037
0.3020030816640986,0.9607843137254902,0.06177991922237441
0.30223592906707786,0.9607843137254902,0.06179489429173695
0.30246913580246915,0.9607843137254902,0.061820512362961134
0.3027027027027027,0.9607843137254902,0.06183942670610493
0.3029366306027821,0.9607843137254902,0.06189630941789314
0.3031709203402939,0.9607843137254902,0.06194426247627057
0.30340557275541796,0.9607843137254902,0.06195781148801232
0.30364058869093724,0.9607843137254902,0.06212869997559468
0.30387596899224806,0.9607843137254902,0.062133761883979656
0.30411171450737007,0.9607843137254902,0.06221239195340759
0.30434782608695654,0.9607843137254902,0.062217495011746254
0.3045843045843046,0.9607843137254902,0.062483435458457665
0.3048211508553655,0.9607843137254902,0.06258490896445941
0.3050583657587549,0.9607843137254902,0.06265912722393314
0.3052959501557632,0.9607843137254902,0.06275806293400843
0.3055339049103663,0.9607843137254902,0.06294849284609046
0.3049921996879875,0.9583333333333334,0.06298742184744152
0.3052302888368462,0.9583333333333334,0.06325420814562939
0.30546875,0.9583333333333334,0.06334908878113982
0.3057075840500391,0.9583333333333334,0.06359427121431517
0.3059467918622848,0.9583333333333334,0.06360076832501949
0.30618637431480034,0.9583333333333334,0.06365110721695898
0.30642633228840127,0.9583333333333334,0.06377498668531038
0.30666666666666664,0.9583333333333334,0.06395397204493843
0.3069073783359498,0.9583333333333334,0.06409937276573059
0.3071484681853888,0.9583333333333334,0.06411129665436116
0.30738993710691825,0.9583333333333334,0.06440277110474919
0.3076317859952793,0.9583333333333334,0.06451379034836097
0.30787401574803147,0.9583333333333334,0.06454283580984602
0.30811662726556344,0.9583333333333334,0.06464510003704074
0.3083596214511041,0.9583333333333334,0.0646970164608157
0.30860299921073403,0.9583333333333334,0.0647913741020314
0.3088467614533965,0.9583333333333334,0.06482712262473672
0.3090909090909091,0.9583333333333334,0.064838825964161
0.30854430379746833,0.9558823529411765,0.06486536611924582
0.3087885985748218,0.9558823529411765,0.06493546312508203
0.3090332805071315,0.9558823529411765,0.06503847213392827
0.30927835051546393,0.9558823529411765,0.0651039481057968
0.30952380952380953,0.9558823529411765,0.06516297770230793
0.3089753772835584,0.9534313725490197,0.06522285887905023
0.3092209856915739,0.9534313725490197,0.0653198214210503
0.30946698488464597,0.9534313725490197,0.06534574012394649
0.30971337579617836,0.9534313725490197,0.06537616923724565
0.3099601593625498,0.9534313725490197,0.06547386666040154
0.310207336523126,0.9534313725490197,0.06547491406968313
0.31045490822027133,0.9534313725490197,0.06547923144953706
0.31070287539936103,0.9534313725490197,0.06551780655561919
0.31095123900879296,0.9534313725490197,0.06555120841402338
0.3112,0.9534313725490197,0.06556730146131065
0.311449159327462,0.9534313725490197,0.06559348436286346
0.31169871794871795,0.9534313725490197,0.06564382326187196
0.3119486768243785,0.9534313725490197,0.06565204834082171
0.31219903691813805,0.9534313725490197,0.06566468078646422
0.31244979919678717,0.9534313725490197,0.06591260821522865
0.31270096463022506,0.9534313725490197,0.06591272450106363
0.31295253419147223,0.9534313725490197,0.06593928131901243
0.3132045088566828,0.9534313725490197,0.06594751132336801
0.3134568896051571,0.9534313725490197,0.0659803045228186
0.31370967741935485,0.9534313725490197,0.06604269938976175
0.3139628732849072,0.9534313725490197,0.06623705454832003
0.31421647819063003,0.9534313725490197,0.06643555442847346
0.3144704931285368,0.9534313725490197,0.06648114041435238
0.31472491909385114,0.9534313725490197,0.06683335946956409
0.31497975708502024,0.9534313725490197,0.06707950359321287
0.31523500810372773,0.9534313725490197,0.06725603597085456
0.31549067315490675,0.9534313725490197,0.06739394951731482
0.3157467532467532,0.9534313725490197,0.06749667015753796
0.31600324939073926,0.9534313725490197,0.06753487340506396
0.3154471544715447,0.9509803921568627,0.06755335633968226
0.31570382424735555,0.9509803921568627,0.06766033348135748
0.31596091205211724,0.9509803921568627,0.067681688841819
0.3162184189079055,0.9509803921568627,0.06771936451449873
0.3164763458401305,0.9509803921568627,0.06786512262214855
0.31673469387755104,0.9509803921568627,0.06796263902827439
0.31699346405228757,0.9509803921568627,0.06805936831390168
0.3172526573998365,0.9509803921568627,0.06826915863131028
0.31669394435351883,0.9485294117647058,0.06851912277161547
0.31695331695331697,0.9485294117647058,0.06903342281688903
0.31721311475409836,0.9485294117647058,0.06905083704811248
0.31747333880229694,0.9485294117647058,0.06906909898954272
0.31773399014778325,0.9485294117647058,0.06957525598095136
0.3179950698438784,0.9485294117647058,0.069584098235074
0.3182565789473684,0.9485294117647058,0.06961150802789894
0.31851851851851853,0.9485294117647058,0.06968841791515802
0.3187808896210873,0.9485294117647058,0.06969054560531353
0.3190436933223413,0.9485294117647058,0.0697399896022363
0.3193069306930693,0.9485294117647058,0.06980270773116161
0.3187448389760528,0.946078431372549,0.06985757296336435
0.31900826446280994,0.946078431372549,0.06999006846734258
0.3184449958643507,0.9436274509803921,0.07023020702259027
0.31870860927152317,0.9436274509803921,0.07023647653980016
0.31897265948632975,0.9436274509803921,0.07025906208280726
0.31923714759535654,0.9436274509803921,0.07031430194655451
0.31950207468879666,0.9436274509803921,0.07072960256501298
0.31976744186046513,0.9436274509803921,0.07106874210717788
0.3200332502078138,0.9436274509803921,0.07131202924697276
0.32029950083194675,0.9436274509803921,0.07142040982572694
0.3205661948376353,0.9436274509803921,0.07192258222238003
0.32083333333333336,0.9436274509803921,0.07193225042368383
0.3211009174311927,0.9436274509803921,0.07195113228982557
0.32053422370617696,0.9411764705882353,0.07206490902094509
0.31996658312447784,0.9387254901960784,0.0720676739256532
0.3202341137123746,0.9387254901960784,0.07243606412608047
0.3205020920502092,0.9387254901960784,0.07244759193152767
0.32077051926298156,0.9387254901960784,0.0724737322189253
0.32103939647946356,0.9387254901960784,0.07256279218903856
0.3213087248322148,0.9387254901960784,0.07266121696848328
0.32157850545759864,0.9387254901960784,0.07269707737956747
0.32184873949579834,0.9387254901960784,0.0727294550429245
0.32211942809083266,0.9387254901960784,0.07279483914757807
0.3223905723905724,0.9387254901960784,0.07311855480711098
0.3226621735467565,0.9387254901960784,0.07311892717773555
0.32293423271500843,0.9387254901960784,0.07312378333466839
0.3232067510548523,0.9387254901960784,0.07330744558328775
0.3234797297297297,0.9387254901960784,0.07342692470813823
0.3237531699070161,0.9387254901960784,0.0734284040926833
0.32318104906937395,0.9362745098039216,0.07350724221587122
0.32345469940728194,0.9362745098039216,0.07356730098355775
0.32372881355932204,0.9362745098039216,0.0736781524136272
0.3240033927056828,0.9362745098039216,0.07374739536978576
0.3242784380305603,0.9362745098039216,0.07387109123768869
0.324553950722175,0.9362745098039216,0.0740209435213474
0.32482993197278914,0.9362745098039216,0.0740768492594927
0.3251063829787234,0.9362745098039216,0.07429769939368287
0.32538330494037476,0.9362745098039216,0.07430856793719705
0.3256606990622336,0.9362745098039216,0.07439582430000478
0.32593856655290104,0.9362745098039216,0.07446241093527153
0.32621690862510677,0.9362745098039216,0.07451631389866473
0.3264957264957265,0.9362745098039216,0.0746376796532695
0.32677502138579984,0.9362745098039216,0.07473258946194977
0.3270547945205479,0.9362745098039216,0.07476172299873214
0.3273350471293916,0.9362745098039216,0.07483097460768896
0.3276157804459691,0.9362745098039216,0.07508269366300875
0.3278969957081545,0.9362745098039216,0.07546012666647285
0.3281786941580756,0.9362745098039216,0.07567806596345872
0.3284608770421324,0.9362745098039216,0.07586935666964163
0.3287435456110155,0.9362745098039216,0.0760015898635496
0.3281653746770026,0.9338235294117647,0.07601636468974433
0.328448275862069,0.9338235294117647,0.07602940223597576
0.3287316652286454,0.9338235294117647,0.07628022679415127
0.3290155440414508,0.9338235294117647,0.07635031043820963
0.3292999135695765,0.9338235294117647,0.07655098645237875
0.3295847750865052,0.9338235294117647,0.07660564209790525
0.32987012987012987,0.9338235294117647,0.07682159903285814
0.33015597920277295,0.9338235294117647,0.07695852128523285
0.3304423243712056,0.9338235294117647,0.07712816657238404
0.3307291666666667,0.9338235294117647,0.0771342009169493
0.3310165073848827,0.9338235294117647,0.07719481788680259
0.331304347826087,0.9338235294117647,0.07750758971928033
0.33159268929503916,0.9338235294117647,0.0775590420158399
0.3318815331010453,0.9338235294117647,0.0775631382823621
0.33217088055797733,0.9338235294117647,0.07767063493386496
0.3324607329842932,0.9338235294117647,0.07767778856523205
0.3327510917030568,0.9338235294117647,0.07771876416097519
0.333041958041958,0.9338235294117647,0.07786613941121832
0.3333333333333333,0.9338235294117647,0.07798078478021438
0.3336252189141856,0.9338235294117647,0.07803428553405264
0.3339176161262051,0.9338235294117647,0.07805788959561248
0.3333333333333333,0.9313725490196079,0.07806840460991277
0.33362598770851626,0.9313725490196079,0.07809998189007432
0.3339191564147627,0.9313725490196079,0.07817858428175671
0.33421284080914687,0.9313725490196079,0.07820549669086888
0.3345070422535211,0.9313725490196079,0.07822788830265863
0.33480176211453744,0.9313725490196079,0.07827825089363989
0.3350970017636684,0.9313725490196079,0.0783297961003464
0.3353927625772286,0.9313725490196079,0.07834520686499648
0.33568904593639576,0.9313725490196079,0.07848028606834104
0.3359858532272325,0.9313725490196079,0.0786682302586937
0.336283185840708,0.9313725490196079,0.07895407906054576
0.3356953055801594,0.928921568627451,0.0790102083779678
0.33599290780141844,0.928921568627451,0.07955859189340653
0.3362910381543922,0.928921568627451,0.07974165866038235
0.33658969804618116,0.928921568627451,0.0797455580415274
0.3368888888888889,0.928921568627451,0.07974677795535724
0.3371886120996441,0.928921568627451,0.0798438173173164
0.3365983971504898,0.9264705882352942,0.07984502610150922
0.33689839572192515,0.9264705882352942,0.08000658112459946
0.33719892952720787,0.9264705882352942,0.08004301076178068
0.3375,0.9264705882352942,0.08005220642918552
0.3378016085790885,0.9264705882352942,0.08018037172380908
0.33810375670840787,0.9264705882352942,0.08021902739475771
0.3384064458370636,0.9264705882352942,0.08028222666251876
0.3387096774193548,0.9264705882352942,0.0803170383205956
0.33901345291479823,0.9264705882352942,0.08039791726745234
0.3393177737881508,0.9264705882352942,0.08039830185340378
0.33962264150943394,0.9264705882352942,0.08039918241204995
0.33992805755395683,0.9264705882352942,0.08042362063623566
0.3402340234023402,0.9264705882352942,0.08045306609127419
0.34054054054054056,0.9264705882352942,0.08089194785060237
0.3408476104598738,0.9264705882352942,0.08097635080206826
0.34115523465703973,0.9264705882352942,0.08104340333932927
0.34146341463414637,0.9264705882352942,0.08117170656049405
0.34177215189873417,0.9264705882352942,0.08129027622378177
0.3420814479638009,0.9264705882352942,0.08137990503166971
0.3423913043478261,0.9264705882352942,0.0815359352814252
0.34270172257479603,0.9264705882352942,0.08162653499794455
0.3430127041742287,0.9264705882352942,0.08185608222757834
0.34332425068119893,0.9264705882352942,0.08230136842886197
0.34363636363636363,0.9264705882352942,0.08235072105210314
0.34394904458598724,0.9264705882352942,0.08266778646870297
0.3442622950819672,0.9264705882352942,0.08288641426599634
0.3445761166818596,0.9264705882352942,0.08294498257000867
0.3448905109489051,0.9264705882352942,0.08305256243712907
0.3452054794520548,0.9264705882352942,0.08323401469586077
0.3446069469835466,0.9240196078431373,0.08326137853558029
0.34492223238792313,0.9240196078431373,0.08336412076446859
0.34523809523809523,0.9240196078431373,0.08351181356652526
0.34555453712190654,0.9240196078431373,0.08367475099706018
0.3458715596330275,0.9240196078431373,0.08367770286098652
0.34618916437098257,0.9240196078431373,0.08379420348375573
0.34650735294117646,0.9240196078431373,0.08399535388018992
0.3468261269549218,0.9240196078431373,0.08408773768097684
0.34714548802946593,0.9240196078431373,0.08423322582075245
0.3474654377880184,0.9240196078431373,0.08431054207162365
0.3477859778597786,0.9240196078431373,0.08439713582389125
0.3481071098799631,0.9240196078431373,0.08445015002758621
0.34842883548983367,0.9240196078431373,0.08459460987967421
0.34875115633672527,0.9240196078431373,0.0846624564024404
0.3490740740740741,0.9240196078431373,0.08475814612545464
0.3493975903614458,0.9240196078431373,0.08478711043916047
0.349721706864564,0.9240196078431373,0.08488753264012798
0.3500464252553389,0.9240196078431373,0.08511332491666945
0.3503717472118959,0.9240196078431373,0.08517794973103272
0.35069767441860467,0.9240196078431373,0.08523360513937461
0.351024208566108,0.9240196078431373,0.08531502467165848
0.35135135135135137,0.9240196078431373,0.08538116421439092
0.3516791044776119,0.9240196078431373,0.0854893375920207
0.3520074696545285,0.9240196078431373,0.0855544071925114
0.35233644859813085,0.9240196078431373,0.08561876242460627
0.35266604303086996,0.9240196078431373,0.08587003844692613
0.3529962546816479,0.9240196078431373,0.08620819263454364
0.35332708528584816,0.9240196078431373,0.08644606661159766
0.35365853658536583,0.9240196078431373,0.0865996157333015
0.3539906103286385,0.9240196078431373,0.08666651167091977
0.3543233082706767,0.9240196078431373,0.08671529400010931
0.354656632173095,0.9240196078431373,0.08733781360250592
0.3549905838041431,0.9240196078431373,0.08738410587693235
0.35532516493873706,0.9240196078431373,0.08751390153516325
0.35566037735849054,0.9240196078431373,0.08765618249896508
0.3550519357884797,0.9215686274509803,0.08772000158982309
0.3553875236294896,0.9215686274509803,0.08779388878383498
0.35572374645222327,0.9215686274509803,0.08783802423945196
0.3560606060606061,0.9215686274509803,0.0878925478984443
0.35639810426540286,0.9215686274509803,0.08823039279843363
0.3567362428842505,0.9215686274509803,0.08843069840306717
0.3570750237416904,0.9215686274509803,0.0888401589596355
0.3574144486692015,0.9215686274509803,0.08884020867941389
0.3577545195052331,0.9215686274509803,0.08919069511323102
0.3580952380952381,0.9215686274509803,0.08922442345907705
0.35843660629170637,0.9215686274509803,0.08930436736818496
0.35877862595419846,0.9215686274509803,0.08936191067463885
0.35912129894937916,0.9215686274509803,0.08942675461218809
0.35946462715105165,0.9215686274509803,0.08943114725531325
0.3598086124401914,0.9215686274509803,0.08990048757474216
0.36015325670498083,0.9215686274509803,0.08997342905746296
0.3604985618408437,0.9215686274509803,0.0900713874717707
0.36084452975047987,0.9215686274509803,0.0901135378395102
0.3611911623439001,0.9215686274509803,0.09040867727422165
0.36153846153846153,0.9215686274509803,0.09064044529546128
0.3618864292589028,0.9215686274509803,0.09064733125096053
0.3622350674373796,0.9215686274509803,0.09066531246573695
0.36258437801350046,0.9215686274509803,0.0908800531081418
0.36196911196911197,0.9191176470588235,0.0908955482721504
0.36231884057971014,0.9191176470588235,0.09093452694293964
0.36266924564796904,0.9191176470588235,0.0909386506038156
0.36302032913843174,0.9191176470588235,0.09096143996570692
0.3633720930232558,0.9191176470588235,0.0910687210117258
0.3627546071774976,0.9166666666666666,0.09114649282189413
0.36310679611650487,0.9166666666666666,0.0913747468345677
0.3624878522837707,0.9142156862745098,0.09170113450612806
0.36284046692607,0.9142156862745098,0.09182333991875974
0.3631937682570594,0.9142156862745098,0.09190788123454718
0.3635477582846004,0.9142156862745098,0.09191901409201057
0.36390243902439023,0.9142156862745098,0.09194280533025094
0.3642578125,0.9142156862745098,0.09200072259006072
0.364613880742913,0.9142156862745098,0.09202032595981126
0.3649706457925636,0.9142156862745098,0.09203581244970271
0.3653281096963761,0.9142156862745098,0.09225220583247484
0.3656862745098039,0.9142156862745098,0.09231836580023556
0.366045142296369,0.9142156862745098,0.09248608905885596
0.3664047151277014,0.9142156862745098,0.09249698732220936
0.3667649950835792,0.9142156862745098,0.09254396883910813
0.3671259842519685,0.9142156862745098,0.0927429230561273
0.367487684729064,0.9142156862745098,0.09288697057248467
0.3678500986193294,0.9142156862745098,0.09299829042517921
0.36722606120434353,0.9117647058823529,0.09310048518719997
0.3675889328063241,0.9117647058823529,0.09312157278706641
0.36795252225519287,0.9117647058823529,0.09318884700900225
0.3683168316831683,0.9117647058823529,0.09334972995407353
0.3686818632309217,0.9117647058823529,0.09343643140020447
0.36904761904761907,0.9117647058823529,0.09355505990647354
0.36941410129096325,0.9117647058823529,0.09380582014558363
0.3697813121272366,0.9117647058823529,0.09381110950370262
0.3691542288557214,0.9093137254901961,0.09382883623448453
0.3695219123505976,0.9093137254901961,0.09391646366024449
0.3698903290129611,0.9093137254901961,0.09427918719886914
0.37025948103792417,0.9093137254901961,0.09430796925041017
0.3706293706293706,0.9093137254901961,0.09458461372469096
0.371,0.9093137254901961,0.09471954160462943
0.3713713713713714,0.9093137254901961,0.09473987648411579
0.3717434869739479,0.9093137254901961,0.09476411158225478
0.3721163490471414,0.9093137254901961,0.09477810412749897
0.37248995983935745,0.9093137254901961,0.09478822664073061
0.37286432160804023,0.9093137254901961,0.09502772215984838
0.3732394366197183,0.9093137254901961,0.09514230773064342
0.3726082578046324,0.9068627450980392,0.09522013474733892
0.37298387096774194,0.9068627450980392,0.09548540877045064
0.37336024217961655,0.9068627450980392,0.09584385207853023
0.37373737373737376,0.9068627450980392,0.09624522438803657
0.3741152679474216,0.9068627450980392,0.09624614518216208
0.37449392712550605,0.9068627450980392,0.0962893632000375
0.37487335359675783,0.9068627450980392,0.09643831044742605
0.3752535496957404,0.9068627450980392,0.09659923362937196
0.3756345177664975,0.9068627450980392,0.096840590453936
0.37601626016260165,0.9068627450980392,0.0968430073766104
0.37639877924720244,0.9068627450980392,0.09702516121906306
0.37678207739307534,0.9068627450980392,0.09715081676955162
0.37716615698267075,0.9068627450980392,0.09720924914382605
0.37755102040816324,0.9068627450980392,0.09764558367241677
0.37793667007150156,0.9068627450980392,0.09765867924459797
0.3783231083844581,0.9068627450980392,0.09772324235779643
0.37871033776867963,0.9068627450980392,0.09779951498974306
0.3790983606557377,0.9068627450980392,0.09809708319082927
0.37948717948717947,0.9068627450980392,0.09814643401199223
0.3798767967145791,0.9068627450980392,0.09823955079685809
0.3802672147995889,0.9068627450980392,0.09837649720496011
0.37962962962962965,0.9044117647058824,0.09846094121877291
0.3800205973223481,0.9044117647058824,0.09859188145870133
0.3804123711340206,0.9044117647058824,0.0985955498954338
0.3797729618163055,0.9019607843137255,0.0988054124671841
0.38016528925619836,0.9019607843137255,0.09903343709598302
0.3795243019648397,0.8995098039215687,0.0990811103213423
0.37991718426501037,0.8995098039215687,0.09914336121731405
0.38031088082901554,0.8995098039215687,0.09915872114220582
0.38070539419087135,0.8995098039215687,0.09958168433760499
0.3811007268951194,0.8995098039215687,0.09971684805122187
0.3814968814968815,0.8995098039215687,0.09974946476267947
0.38189386056191466,0.8995098039215687,0.09981917525089629
0.38229166666666664,0.8995098039215687,0.10017964005999465
0.38269030239833157,0.8995098039215687,0.10032356684309089
0.38204592901878914,0.8970588235294118,0.10057028139346853
0.3824451410658307,0.8970588235294118,0.10075583401707287
0.38284518828451886,0.8970588235294118,0.10097064054702426
0.3832460732984293,0.8970588235294118,0.10103987225691384
0.3836477987421384,0.8970588235294118,0.10118365375917181
0.38405036726128017,0.8970588235294118,0.10124175151666048
0.38445378151260506,0.8970588235294118,0.10126610995794665
0.38485804416403785,0.8970588235294118,0.10144759558915008
0.38526315789473686,0.8970588235294118,0.10147867668357641
0.3856691253951528,0.8970588235294118,0.10191179638328435
0.3860759493670886,0.8970588235294118,0.10221020434706836
0.38542766631467795,0.8946078431372549,0.10226489470851104
0.3858350951374207,0.8946078431372549,0.10228052209731096
0.3851851851851852,0.8921568627450981,0.10259404699821062
0.3855932203389831,0.8921568627450981,0.10291235589384605
0.3860021208907741,0.8921568627450981,0.1029665865367777
0.386411889596603,0.8921568627450981,0.10322920916629452
0.38682252922422955,0.8921568627450981,0.10340735088817189
0.3872340425531915,0.8921568627450981,0.10358706084024666
0.3876464323748669,0.8921568627450981,0.10365015909685964
0.3880597014925373,0.8921568627450981,0.10401218218283809
0.38847385272145146,0.8921568627450981,0.10422723821968045
0.3888888888888889,0.8921568627450981,0.10446378612495195
0.3893048128342246,0.8921568627450981,0.10449772697863462
0.3897216274089936,0.8921568627450981,0.10462252907068581
0.39013933547695606,0.8921568627450981,0.10489138054467688
0.3894849785407725,0.8897058823529411,0.10531102207186545
0.38990332975295383,0.8897058823529411,0.10536058038664403
0.3903225806451613,0.8897058823529411,0.10541426981231287
0.3907427341227126,0.8897058823529411,0.10593230518181067
0.3911637931034483,0.8897058823529411,0.10624767237495546
0.39158576051779936,0.8897058823529411,0.10632189735842663
0.39092872570194387,0.8872549019607843,0.1063697669590259
0.3902702702702703,0.8848039215686274,0.10671199973788599
0.3906926406926407,0.8848039215686274,0.10679590081319897
0.39111592632719394,0.8848039215686274,0.1068036468643228
0.3915401301518438,0.8848039215686274,0.10729056934294708
0.3919652551574376,0.8848039215686274,0.10749160707085093
0.3923913043478261,0.8848039215686274,0.10753769738373557
0.3928182807399347,0.8848039215686274,0.10759211381893281
0.39324618736383443,0.8848039215686274,0.10781408002041698
0.3936750272628135,0.8848039215686274,0.10828780298739855
0.3941048034934498,0.8848039215686274,0.10829075461324433
0.39344262295081966,0.8823529411764706,0.10859423242060791
0.3938730853391685,0.8823529411764706,0.10886525064058435
0.39430449069003287,0.8823529411764706,0.10889405786680557
0.39473684210526316,0.8823529411764706,0.1089364295874194
0.3951701427003293,0.8823529411764706,0.10947556165285277
0.3956043956043956,0.8823529411764706,0.10952838195748453
0.39603960396039606,0.8823529411764706,0.10957512273496049
0.3964757709251101,0.8823529411764706,0.11036740950695245
0.3958103638368247,0.8799019607843137,0.11044367820041
0.39624724061810157,0.8799019607843137,0.1105222272388512
0.3966850828729282,0.8799019607843137,0.11182084301427819
0.3971238938053097,0.8799019607843137,0.11198604706044023
0.39756367663344405,0.8799019607843137,0.11256989642027071
0.39800443458980045,0.8799019607843137,0.11323229447504189
0.3973362930077691,0.8774509803921569,0.1140243535440615
0.3977777777777778,0.8774509803921569,0.11420354281254813
0.3982202447163515,0.8774509803921569,0.11475993096123856
0.3986636971046771,0.8774509803921569,0.11503043430137123
0.399108138238573,0.8774509803921569,0.1151528279207789
0.39955357142857145,0.8774509803921569,0.11519508490780332
0.4,0.8774509803921569,0.11583137779203435
0.4004474272930649,0.8774509803921569,0.11720801637898104
0.4008958566629339,0.8774509803921569,0.1175799235572648
0.4013452914798206,0.8774509803921569,0.11797083884366066
0.40179573512906847,0.8774509803921569,0.11803768818010325
0.40224719101123596,0.8774509803921569,0.11816389415217865
0.4026996625421822,0.8774509803921569,0.11826779282986828
0.40315315315315314,0.8774509803921569,0.11845123321465885
0.4036076662908681,0.8774509803921569,0.11896613166596781
0.4040632054176072,0.8774509803921569,0.11913076288065151
0.40451977401129946,0.8774509803921569,0.11929991812882641
0.40497737556561086,0.8774509803921569,0.11945476019068928
0.4043035107587769,0.875,0.11961043859605898
0.40476190476190477,0.875,0.119641564488925
0.4052213393870602,0.875,0.11991904593469264
0.4056818181818182,0.875,0.1200245492343713
0.4061433447098976,0.875,0.12086415738197948
0.40660592255125283,0.875,0.12087866913514579
0.4070695553021665,0.875,0.121302225045263
0.4075342465753425,0.875,0.12138297492310583
0.408,0.875,0.12157541018993158
0.408466819221968,0.875,0.12185369275524176
0.40778923253150057,0.8725490196078431,0.12213842574547128
0.40825688073394495,0.8725490196078431,0.12214789269149895
0.4087256027554535,0.8725490196078431,0.1223383556771734
0.40804597701149425,0.8700980392156863,0.12249162918552466
0.4085155350978136,0.8700980392156863,0.12301030752236301
0.4078341013824885,0.8676470588235294,0.12376139012901584
0.4071510957324106,0.8651960784313726,0.12460108306553745
0.407621247113164,0.8651960784313726,0.12479778330492897
0.40809248554913297,0.8651960784313726,0.12484257073259582
0.4085648148148148,0.8651960784313726,0.12492766399478751
0.40903823870220163,0.8651960784313726,0.12520952444448852
0.4095127610208817,0.8651960784313726,0.12583662378630683
0.4099883855981417,0.8651960784313726,0.12608535546316976
0.4104651162790698,0.8651960784313726,0.1270543519325145
0.4109429569266589,0.8651960784313726,0.12723300049195538
0.4114219114219114,0.8651960784313726,0.12756068583496413
0.411901983663944,0.8651960784313726,0.1281236172100174
0.411214953271028,0.8627450980392157,0.12841593701825005
0.41169590643274856,0.8627450980392157,0.12853239635641697
0.41217798594847777,0.8627450980392157,0.12863002664433265
0.4126611957796014,0.8627450980392157,0.12877946897401096
0.4131455399061033,0.8627450980392157,0.12911397389337664
0.4136310223266745,0.8627450980392157,0.12923705160521218
0.41411764705882353,0.8627450980392157,0.12988332292040317
0.41460541813898705,0.8627450980392157,0.1301757813243895
0.41391509433962265,0.8602941176470589,0.13049732125545963
0.41440377804014167,0.8602941176470589,0.13086727264179918
0.4148936170212766,0.8602941176470589,0.13090355877049895
0.4153846153846154,0.8602941176470589,0.13139380276259768
0.4158767772511848,0.8602941176470589,0.13199461119857372
0.41637010676156583,0.8602941176470589,0.13236121787149122
0.4168646080760095,0.8602941176470589,0.1327733639245736
0.4173602853745541,0.8602941176470589,0.13338331165888173
0.41785714285714287,0.8602941176470589,0.13432098587390018
0.41835518474374256,0.8602941176470589,0.13559512809737312
0.418854415274463,0.8602941176470589,0.13582548196935668
0.41935483870967744,0.8602941176470589,0.1360246883429452
0.41866028708133973,0.8578431372549019,0.1360523350223718
0.41916167664670656,0.8578431372549019,0.1363685860779685
0.4196642685851319,0.8578431372549019,0.13657758414609167
0.42016806722689076,0.8578431372549019,0.1365801863314954
0.4206730769230769,0.8578431372549019,0.13661682144337925
0.42117930204572807,0.8578431372549019,0.13688902374865683
0.42168674698795183,0.8578431372549019,0.1371060729653402
0.4221954161640531,0.8578431372549019,0.13715367138166942
0.4227053140096618,0.8578431372549019,0.13716635284828405
0.42321644498186217,0.8578431372549019,0.13721649209123463
0.423728813559322,0.8578431372549019,0.137808010239165
0.42424242424242425,0.8578431372549019,0.1379004334139599
0.42354368932038833,0.8553921568627451,0.13809970665232726
0.4240583232077764,0.8553921568627451,0.1381588599115839
0.4245742092457421,0.8553921568627451,0.13818819480830896
0.4238733252131547,0.8529411764705882,0.13837283851772744
0.424390243902439,0.8529411764705882,0.13864776189180414
0.4236874236874237,0.8504901960784313,0.138873112627473
0.4242053789731051,0.8504901960784313,0.13889034922717894
0.42472460220318237,0.8504901960784313,0.13901550239067176
0.4252450980392157,0.8504901960784313,0.13932590908901743
0.42576687116564416,0.8504901960784313,0.1395766768112735
0.4262899262899263,0.8504901960784313,0.1396266121056757
0.4268142681426814,0.8504901960784313,0.14026230943371168
0.4273399014778325,0.8504901960784313,0.1402834615068066
0.4278668310727497,0.8504901960784313,0.1409259605948073
0.4283950617283951,0.8504901960784313,0.1410001585586832
0.4289245982694685,0.8504901960784313,0.14113368859999761
0.42945544554455445,0.8504901960784313,0.14134868117469865
0.42998760842627015,0.8504901960784313,0.14153828456016002
0.4305210918114144,0.8504901960784313,0.14173094943506034
0.43105590062111804,0.8504901960784313,0.1433091874632415
0.43159203980099503,0.8504901960784313,0.14363444088766522
0.43212951432129515,0.8504901960784313,0.14375246402912453
0.43266832917705733,0.8504901960784313,0.14411259297948897
0.4332084893882647,0.8504901960784313,0.14412224041035307
0.43375,0.8504901960784313,0.14443560238384975
0.43429286608260326,0.8504901960784313,0.1452842470461756
0.4348370927318296,0.8504901960784313,0.14532081464199523
0.4353826850690088,0.8504901960784313,0.14605622306946608
0.435929648241206,0.8504901960784313,0.1462226710051101
0.43522012578616354,0.8480392156862745,0.1463478501802252
0.4357682619647355,0.8480392156862745,0.14666528150657546
0.43505674653215637,0.8455882352941176,0.14684892213215994
0.4356060606060606,0.8455882352941176,0.14694889003001546
0.4361567635903919,0.8455882352941176,0.1470561223844187
0.43670886075949367,0.8455882352941176,0.14719164958352302
0.4372623574144487,0.8455882352941176,0.1473211470824785
0.43781725888324874,0.8455882352941176,0.14777181697182204
0.4383735705209657,0.8455882352941176,0.14778438299860222
0.43765903307888043,0.8431372549019608,0.14848601067693049
0.43821656050955415,0.8431372549019608,0.14879875775558615
0.4387755102040816,0.8431372549019608,0.14885471458950084
0.4393358876117497,0.8431372549019608,0.14886033089788708
0.4398976982097187,0.8431372549019608,0.1488655111654993
0.44046094750320103,0.8431372549019608,0.149071432093224
0.43974358974358974,0.8406862745098039,0.14926317504415984
0.44030808729139925,0.8406862745098039,0.14946902753758437
0.43958868894601544,0.8382352941176471,0.1496350721489165
0.44015444015444016,0.8382352941176471,0.14967788867204435
0.44072164948453607,0.8382352941176471,0.14974104245548972
0.44129032258064516,0.8382352941176471,0.15045845559511054
0.4418604651162791,0.8382352941176471,0.15071463140135324
0.4424320827943079,0.8382352941176471,0.1507261419744109
0.4430051813471503,0.8382352941176471,0.15120370032871241
0.44357976653696496,0.8382352941176471,0.15188451008101664
0.44415584415584414,0.8382352941176471,0.1519113474963838
0.4447334200260078,0.8382352941176471,0.15196950813751317
0.4453125,0.8382352941176471,0.15229394518249317
0.44589308996088656,0.8382352941176471,0.1523613087690057
0.4464751958224543,0.8382352941176471,0.1528709586314584
0.4470588235294118,0.8382352941176471,0.15324418365435918
0.4463350785340314,0.8357843137254902,0.15329618588556526
0.44692005242463956,0.8357843137254902,0.15440229638293065
0.44750656167979,0.8357843137254902,0.15457641614569903
0.4480946123521682,0.8357843137254902,0.15471783450272164
0.4473684210526316,0.8333333333333334,0.15570379015141325
0.44664031620553357,0.8308823529411765,0.1562662141036785
0.4472295514511873,0.8308823529411765,0.15667846268082133
0.4478203434610304,0.8308823529411765,0.1569063569247914
0.44841269841269843,0.8308823529411765,0.15715038528011727
0.44900662251655626,0.8308823529411765,0.15725634504195732
0.4496021220159151,0.8308823529411765,0.15769959883910137
0.450199203187251,0.8308823529411765,0.15834916930042162
0.4507978723404255,0.8308823529411765,0.15837933186953465
0.45006657789613846,0.8284313725490197,0.15862052717445774
0.45066666666666666,0.8284313725490197,0.15884931184173146
0.4512683578104139,0.8284313725490197,0.15959791671261864
0.45187165775401067,0.8284313725490197,0.15966843598619093
0.4524765729585007,0.8284313725490197,0.15992656259170415
0.45308310991957107,0.8284313725490197,0.16017742423832657
0.45369127516778524,0.8284313725490197,0.16074852774192896
0.4543010752688172,0.8284313725490197,0.16135003349720586
0.4549125168236878,0.8284313725490197,0.16174479295039776
0.4555256064690027,0.8284313725490197,0.16177723187092127
0.45614035087719296,0.8284313725490197,0.1618823994082267
0.45675675675675675,0.8284313725490197,0.16254840472321638
0.45737483085250336,0.8284313725490197,0.16262058232854176
0.45799457994579945,0.8284313725490197,0.16262823235243373
0.45861601085481685,0.8284313725490197,0.1627265145893142
0.4592391304347826,0.8284313725490197,0.1632267987007783
0.4598639455782313,0.8284313725490197,0.1647797339258281
0.4604904632152589,0.8284313725490197,0.16492454829155345
0.461118690313779,0.8284313725490197,0.16549432527348754
0.4603825136612022,0.8259803921568627,0.16559962931207653
0.46101231190150477,0.8259803921568627,0.16591229306375566
0.46164383561643835,0.8259803921568627,0.16598531548656226
0.46227709190672156,0.8259803921568627,0.1661367980746866
0.46291208791208793,0.8259803921568627,0.16620426771776842
0.46354883081155435,0.8259803921568627,0.16636120123979833
0.4641873278236915,0.8259803921568627,0.16638941946348043
0.46482758620689657,0.8259803921568627,0.16667584242281705
0.46408839779005523,0.8235294117647058,0.1669157599439585
0.4633471645919779,0.821078431372549,0.16695221885701175
0.46398891966759004,0.821078431372549,0.16726077692723693
0.4646324549237171,0.821078431372549,0.16749801751103413
0.4652777777777778,0.821078431372549,0.16833935731269126
0.4659248956884562,0.821078431372549,0.16890157653146134
0.46657381615598886,0.821078431372549,0.169326595360734
0.46722454672245467,0.821078431372549,0.16945747241802814
0.4664804469273743,0.8186274509803921,0.1696359500434107
0.4671328671328671,0.8186274509803921,0.16975469412819624
0.46638655462184875,0.8161764705882353,0.16992085172394236
0.4670406732117812,0.8161764705882353,0.17037295285474896
0.46629213483146065,0.8137254901960784,0.17051430791683342
0.4669479606188467,0.8137254901960784,0.17117301562610546
0.4676056338028169,0.8137254901960784,0.17124955411814494
0.4682651622002821,0.8137254901960784,0.17146897912490403
0.4689265536723164,0.8137254901960784,0.1715558153786967
0.4695898161244696,0.8137254901960784,0.1720795366926052
0.4702549575070821,0.8137254901960784,0.17221414633098933
0.4695035460992908,0.8112745098039216,0.17222209684429368
0.47017045454545453,0.8112745098039216,0.17323677110051863
0.47083926031294454,0.8112745098039216,0.17352926557521373
0.47150997150997154,0.8112745098039216,0.17382700014717986
0.47218259629101283,0.8112745098039216,0.1742304797229551
0.47285714285714286,0.8112745098039216,0.17436176179166038
0.4721030042918455,0.8088235294117647,0.17453572703318843
0.47277936962750716,0.8088235294117647,0.17527224229110006
0.4734576757532281,0.8088235294117647,0.17571032858942673
0.47413793103448276,0.8088235294117647,0.1759226141975362
0.4748201438848921,0.8088235294117647,0.17661160958720692
0.47406340057636887,0.8063725490196079,0.17715878171635605
0.47474747474747475,0.8063725490196079,0.17736285258773
0.4754335260115607,0.8063725490196079,0.17753145868550305
0.4761215629522431,0.8063725490196079,0.17753676729903214
0.47681159420289854,0.8063725490196079,0.17754874522852523
0.47750362844702465,0.8063725490196079,0.17814830633091847
0.47819767441860467,0.8063725490196079,0.17819671906924195
0.4774381368267831,0.803921568627451,0.17831523943688335
0.478134110787172,0.803921568627451,0.17840824209796224
0.47883211678832116,0.803921568627451,0.17844434830000896
0.47953216374269003,0.803921568627451,0.1795440364468571
0.4802342606149341,0.803921568627451,0.17986190248396597
0.4809384164222874,0.803921568627451,0.18122755593734297
0.48164464023494863,0.803921568627451,0.181307916334979
0.4823529411764706,0.803921568627451,0.18157747695068704
0.48306332842415317,0.803921568627451,0.1817194985553646
0.4837758112094395,0.803921568627451,0.18187220263980644
0.48301329394387,0.8014705882352942,0.18194971443179897
0.48372781065088755,0.8014705882352942,0.18213425751109813
0.48444444444444446,0.8014705882352942,0.18214638788286033
0.48516320474777447,0.8014705882352942,0.18216621613472325
0.48588410104011887,0.8014705882352942,0.18221303813440937
0.48660714285714285,0.8014705882352942,0.182267626897036
0.4873323397913562,0.8014705882352942,0.18227448867490623
0.48656716417910445,0.7990196078431373,0.1828773612607069
0.4857997010463378,0.7965686274509803,0.1834118754177927
0.4865269461077844,0.7965686274509803,0.1837089762522136
0.487256371814093,0.7965686274509803,0.18392988134219948
0.487987987987988,0.7965686274509803,0.18501107621342228
0.48872180451127817,0.7965686274509803,0.18520935245504877
0.4879518072289157,0.7941176470588235,0.18588555986391367
0.48868778280542985,0.7941176470588235,0.18607324326307675
0.4879154078549849,0.7916666666666666,0.18615284380019723
0.4886535552193646,0.7916666666666666,0.1872370546396387
0.4893939393939394,0.7916666666666666,0.18740097316938728
0.49013657056145676,0.7916666666666666,0.18743679748598804
0.4908814589665654,0.7916666666666666,0.18790629319661015
0.4916286149162861,0.7916666666666666,0.18841266215420163
0.4923780487804878,0.7916666666666666,0.18855639778081193
0.49312977099236643,0.7916666666666666,0.18889001547779208
0.4938837920489297,0.7916666666666666,0.18890595058608742
0.4946401225114854,0.7916666666666666,0.18926422960704462
0.495398773006135,0.7916666666666666,0.18977410562048105
0.49615975422427033,0.7916666666666666,0.1898001661010751
0.49538461538461537,0.7892156862745098,0.1898509622145205
0.49614791987673346,0.7892156862745098,0.18985727699313562
0.49691358024691357,0.7892156862745098,0.19097670565390037
0.49613601236476046,0.7867647058823529,0.1911541892625583
0.4953560371517028,0.7843137254901961,0.1913396271083665
0.49612403100775193,0.7843137254901961,0.19146819450655442
0.4968944099378882,0.7843137254901961,0.19188524977418972
0.4976671850699845,0.7843137254901961,0.1919339023149491
0.4984423676012461,0.7843137254901961,0.19239981029464248
0.49765990639625585,0.7818627450980392,0.1924974623197395
0.4984375,0.7818627450980392,0.1928701451255536
0.49921752738654146,0.7818627450980392,0.19311382919870887
0.5,0.7818627450980392,0.193309491066563
0.49921507064364207,0.7794117647058824,0.19446732923113216
0.5,0.7794117647058824,0.19451391741216364
0.5007874015748032,0.7794117647058824,0.19463033370007798
0.501577287066246,0.7794117647058824,0.19476483232915517
0.5007898894154819,0.7769607843137255,0.19495130728635232
0.5015822784810127,0.7769607843137255,0.19499949278207973
0.5023771790808241,0.7769607843137255,0.19513343263328922
0.5031746031746032,0.7769607843137255,0.19545948729686702
0.5039745627980922,0.7769607843137255,0.19606655851335755
0.5047770700636943,0.7769607843137255,0.19627046712926818
0.5055821371610846,0.7769607843137255,0.19645031777204455
0.5063897763578274,0.7769607843137255,0.19682651151674183
0.5072,0.7769607843137255,0.197448312900564
0.5080128205128205,0.7769607843137255,0.19767697023477548
0.5088282504012841,0.7769607843137255,0.19777547973688
0.5096463022508039,0.7769607843137255,0.1979584640832761
0.5104669887278583,0.7769607843137255,0.19805757247927214
0.5112903225806451,0.7769607843137255,0.1980577877117963
0.5105008077544426,0.7745098039215687,0.19812004644296702
0.511326860841424,0.7745098039215687,0.1989906284550731
0.5121555915721232,0.7745098039215687,0.19926754769723953
0.512987012987013,0.7745098039215687,0.19974189414287616
0.5121951219512195,0.7720588235294118,0.19990551073698426
0.5130293159609121,0.7720588235294118,0.20099252364866804
0.5138662316476346,0.7720588235294118,0.20104844018710524
0.5147058823529411,0.7720588235294118,0.20139732064621815
0.5155482815057283,0.7720588235294118,0.20150420984325038
0.5147540983606558,0.7696078431372549,0.20187155364950482
0.5155993431855501,0.7696078431372549,0.20232197070663716
0.5164473684210527,0.7696078431372549,0.20496741619891848
0.5172981878088962,0.7696078431372549,0.20557197821827725
0.5181518151815182,0.7696078431372549,0.2062056330965831
0.5190082644628099,0.7696078431372549,0.20637501872311356
0.5198675496688742,0.7696078431372549,0.20704428116898319
0.5207296849087893,0.7696078431372549,0.20715004636067022
0.521594684385382,0.7696078431372549,0.20758718751033547
0.5224625623960066,0.7696078431372549,0.20796209484857164
0.5233333333333333,0.7696078431372549,0.20809032624022802
0.5225375626043406,0.7671568627450981,0.20832775656466726
0.5234113712374582,0.7671568627450981,0.208469042328757
0.52428810720268,0.7671568627450981,0.20900223363970816
0.5251677852348994,0.7671568627450981,0.20917065774999558
0.5260504201680672,0.7671568627450981,0.20937369322398927
0.5269360269360269,0.7671568627450981,0.20941572240555076
0.5278246205733558,0.7671568627450981,0.21082679242822258
0.5287162162162162,0.7671568627450981,0.21124783263888666
0.5296108291032149,0.7671568627450981,0.21217368889206678
0.5305084745762711,0.7671568627450981,0.21426039197559496
0.5314091680814941,0.7671568627450981,0.21437873463672996
0.532312925170068,0.7671568627450981,0.215543526415903
0.5332197614991482,0.7671568627450981,0.21563265863668837
0.5324232081911263,0.7647058823529411,0.2162644389513444
0.5316239316239316,0.7622549019607843,0.2168357647709327
0.5308219178082192,0.7598039215686274,0.21858610049659455
0.5300171526586621,0.7573529411764706,0.21864900807216073
0.5309278350515464,0.7573529411764706,0.21865164532267325
0.53184165232358,0.7573529411764706,0.21915439441379472
0.5310344827586206,0.7549019607843137,0.21936880930211292
0.531951640759931,0.7549019607843137,0.21958332457538968
0.5311418685121108,0.7524509803921569,0.21996349139041263
0.5320623916811091,0.7524509803921569,0.2200780402121698
0.5329861111111112,0.7524509803921569,0.22036936527124742
0.5339130434782609,0.7524509803921569,0.22044514993529116
0.5348432055749129,0.7524509803921569,0.22158605020390273
0.5357766143106457,0.7524509803921569,0.2229617550082319
0.5367132867132867,0.7524509803921569,0.22325009398547446
0.5376532399299475,0.7524509803921569,0.22357249852496341
0.5368421052631579,0.75,0.22383138572253203
0.5377855887521968,0.75,0.22384940054718847
0.5387323943661971,0.75,0.22457743519948317
0.5396825396825397,0.75,0.22520658146367942
0.5406360424028268,0.75,0.22548036694609852
0.5398230088495575,0.7475490196078431,0.2257229454096926
0.5407801418439716,0.7475490196078431,0.22621331066325578
0.5417406749555951,0.7475490196078431,0.22661572818862877
0.5427046263345195,0.7475490196078431,0.22749295198148833
0.5436720142602496,0.7475490196078431,0.2278133989601777
0.5428571428571428,0.7450980392156863,0.22907973954087116
0.5438282647584973,0.7450980392156863,0.2297816693728285
0.5448028673835126,0.7450980392156863,0.2307445018640463
0.5457809694793537,0.7450980392156863,0.23081922769064853
0.5467625899280576,0.7450980392156863,0.23136136375344019
0.5477477477477477,0.7450980392156863,0.23173105219067672
0.5487364620938628,0.7450980392156863,0.23370148554134573
0.5497287522603979,0.7450980392156863,0.23402671154281252
0.5507246376811594,0.7450980392156863,0.23477430058063523
0.5517241379310345,0.7450980392156863,0.2351914155268281
0.5509090909090909,0.7426470588235294,0.2354367722372408
0.5519125683060109,0.7426470588235294,0.23560284192254347
0.5529197080291971,0.7426470588235294,0.236911899550362
0.5539305301645339,0.7426470588235294,0.23743390067209755
0.554945054945055,0.7426470588235294,0.23853987855168066
0.5559633027522936,0.7426470588235294,0.23924518953893958
0.5569852941176471,0.7426470588235294,0.24008905328214847
0.5561694290976059,0.7401960784313726,0.24129480399728817
0.5571955719557196,0.7401960784313726,0.2424856976551243
0.55637707948244,0.7377450980392157,0.24301111344386714
0.5574074074074075,0.7377450980392157,0.2433900753350755
0.5584415584415584,0.7377450980392157,0.24353425636887902
0.5594795539033457,0.7377450980392157,0.24641898140953775
0.5605214152700186,0.7377450980392157,0.24677093783098272
0.5597014925373134,0.7352941176470589,0.24730309456531918
0.5588785046728972,0.7328431372549019,0.24799761088271743
0.5580524344569289,0.7303921568627451,0.24982526094318444
0.5590994371482176,0.7303921568627451,0.25028474755208835
0.5601503759398496,0.7303921568627451,0.251107247184914
0.5612052730696798,0.7303921568627451,0.25247234929332313
0.5622641509433962,0.7303921568627451,0.2539572910058194
0.5633270321361059,0.7303921568627451,0.2552033728778287
0.5643939393939394,0.7303921568627451,0.25537397276374524
0.5654648956356736,0.7303921568627451,0.2556808338120541
0.5665399239543726,0.7303921568627451,0.25668083675386405
0.5657142857142857,0.7279411764705882,0.2570005804350912
0.5648854961832062,0.7254901960784313,0.257048472745096
0.5659655831739961,0.7254901960784313,0.2574211106877084
0.5670498084291188,0.7254901960784313,0.25844678954822786
0.5662188099808061,0.7230392156862745,0.2589908398490352
0.5673076923076923,0.7230392156862745,0.25990602092580867
0.5664739884393064,0.7205882352941176,0.2604028430062158
0.5675675675675675,0.7205882352941176,0.2608037251731834
0.5686653771760155,0.7205882352941176,0.2634331770094837
0.5697674418604651,0.7205882352941176,0.264198610368724
0.570873786407767,0.7205882352941176,0.2642898919881826
0.5700389105058365,0.7181372549019608,0.2644275089410563
0.571150097465887,0.7181372549019608,0.2649594060222477
0.572265625,0.7181372549019608,0.266663114432839
0.5733855185909981,0.7181372549019608,0.2669685521441213
0.5745098039215686,0.7181372549019608,0.2678097316705836
0.5756385068762279,0.7181372549019608,0.26799720730503657
0.5767716535433071,0.7181372549019608,0.2692467344584144
0.5779092702169625,0.7181372549019608,0.2696816646357278
0.5790513833992095,0.7181372549019608,0.26998174176180423
0.5801980198019802,0.7181372549019608,0.27019650643789267
0.5813492063492064,0.7181372549019608,0.27122547131418756
0.5825049701789264,0.7181372549019608,0.27147302051578065
0.5816733067729084,0.7156862745098039,0.27154129442485253
0.5808383233532934,0.7132352941176471,0.2717801591445304
0.58,0.7107843137254902,0.27181667074120014
0.5791583166332666,0.7083333333333334,0.2721801408670223
0.5803212851405622,0.7083333333333334,0.2736328071362802
0.579476861167002,0.7058823529411765,0.2749446759829217
0.5806451612903226,0.7058823529411765,0.2761382909359877
0.5797979797979798,0.7034313725490197,0.278645869020027
0.5809716599190283,0.7034313725490197,0.27874290722664624
0.5821501014198783,0.7034313725490197,0.28029758664910726
0.5813008130081301,0.7009803921568627,0.2807612990799825
0.5824847250509165,0.7009803921568627,0.28242079247947965
0.5836734693877551,0.7009803921568627,0.28290748080561995
0.5828220858895705,0.6985294117647058,0.28311830727028336
0.5840163934426229,0.6985294117647058,0.2832353099250245
0.5852156057494866,0.6985294117647058,0.28391841168727694
0.5864197530864198,0.6985294117647058,0.28418929294202905
0.5876288659793815,0.6985294117647058,0.2847540752121363
0.5867768595041323,0.696078431372549,0.284841749334057
0.587991718426501,0.696078431372549,0.285030109889236
0.5892116182572614,0.696078431372549,0.28576151371351816
0.5883575883575883,0.6936274509803921,0.2858623786233871
0.5895833333333333,0.6936274509803921,0.28620467093117147
0.5908141962421712,0.6936274509803921,0.28631256303973435
0.5920502092050209,0.6936274509803921,0.28634005375135185
0.5932914046121593,0.6936274509803921,0.2867309815269062
0.5945378151260504,0.6936274509803921,0.2868684178916195
0.5957894736842105,0.6936274509803921,0.2887638353941804
0.5970464135021097,0.6936274509803921,0.28917965480095437
0.5983086680761099,0.6936274509803921,0.2897370677371806
0.5995762711864406,0.6936274509803921,0.2902639358823618
0.6008492569002123,0.6936274509803921,0.2907883677866139
0.6,0.6911764705882353,0.2908785060245033
0.6012793176972282,0.6911764705882353,0.29256005109603067
0.6025641025641025,0.6911764705882353,0.29408840534832653
0.6038543897216274,0.6911764705882353,0.294540965722394
0.6030042918454935,0.6887254901960784,0.2948884632517195
0.6043010752688172,0.6887254901960784,0.29570435532150635
0.6056034482758621,0.6887254901960784,0.2966301901379698
0.6047516198704104,0.6862745098039216,0.2973894743057717
0.6060606060606061,0.6862745098039216,0.2979543028280696
0.6052060737527115,0.6838235294117647,0.29800515422580465
0.6065217391304348,0.6838235294117647,0.2985487291351692
0.6056644880174292,0.6813725490196079,0.300126806026245
0.6048034934497817,0.678921568627451,0.30080387854658325
0.6061269146608315,0.678921568627451,0.3008928230417707
0.6074561403508771,0.678921568627451,0.30107595202775045
0.6065934065934065,0.6764705882352942,0.3011431281523343
0.6079295154185022,0.6764705882352942,0.3018135177000887
0.609271523178808,0.6764705882352942,0.3040738401142403
0.6084070796460177,0.6740196078431373,0.30439727603701255
0.6097560975609756,0.6740196078431373,0.30476875703182027
0.6111111111111112,0.6740196078431373,0.3058483985130402
0.6124721603563474,0.6740196078431373,0.3071739549026511
0.6116071428571429,0.6715686274509803,0.307257782753422
0.6129753914988815,0.6715686274509803,0.3102835236304347
0.6143497757847534,0.6715686274509803,0.31029222381760785
0.6134831460674157,0.6691176470588235,0.310570098995313
0.6148648648648649,0.6691176470588235,0.3108541720128968
0.6162528216704289,0.6691176470588235,0.31106638023811156
0.6153846153846154,0.6666666666666666,0.312482047572566
0.6167800453514739,0.6666666666666666,0.3155899554389637
0.6181818181818182,0.6666666666666666,0.31667175541172093
0.6173120728929385,0.6642156862745098,0.3166954079230701
0.6164383561643836,0.6617647058823529,0.3173840217603912
0.6178489702517163,0.6617647058823529,0.31741350090599396
0.6192660550458715,0.6617647058823529,0.3188186039218795
0.6206896551724138,0.6617647058823529,0.31970801151243167
0.6221198156682027,0.6617647058823529,0.3221132065952422
0.6212471131639723,0.6593137254901961,0.3222695954671984
0.6203703703703703,0.6568627450980392,0.3230709156037059
0.6218097447795824,0.6568627450980392,0.32423130668348116
0.6232558139534884,0.6568627450980392,0.325793216021201
0.6247086247086248,0.6568627450980392,0.325953848629746
0.6261682242990654,0.6568627450980392,0.3279684122143067
0.6276346604215457,0.6568627450980392,0.32829579333188824
0.6291079812206573,0.6568627450980392,0.3284294053204238
0.6305882352941177,0.6568627450980392,0.32864792245618163
0.6320754716981132,0.6568627450980392,0.32882317350120976
0.6312056737588653,0.6544117647058824,0.33005727543523733
0.6303317535545023,0.6519607843137255,0.33052069863980355
0.6294536817102138,0.6495098039215687,0.33194806025320345
0.6309523809523809,0.6495098039215687,0.3319747487869089
0.630071599045346,0.6470588235294118,0.332192652447412
0.631578947368421,0.6470588235294118,0.3322067086650978
0.6330935251798561,0.6470588235294118,0.3330625582959253
0.6346153846153846,0.6470588235294118,0.33440350563490123
0.636144578313253,0.6470588235294118,0.3371400692125673
0.6376811594202898,0.6470588235294118,0.3373428001199193
0.639225181598063,0.6470588235294118,0.3380834204338274
0.6383495145631068,0.6446078431372549,0.338699868957063
0.6399026763990268,0.6446078431372549,0.33912113331107635
0.6390243902439025,0.6421568627450981,0.3391216971095357
0.6405867970660146,0.6421568627450981,0.3414508452936232
0.6421568627450981,0.6421568627450981,0.34204465524640243
0.6437346437346437,0.6421568627450981,0.34293151579622866
0.645320197044335,0.6421568627450981,0.34367232037792056
0.6469135802469136,0.6421568627450981,0.3455392127372477
0.6460396039603961,0.6397058823529411,0.3477249148620302
0.6451612903225806,0.6372549019607843,0.3487825149355617
0.6442786069651741,0.6348039215686274,0.35002553227011585
0.6433915211970075,0.6323529411764706,0.3505623087698491
0.645,0.6323529411764706,0.35194251891404654
0.6466165413533834,0.6323529411764706,0.352593507272066
0.6482412060301508,0.6323529411764706,0.354139248613008
0.6473551637279596,0.6299019607843137,0.35564511273950544
0.648989898989899,0.6299019607843137,0.35632897789367596
0.6506329113924051,0.6299019607843137,0.35646975821358867
0.6522842639593909,0.6299019607843137,0.3602471127129066
0.6539440203562341,0.6299019607843137,0.36285664405304335
0.6556122448979592,0.6299019607843137,0.3642125448707836
0.6572890025575447,0.6299019607843137,0.365048289755976
0.658974358974359,0.6299019607843137,0.36529772463403737
0.6580976863753213,0.6274509803921569,0.36632020832284534
0.6572164948453608,0.625,0.36760931735486846
0.6589147286821705,0.625,0.36805111548127445
0.6606217616580311,0.625,0.36836002748943364
0.6623376623376623,0.625,0.37318481812350224
0.6640625,0.625,0.3731934076404122
0.6657963446475196,0.625,0.3735042834869741
0.6649214659685864,0.6225490196078431,0.3758219606994131
0.6666666666666666,0.6225490196078431,0.38125225603977525
0.6657894736842105,0.6200980392156863,0.38207783288038905
0.6675461741424802,0.6200980392156863,0.3830762888864377
0.6666666666666666,0.6176470588235294,0.3833474522534103
0.6684350132625995,0.6176470588235294,0.38466463256552924
0.6675531914893617,0.6151960784313726,0.38543317017248574
0.6693333333333333,0.6151960784313726,0.3858704961679818
0.6684491978609626,0.6127450980392157,0.3867106802727374
0.6702412868632708,0.6127450980392157,0.3871837772460367
0.6720430107526881,0.6127450980392157,0.3872042996345803
0.6738544474393531,0.6127450980392157,0.387216121023709
0.6756756756756757,0.6127450980392157,0.38827291316249085
0.6747967479674797,0.6102941176470589,0.3896857806863561
0.6766304347826086,0.6102941176470589,0.3898960391422617
0.6784741144414169,0.6102941176470589,0.3913346344261954
0.6775956284153005,0.6078431372549019,0.3934600557717361
0.6767123287671233,0.6053921568627451,0.39479504853614106
0.6785714285714286,0.6053921568627451,0.39507656257048035
0.6776859504132231,0.6029411764705882,0.3958034631529607
0.6795580110497238,0.6029411764705882,0.3968661095793464
0.6814404432132964,0.6029411764705882,0.39729101614458656
0.6805555555555556,0.6004901960784313,0.39753158727536925
0.6824512534818942,0.6004901960784313,0.39784184858441957
0.6843575418994413,0.6004901960784313,0.39804643588990923
0.6834733893557423,0.5980392156862745,0.40038748814548164
0.6853932584269663,0.5980392156862745,0.4010853002671955
0.6845070422535211,0.5955882352941176,0.4012877218005672
0.6836158192090396,0.5931372549019608,0.4014932536877354
0.6827195467422096,0.5906862745098039,0.4036681645502376
0.6818181818181818,0.5882352941176471,0.4061535058395836
0.6837606837606838,0.5882352941176471,0.4079810176580543
0.6857142857142857,0.5882352941176471,0.4082303951185377
0.6848137535816619,0.5857843137254902,0.40953394057782627
0.6839080459770115,0.5833333333333334,0.41063261275596963
0.6858789625360231,0.5833333333333334,0.4110185050229867
0.6878612716763006,0.5833333333333334,0.4135179625778633
0.6898550724637681,0.5833333333333334,0.4141380239763053
0.6918604651162791,0.5833333333333334,0.4141483300956746
0.6938775510204082,0.5833333333333334,0.41674551353497896
0.6929824561403509,0.5808823529411765,0.4174353875619823
0.6950146627565983,0.5808823529411765,0.4182617103802182
0.6970588235294117,0.5808823529411765,0.41833196425446867
0.6991150442477876,0.5808823529411765,0.421150236714482
0.6982248520710059,0.5784313725490197,0.423639609935851
0.7002967359050445,0.5784313725490197,0.426299908325482
0.7023809523809523,0.5784313725490197,0.4301870430597366
0.7044776119402985,0.5784313725490197,0.43027161784030543
0.7035928143712575,0.5759803921568627,0.4343507117766055
0.7057057057057057,0.5759803921568627,0.43458764309895753
0.7078313253012049,0.5759803921568627,0.4352837626387546
0.7099697885196374,0.5759803921568627,0.436298528397668
0.7121212121212122,0.5759803921568627,0.4364922835069643
0.7142857142857143,0.5759803921568627,0.4369786255984998
0.7134146341463414,0.5735294117647058,0.4380413146947137
0.7155963302752294,0.5735294117647058,0.4382454570639766
0.7177914110429447,0.5735294117647058,0.4387391994499003
0.72,0.5735294117647058,0.4389747645590336
0.7191358024691358,0.571078431372549,0.4399710677658953
0.718266253869969,0.5686274509803921,0.4406865019374829
0.717391304347826,0.5661764705882353,0.4406970608733786
0.719626168224299,0.5661764705882353,0.4427908615157598
0.71875,0.5637254901960784,0.4440813821496208
0.7210031347962382,0.5637254901960784,0.44536431530058085
0.720125786163522,0.5612745098039216,0.4461789159240935
0.7192429022082019,0.5588235294117647,0.44839597742406007
0.7215189873417721,0.5588235294117647,0.44936331717326433
0.7206349206349206,0.5563725490196079,0.4496596817853154
0.7197452229299363,0.553921568627451,0.45061334342660236
0.7188498402555911,0.5514705882352942,0.4510703680586938
0.717948717948718,0.5490196078431373,0.4527686155824053
0.7202572347266881,0.5490196078431373,0.4540008416019961
0.7225806451612903,0.5490196078431373,0.45545170252594575
0.7249190938511327,0.5490196078431373,0.45697592331604864
0.7272727272727273,0.5490196078431373,0.4570034590260055
0.7263843648208469,0.5465686274509803,0.4571036816756005
0.7287581699346405,0.5465686274509803,0.46057784565810805
0.7278688524590164,0.5441176470588235,0.4621889055230259
0.7269736842105263,0.5416666666666666,0.46247544925155565
0.7293729372937293,0.5416666666666666,0.4655969094777896
0.7284768211920529,0.5392156862745098,0.4660169716949374
0.7308970099667774,0.5392156862745098,0.4664079744441647
0.73,0.5367647058823529,0.4668243819899058
0.7324414715719063,0.5367647058823529,0.4679624758240702
0.7315436241610739,0.5343137254901961,0.46803010706867393
0.734006734006734,0.5343137254901961,0.46817477869940527
0.7331081081081081,0.5318627450980392,0.46829685561722884
0.7322033898305085,0.5294117647058824,0.47144089282583473
0.7346938775510204,0.5294117647058824,0.4716167047159871
0.7372013651877133,0.5294117647058824,0.4735718864943766
0.7397260273972602,0.5294117647058824,0.4745451617365775
0.738831615120275,0.5269607843137255,0.475232094820704
0.7379310344827587,0.5245098039215687,0.476259695670522
0.7370242214532872,0.5220588235294118,0.47827732612806545
0.7395833333333334,0.5220588235294118,0.4806555310937352
0.7421602787456446,0.5220588235294118,0.48071541848758265
0.7447552447552448,0.5220588235294118,0.48102871569652916
0.7473684210526316,0.5220588235294118,0.48640338086222545
0.75,0.5220588235294118,0.48742742327502425
0.7491166077738516,0.5196078431372549,0.488021194408039
0.75177304964539,0.5196078431372549,0.48917187819633057
0.7544483985765125,0.5196078431372549,0.49233934433881865
0.7535714285714286,0.5171568627450981,0.4929837779982991
0.7526881720430108,0.5147058823529411,0.49380159281900077
0.7517985611510791,0.5122549019607843,0.4938412005736968
0.7509025270758123,0.5098039215686274,0.4955508598861224
0.7536231884057971,0.5098039215686274,0.49559852234631024
0.7563636363636363,0.5098039215686274,0.49811544639817223
0.7591240875912408,0.5098039215686274,0.4982605178386466
0.7582417582417582,0.5073529411764706,0.5017680396807626
0.7610294117647058,0.5073529411764706,0.5030513620157119
0.7638376383763837,0.5073529411764706,0.5040519634383384
0.762962962962963,0.5049019607843137,0.5044718085286318
0.7620817843866171,0.5024509803921569,0.5145522567925132
0.7649253731343284,0.5024509803921569,0.5165795642012267
0.7677902621722846,0.5024509803921569,0.5167267318259224
0.7706766917293233,0.5024509803921569,0.5170672001439579
0.7735849056603774,0.5024509803921569,0.5191082136629722
0.7765151515151515,0.5024509803921569,0.5191854859554202
0.7756653992395437,0.5,0.519309317879883
0.7786259541984732,0.5,0.5203526029455123
0.7816091954022989,0.5,0.5218406616894969
0.7846153846153846,0.5,0.5234975690487382
0.7876447876447876,0.5,0.5239776809277067
0.7906976744186046,0.5,0.5260920657185831
0.7937743190661478,0.5,0.5274263998235348
0.79296875,0.49754901960784315,0.5283266461683568
0.796078431372549,0.49754901960784315,0.5298865942201146
0.7992125984251969,0.49754901960784315,0.5326110172163118
0.7984189723320159,0.4950980392156863,0.536945046340016
0.7976190476190477,0.49264705882352944,0.537475091049982
0.8007968127490039,0.49264705882352944,0.5382812325618362
0.8,0.49019607843137253,0.538947106568619
0.8032128514056225,0.49019607843137253,0.5398139647351128
0.8024193548387096,0.4877450980392157,0.5398419820342971
0.805668016194332,0.4877450980392157,0.5400854184787917
0.8089430894308943,0.4877450980392157,0.5409536111941504
0.8081632653061225,0.4852941176470588,0.5414332434105691
0.8114754098360656,0.4852941176470588,0.5424721000181426
0.8148148148148148,0.4852941176470588,0.544897163566389
0.8181818181818182,0.4852941176470588,0.5458372538736936
0.8215767634854771,0.4852941176470588,0.5467028334131431
0.8208333333333333,0.48284313725490197,0.5499843441380684
0.8242677824267782,0.48284313725490197,0.553506657334759
0.8277310924369747,0.48284313725490197,0.5550752896002278
0.8270042194092827,0.4803921568627451,0.5583476729557599
0.826271186440678,0.47794117647058826,0.5619671068924497
0.825531914893617,0.47549019607843135,0.5624299802907959
0.8290598290598291,0.47549019607843135,0.562643023636889
0.8283261802575107,0.4730392156862745,0.5632424378203033
0.8318965517241379,0.4730392156862745,0.5677019080433309
0.8354978354978355,0.4730392156862745,0.5689975795701351
0.8347826086956521,0.47058823529411764,0.5726656148735471
0.834061135371179,0.4681372549019608,0.5732590679550488
0.8377192982456141,0.4681372549019608,0.5742971286893299
0.8370044052863436,0.46568627450980393,0.5763172675931855
0.8362831858407079,0.4632352941176471,0.5775284396796917
0.8355555555555556,0.46078431372549017,0.5829330177918693
0.8348214285714286,0.4583333333333333,0.5835636547718203
0.8340807174887892,0.45588235294117646,0.5835986748353352
0.8378378378378378,0.45588235294117646,0.5857221876973587
0.8416289592760181,0.45588235294117646,0.5859612791405068
0.8409090909090909,0.4534313725490196,0.5862382314764601
0.8401826484018264,0.45098039215686275,0.5865617802095207
0.8440366972477065,0.45098039215686275,0.5865976478268937
0.8433179723502304,0.4485294117647059,0.5866643932210421
0.8472222222222222,0.4485294117647059,0.5884618368389064
0.8465116279069768,0.44607843137254904,0.5894254193025444
0.8457943925233645,0.44362745098039214,0.5910401113966564
0.8450704225352113,0.4411764705882353,0.6004946650086137
0.8490566037735849,0.4411764705882353,0.6023781720275929
0.8483412322274881,0.4387254901960784,0.6030707806565364
0.8476190476190476,0.4362745098039216,0.6068752566970684
0.8516746411483254,0.4362745098039216,0.6087979572966424
0.8509615384615384,0.4338235294117647,0.6094705530660944
0.8502415458937198,0.43137254901960786,0.6097769522740312
0.8543689320388349,0.43137254901960786,0.6099157126149478
0.8536585365853658,0.42892156862745096,0.6106367674595093
0.8578431372549019,0.42892156862745096,0.6114534802290054
0.8571428571428571,0.4264705882352941,0.6156382168869161
0.8564356435643564,0.42401960784313725,0.6180499951923643
0.8606965174129353,0.42401960784313725,0.6190844794146093
0.86,0.4215686274509804,0.6211518005642677
0.8592964824120602,0.41911764705882354,0.6214143878171766
0.8585858585858586,0.4166666666666667,0.6221486846944626
0.8629441624365483,0.4166666666666667,0.6233146619879237
0.8673469387755102,0.4166666666666667,0.6234941192580439
0.8717948717948718,0.4166666666666667,0.6253141606117901
0.8711340206185567,0.41421568627450983,0.627599482564943
0.8704663212435233,0.4117647058823529,0.6289032823062405
0.875,0.4117647058823529,0.6298266247984327
0.8743455497382199,0.40931372549019607,0.6301876294336096
0.8736842105263158,0.4068627450980392,0.6317195666011836
0.873015873015873,0.40441176470588236,0.636725333577145
0.8723404255319149,0.4019607843137255,0.6377840018353284
0.8770053475935828,0.4019607843137255,0.6401195837514373
0.8817204301075269,0.4019607843137255,0.6436386264584534
0.8810810810810811,0.39950980392156865,0.6521666421658919
0.8858695652173914,0.39950980392156865,0.6556774252770855
0.8852459016393442,0.39705882352941174,0.6568589545524566
0.8901098901098901,0.39705882352941174,0.6585066645310302
0.8895027624309392,0.3946078431372549,0.6598044474471526
0.8888888888888888,0.39215686274509803,0.6612991910036842
0.888268156424581,0.3897058823529412,0.6660149028110847
0.8876404494382022,0.3872549019607843,0.6669238048271056
0.8926553672316384,0.3872549019607843,0.6701317010512376
0.8920454545454546,0.38480392156862747,0.6714438910386158
0.8914285714285715,0.38235294117647056,0.671644941151592
0.8908045977011494,0.3799019607843137,0.6726215157265658
0.8959537572254336,0.3799019607843137,0.6728713789127637
0.9011627906976745,0.3799019607843137,0.6779754228246709
0.9005847953216374,0.37745098039215685,0.6784313650302437
0.9058823529411765,0.37745098039215685,0.6800727483748288
0.9053254437869822,0.375,0.6803139137250597
0.9107142857142857,0.375,0.6812001778438814
0.9161676646706587,0.375,0.6821072046381419
0.9156626506024096,0.37254901960784315,0.6858208344075513
0.9151515151515152,0.3700980392156863,0.6880830892145621
0.9146341463414634,0.36764705882352944,0.6921088410549987
0.9141104294478528,0.36519607843137253,0.6971894438884307
0.9135802469135802,0.3627450980392157,0.7007616568731879
0.9130434782608695,0.3602941176470588,0.7080988082310582
0.9125,0.35784313725490197,0.7088408896447075
0.9119496855345912,0.3553921568627451,0.7135839830727759
0.9113924050632911,0.35294117647058826,0.716870890633796
0.910828025477707,0.35049019607843135,0.7175108855829814
0.9102564102564102,0.3480392156862745,0.7176332831358915
0.9096774193548387,0.34558823529411764,0.7203609369926262
0.9090909090909091,0.3431372549019608,0.7229467013348758
0.9084967320261438,0.34068627450980393,0.7230993956174211
0.9078947368421053,0.3382352941176471,0.724050411243744
0.9072847682119205,0.33578431372549017,0.7248847377357507
0.9066666666666666,0.3333333333333333,0.7315090154705896
0.9060402684563759,0.33088235294117646,0.7348369486691007
0.9054054054054054,0.3284313725490196,0.7355731412649282
0.9047619047619048,0.32598039215686275,0.7362173054348872
0.9041095890410958,0.3235294117647059,0.7374410734957975
0.903448275862069,0.32107843137254904,0.7390375104650658
0.9027777777777778,0.31862745098039214,0.7390832597252374
0.9020979020979021,0.3161764705882353,0.7415099088306693
0.9014084507042254,0.3137254901960784,0.7415698735392268
0.900709219858156,0.3112745098039216,0.7447316451361212
0.9,0.3088235294117647,0.7457928468936812
0.9064748201438849,0.3088235294117647,0.7469648069830578
0.9130434782608695,0.3088235294117647,0.7478717874110247
0.9124087591240876,0.30637254901960786,0.7492441764116649
0.9117647058823529,0.30392156862745096,0.7501093522713234
0.9111111111111111,0.3014705882352941,0.7505778940247301
0.9104477611940298,0.29901960784313725,0.7514173437434026
0.9172932330827067,0.29901960784313725,0.7553746558386732
0.9166666666666666,0.2965686274509804,0.7590245017999163
0.9236641221374046,0.2965686274509804,0.7602612474542347
0.9230769230769231,0.29411764705882354,0.7615796327267249
0.9224806201550387,0.2916666666666667,0.7644612504977001
0.921875,0.28921568627450983,0.7676241271593223
0.9212598425196851,0.2867647058823529,0.7689620778844413
0.9206349206349206,0.28431372549019607,0.7695904955629015
0.92,0.2818627450980392,0.7758486762231556
0.9193548387096774,0.27941176470588236,0.777644457109588
0.926829268292683,0.27941176470588236,0.7777718754678431
0.9262295081967213,0.2769607843137255,0.7778589780602934
0.9256198347107438,0.27450980392156865,0.781307186511472
0.925,0.27205882352941174,0.782406751448093
0.9243697478991597,0.2696078431372549,0.7829821944003154
0.9322033898305084,0.2696078431372549,0.7856849317022498
0.9316239316239316,0.26715686274509803,0.7868308236551153
0.9310344827586207,0.2647058823529412,0.7886129733969037
0.9304347826086956,0.2622549019607843,0.7932598152055096
0.9298245614035088,0.25980392156862747,0.7977066249635657
0.9292035398230089,0.25735294117647056,0.7981971222322919
0.9375,0.25735294117647056,0.8002215535234846
0.9369369369369369,0.2549019607843137,0.8033969200944021
0.9363636363636364,0.25245098039215685,0.8041767969025652
0.9357798165137615,0.25,0.8042365026293626
0.9351851851851852,0.24754901960784315,0.8061762603248489
0.9345794392523364,0.24509803921568626,0.8063476551120844
0.9433962264150944,0.24509803921568626,0.8085474696448319
0.9428571428571428,0.2426470588235294,0.811341087766908
0.9423076923076923,0.24019607843137256,0.8119794494527021
0.941747572815534,0.23774509803921567,0.8141740403253966
0.9509803921568627,0.23774509803921567,0.8161893124158044
0.9504950495049505,0.23529411764705882,0.818926237087326
0.95,0.23284313725490197,0.8192310790859773
0.9494949494949495,0.23039215686274508,0.8197817724263086
0.9489795918367347,0.22794117647058823,0.8200087488423325
0.9484536082474226,0.22549019607843138,0.8210532019539816
0.9479166666666666,0.22303921568627452,0.8212456140636872
0.9578947368421052,0.22303921568627452,0.8231049469828052
0.9574468085106383,0.22058823529411764,0.8232084706955499
0.956989247311828,0.2181372549019608,0.8253519025217649
0.9565217391304348,0.21568627450980393,0.8290632242244721
0.9560439560439561,0.21323529411764705,0.829675667260541
0.9555555555555556,0.2107843137254902,0.8299036614348293
0.9550561797752809,0.20833333333333334,0.8311196670811826
0.9545454545454546,0.20588235294117646,0.8332916844526904
0.9540229885057471,0.2034313725490196,0.8374347668874798
0.9534883720930233,0.20098039215686275,0.8376974283408157
0.9529411764705882,0.19852941176470587,0.8380793481445082
0.9523809523809523,0.19607843137254902,0.8395908434487184
0.9518072289156626,0.19362745098039216,0.8428565036708028
0.9634146341463414,0.19362745098039216,0.8429997861668731
0.9629629629629629,0.19117647058823528,0.8459850224781663
0.9625,0.18872549019607843,0.8463698829336167
0.9620253164556962,0.18627450980392157,0.8502026021711747
0.9615384615384616,0.18382352941176472,0.8524213913692852
0.974025974025974,0.18382352941176472,0.8533649100848765
0.9736842105263158,0.18137254901960784,0.85445854590632
0.9866666666666667,0.18137254901960784,0.8559047067880349
0.9864864864864865,0.17892156862745098,0.8580798067126435
0.9863013698630136,0.17647058823529413,0.8585843279511646
0.9861111111111112,0.17401960784313725,0.8616670276742958
0.9859154929577465,0.1715686274509804,0.8623357457162886
0.9857142857142858,0.16911764705882354,0.8632301141401898
0.9855072463768116,0.16666666666666666,0.8644280289217123
0.9852941176470589,0.1642156862745098,0.8653081728133168
0.9850746268656716,0.16176470588235295,0.8728361549878008
0.9848484848484849,0.15931372549019607,0.8739440666238222
0.9846153846153847,0.1568627450980392,0.8740670736457642
0.984375,0.15441176470588236,0.8753972413234257
0.9841269841269841,0.15196078431372548,0.8783170447060206
0.9838709677419355,0.14950980392156862,0.8796330081857332
0.9836065573770492,0.14705882352941177,0.8808035413396086
0.9833333333333333,0.14460784313725492,0.8845648294765797
0.9830508474576272,0.14215686274509803,0.8850500289108846
0.9827586206896551,0.13970588235294118,0.8873988241394085
0.9824561403508771,0.13725490196078433,0.8886011008746837
1.0,0.13725490196078433,0.8891789964815308
1.0,0.13480392156862744,0.8899481851258318
1.0,0.1323529411764706,0.8943246165700879
1.0,0.12990196078431374,0.8966635753906926
1.0,0.12745098039215685,0.8996381754521862
1.0,0.125,0.9013152517792955
1.0,0.12254901960784313,0.9022411344574127
1.0,0.12009803921568628,0.902640427970678
1.0,0.11764705882352941,0.9026854770439755
1.0,0.11519607843137254,0.9033770663822245
1.0,0.11274509803921569,0.9052084753722979
1.0,0.11029411764705882,0.9061398153968736
1.0,0.10784313725490197,0.9099688295510798
1.0,0.1053921568627451,0.9108287088709796
1.0,0.10294117647058823,0.9135812612930988
1.0,0.10049019607843138,0.914897293446406
1.0,0.09803921568627451,0.915070763162027
1.0,0.09558823529411764,0.915522897614129
1.0,0.09313725490196079,0.9175285163484596
1.0,0.09068627450980392,0.9178974068860893
1.0,0.08823529411764706,0.9191245371816028
1.0,0.0857843137254902,0.9201989362383918
1.0,0.08333333333333333,0.920544822806443
1.0,0.08088235294117647,0.9213066208635253
1.0,0.0784313725490196,0.9215520196247758
1.0,0.07598039215686274,0.9224790646626445
1.0,0.07352941176470588,0.924730741898248
1.0,0.07107843137254902,0.9247726572264736
1.0,0.06862745098039216,0.928058661420785
1.0,0.0661764705882353,0.9309423079180753
1.0,0.06372549019607843,0.9311351291034861
1.0,0.061274509803921566,0.9314150382625112
1.0,0.058823529411764705,0.9320531132130235
1.0,0.056372549019607844,0.9363560607005423
1.0,0.05392156862745098,0.9373071279908135
1.0,0.051470588235294115,0.9400336581490983
1.0,0.049019607843137254,0.9402890395376406
1.0,0.04656862745098039,0.9433782219344189
1.0,0.04411764705882353,0.9483610976406404
1.0,0.041666666666666664,0.9510347732590732
1.0,0.0392156862745098,0.9524244510986631
1.0,0.03676470588235294,0.954613192493636
1.0,0.03431372549019608,0.9567747021203911
1.0,0.031862745098039214,0.958150647062694
1.0,0.029411764705882353,0.958888377576078
1.0,0.02696078431372549,0.9589890943634881
1.0,0.024509803921568627,0.9621133031420609
1.0,0.022058823529411766,0.9631998583262673
1.0,0.0196078431372549,0.9646545743176228
1.0,0.01715686274509804,0.9675133444764592
1.0,0.014705882352941176,0.9675992094404048
1.0,0.012254901960784314,0.9691898852409776
1.0,0.00980392156862745,0.9729517396006034
1.0,0.007352941176470588,0.9779774520370977
1.0,0.004901960784313725,0.9790487899249908
1.0,0.0024509803921568627,0.9836985335852603
