model,precision,recall,threshold
ProductionV2,0.204,1.0,0.010044596757124193
ProductionV2,0.20410205102551277,1.0,0.011248529170497514
ProductionV2,0.2042042042042042,1.0,0.01178491125867393
ProductionV2,0.20440881763527055,1.0,0.012266803503628222
ProductionV2,0.20451127819548873,1.0,0.013243417389321532
ProductionV2,0.20441988950276244,0.9975490196078431,0.014012760297812338
ProductionV2,0.20452261306532662,0.9975490196078431,0.014018036694539642
ProductionV2,0.20472837022132798,0.9975490196078431,0.014166600944025593
ProductionV2,0.20483140412682435,0.9975490196078431,0.014908434359759271
ProductionV2,0.20493454179254783,0.9975490196078431,0.015079139875721277
ProductionV2,0.20503778337531486,0.9975490196078431,0.015525124795372255
ProductionV2,0.20524457892082704,0.9975490196078431,0.01618594695729026
ProductionV2,0.20670391061452514,0.9975490196078431,0.016732684189626236
ProductionV2,0.2068089430894309,0.9975490196078431,0.017044870987314543
ProductionV2,0.20691408235892222,0.9975490196078431,0.01782562581364784
ProductionV2,0.20723014256619143,0.9975490196078431,0.018786007559750417
ProductionV2,0.20733571064696893,0.9975490196078431,0.019247213378680142
ProductionV2,0.20754716981132076,0.9975490196078431,0.019265948658709307
ProductionV2,0.2077590607452782,0.9975490196078431,0.019566096617436565
ProductionV2,0.20797138477261115,0.9975490196078431,0.019604435813706383
ProductionV2,0.20807770961145194,0.9975490196078431,0.019669279978573706
ProductionV2,0.2082906857727738,0.9975490196078431,0.01977141606907799
ProductionV2,0.2083973374295955,0.9975490196078431,0.02018582575965419
ProductionV2,0.20871794871794871,0.9975490196078431,0.020522623325476365
ProductionV2,0.20882503848127246,0.9975490196078431,0.02080285101516367
ProductionV2,0.20925449871465296,0.9975490196078431,0.02089944126022528
ProductionV2,0.2094698919197118,0.9975490196078431,0.02095633139432192
ProductionV2,0.21001031991744065,0.9975490196078431,0.02114003709347856
ProductionV2,0.2101187403200826,0.9975490196078431,0.022131512645843465
ProductionV2,0.2098191214470284,0.9950980392156863,0.02259643332734648
ProductionV2,0.2096273291925466,0.9926470588235294,0.022677333875002346
ProductionV2,0.20984455958549222,0.9926470588235294,0.023532515963564624
ProductionV2,0.2101712506486767,0.9926470588235294,0.023569369278009705
ProductionV2,0.21038961038961038,0.9926470588235294,0.023740912097230733
ProductionV2,0.21071800208116545,0.9926470588235294,0.024012743427653378
ProductionV2,0.21104742053152684,0.9926470588235294,0.024146120600565948
ProductionV2,0.21115745568300312,0.9926470588235294,0.024309650655911924
ProductionV2,0.2112676056338028,0.9926470588235294,0.02437287320419297
ProductionV2,0.2112970711297071,0.9901960784313726,0.024552936945527758
ProductionV2,0.21140763997906856,0.9901960784313726,0.025018025549981327
ProductionV2,0.21151832460732983,0.9901960784313726,0.025049167153271115
ProductionV2,0.21162912519643792,0.9901960784313726,0.025090996871650662
ProductionV2,0.21174004192872117,0.9901960784313726,0.025180988709280202
ProductionV2,0.2120734908136483,0.9901960784313726,0.02541117406321143
ProductionV2,0.21251972645975803,0.9901960784313726,0.025603335262329593
ProductionV2,0.21263157894736842,0.9901960784313726,0.025694910553931163
ProductionV2,0.21274354923644023,0.9901960784313726,0.025786223123487346
ProductionV2,0.21285563751317177,0.9901960784313726,0.02600407133932681
ProductionV2,0.2129678439641539,0.9901960784313726,0.026249372658615287
ProductionV2,0.21308016877637131,0.9901960784313726,0.026323029531924304
ProductionV2,0.21319261213720317,0.9901960784313726,0.026487918772938303
ProductionV2,0.2135306553911205,0.9901960784313726,0.02684556225778171
ProductionV2,0.21375661375661376,0.9901960784313726,0.027211075762307708
ProductionV2,0.21334039174166225,0.9877450980392157,0.027415791277802404
ProductionV2,0.21345338983050846,0.9877450980392157,0.027617550716757974
ProductionV2,0.21447578499201703,0.9877450980392157,0.02763615859739728
ProductionV2,0.21504802561366063,0.9877450980392157,0.02767132290649684
ProductionV2,0.2152777777777778,0.9877450980392157,0.027840579565346732
ProductionV2,0.2153928380545163,0.9877450980392157,0.027911593068478836
ProductionV2,0.21550802139037434,0.9877450980392157,0.02799388192797421
ProductionV2,0.2158543117300482,0.9877450980392157,0.028117935866030785
ProductionV2,0.21689989235737353,0.9877450980392157,0.028156935275197834
ProductionV2,0.21713362068965517,0.9877450980392157,0.028328471202704604
ProductionV2,0.2174851592012952,0.9877450980392157,0.028341853971661595
ProductionV2,0.21783783783783783,0.9877450980392157,0.028887849362423116
ProductionV2,0.21842818428184282,0.9877450980392157,0.029114347998997394
ProductionV2,0.2190217391304348,0.9877450980392157,0.029155117232786496
ProductionV2,0.2192600652883569,0.9877450980392157,0.02985697808463058
ProductionV2,0.21949891067538127,0.9877450980392157,0.02999268434379197
ProductionV2,0.21961852861035422,0.9877450980392157,0.030070608543704105
ProductionV2,0.2198581560283688,0.9877450980392157,0.030076949534092966
ProductionV2,0.21997816593886463,0.9877450980392157,0.030561081654846736
ProductionV2,0.21955215729109775,0.9852941176470589,0.03058113567429632
ProductionV2,0.22015334063526834,0.9852941176470589,0.030589208248431234
ProductionV2,0.22063666300768386,0.9852941176470589,0.030694152308896834
ProductionV2,0.2209366391184573,0.9828431372549019,0.03078407269161172
ProductionV2,0.22105843439911796,0.9828431372549019,0.030900619117441425
ProductionV2,0.2217920353982301,0.9828431372549019,0.031084519729471592
ProductionV2,0.2220376522702104,0.9828431372549019,0.03118541485283621
ProductionV2,0.2225305216426193,0.9828431372549019,0.03145451987339045
ProductionV2,0.2226540810660744,0.9828431372549019,0.03178867964634167
ProductionV2,0.22290161200667039,0.9828431372549019,0.03179476531090979
ProductionV2,0.2233983286908078,0.9828431372549019,0.03200837727077482
ProductionV2,0.22377232142857142,0.9828431372549019,0.03204491781073018
ProductionV2,0.22414756847400782,0.9828431372549019,0.03210132488741786
ProductionV2,0.22427293064876958,0.9828431372549019,0.0325306113276271
ProductionV2,0.22452407614781636,0.9828431372549019,0.03255465310433204
ProductionV2,0.2250280583613917,0.9828431372549019,0.03281707966926913
ProductionV2,0.2259154929577465,0.9828431372549019,0.03282449796659792
ProductionV2,0.2262979683972912,0.9828431372549019,0.03307849716705798
ProductionV2,0.2264257481648786,0.9828431372549019,0.0330877424245932
ProductionV2,0.22719546742209631,0.9828431372549019,0.03315178496943227
ProductionV2,0.22732426303854875,0.9828431372549019,0.0334614435528117
ProductionV2,0.2274532047646058,0.9828431372549019,0.03346783975191497
ProductionV2,0.22797043774872086,0.9828431372549019,0.033593457938140336
ProductionV2,0.22875071306332,0.9828431372549019,0.03387756459391091
ProductionV2,0.22966781214203894,0.9828431372549019,0.03424803486682983
ProductionV2,0.2297994269340974,0.9828431372549019,0.03429378413608595
ProductionV2,0.23006310958118187,0.9828431372549019,0.03478808053288073
ProductionV2,0.23032739804709937,0.9828431372549019,0.03487594192563999
ProductionV2,0.23085780080598733,0.9828431372549019,0.0349586149249083
ProductionV2,0.2315242494226328,0.9828431372549019,0.03499977151092577
ProductionV2,0.23246376811594202,0.9828431372549019,0.035226664232509086
ProductionV2,0.2325986078886311,0.9828431372549019,0.035408960626854225
ProductionV2,0.23368298368298368,0.9828431372549019,0.035515555892097365
ProductionV2,0.23436586791350086,0.9828431372549019,0.035563839388845414
ProductionV2,0.23519061583577713,0.9828431372549019,0.03561578848516371
ProductionV2,0.2354668232530828,0.9828431372549019,0.035998163251443976
ProductionV2,0.2356051703877791,0.9828431372549019,0.03637281938873132
ProductionV2,0.23574368018812464,0.9828431372549019,0.03657575295940906
ProductionV2,0.23543260741612712,0.9803921568627451,0.03671559958781725
ProductionV2,0.23682652457075193,0.9803921568627451,0.03674533145591203
ProductionV2,0.23767082590612001,0.9803921568627451,0.0369047298355099
ProductionV2,0.2385211687537269,0.9803921568627451,0.03694504702285242
ProductionV2,0.23952095808383234,0.9803921568627451,0.03711759838253601
ProductionV2,0.2390653085680048,0.9779411764705882,0.037617483990952286
ProductionV2,0.2393521295740852,0.9779411764705882,0.03774196048520651
ProductionV2,0.24007220216606498,0.9779411764705882,0.03800477208159516
ProductionV2,0.24050632911392406,0.9779411764705882,0.038147905010767445
ProductionV2,0.24065138721351026,0.9779411764705882,0.03819887304489268
ProductionV2,0.24181818181818182,0.9779411764705882,0.03842996336462182
ProductionV2,0.2421116504854369,0.9779411764705882,0.038479345414914295
ProductionV2,0.24284844796104688,0.9779411764705882,0.0387624067598077
ProductionV2,0.24329268292682926,0.9779411764705882,0.03901623899456061
ProductionV2,0.24358974358974358,0.9779411764705882,0.039148187444998726
ProductionV2,0.24538745387453875,0.9779411764705882,0.03928256742755713
ProductionV2,0.24568965517241378,0.9779411764705882,0.03969055795081677
ProductionV2,0.24643962848297213,0.9754901960784313,0.04041502045008883
ProductionV2,0.2459727385377943,0.9730392156862745,0.04073470379233876
ProductionV2,0.2468905472636816,0.9730392156862745,0.042521092745810084
ProductionV2,0.24750623441396508,0.9730392156862745,0.04300675618834556
ProductionV2,0.2476606363069245,0.9730392156862745,0.04354715305886762
ProductionV2,0.24781523096129837,0.9730392156862745,0.043674270621968964
ProductionV2,0.24797001873828858,0.9730392156862745,0.04369686321622065
ProductionV2,0.2482801751094434,0.9730392156862745,0.046083287600824877
ProductionV2,0.24843554443053817,0.9730392156862745,0.04672052471237303
ProductionV2,0.2485911083281152,0.9730392156862745,0.046770799322171264
ProductionV2,0.24968474148802017,0.9705882352941176,0.04733008256870493
ProductionV2,0.24984227129337538,0.9705882352941176,0.047363455237360644
ProductionV2,0.25015792798483893,0.9705882352941176,0.047433451801344596
ProductionV2,0.2517527087316762,0.9681372549019608,0.04781067932984601
ProductionV2,0.25255754475703324,0.9681372549019608,0.0485778684353105
ProductionV2,0.2530429212043562,0.9681372549019608,0.04973505857171901
ProductionV2,0.2532051282051282,0.9681372549019608,0.05057800080191735
ProductionV2,0.25369299935773926,0.9681372549019608,0.05101255340933686
ProductionV2,0.25434642627173215,0.9681372549019608,0.051126618376736634
ProductionV2,0.2538659793814433,0.9656862745098039,0.05113618521792692
ProductionV2,0.2541935483870968,0.9656862745098039,0.05267281486196312
ProductionV2,0.25486381322957197,0.9632352941176471,0.053729367813180405
ProductionV2,0.255859375,0.9632352941176471,0.054740288864856164
ProductionV2,0.2565274151436031,0.9632352941176471,0.05498817583656276
ProductionV2,0.2568627450980392,0.9632352941176471,0.05588807639120218
ProductionV2,0.25719895287958117,0.9632352941176471,0.055955821287715986
ProductionV2,0.25736738703339884,0.9632352941176471,0.05606220165015899
ProductionV2,0.2575360419397117,0.9632352941176471,0.05628486542905428
ProductionV2,0.2577049180327869,0.9632352941176471,0.056535110991684
ProductionV2,0.25855263157894737,0.9632352941176471,0.05693457116446061
ProductionV2,0.25906394199077126,0.9632352941176471,0.05713854153311108
ProductionV2,0.25957727873183617,0.9632352941176471,0.05714187995917804
ProductionV2,0.25943084050297816,0.9607843137254902,0.05774526741361873
ProductionV2,0.2594558725945587,0.9583333333333334,0.058173802696662835
ProductionV2,0.25980066445182726,0.9583333333333334,0.058524208313656144
ProductionV2,0.2608405603735824,0.9583333333333334,0.058545644343799
ProductionV2,0.26188881446751505,0.9583333333333334,0.058599589554178516
ProductionV2,0.2628032345013477,0.9558823529411765,0.058629367492024825
ProductionV2,0.26298044504383006,0.9558823529411765,0.05932306106718743
ProductionV2,0.2646258503401361,0.9534313725490197,0.05978941251289117
ProductionV2,0.2646657571623465,0.9509803921568627,0.05979108462076889
ProductionV2,0.2648870636550308,0.9485294117647058,0.060261831279635136
ProductionV2,0.2656142759094029,0.9485294117647058,0.060348413204375735
ProductionV2,0.2699859747545582,0.9436274509803921,0.06037450274126448
ProductionV2,0.27055516514406186,0.9436274509803921,0.06049533936210089
ProductionV2,0.2713780918727915,0.9411764705882353,0.060742901985205947
ProductionV2,0.27176220806794055,0.9411764705882353,0.060821792439862306
ProductionV2,0.27259786476868325,0.9387254901960784,0.06093153315163608
ProductionV2,0.2724679029957204,0.9362745098039216,0.06140737136420026
ProductionV2,0.2726623840114204,0.9362745098039216,0.06162111653024857
ProductionV2,0.272337383845604,0.9338235294117647,0.061647510992472225
ProductionV2,0.2727272727272727,0.9338235294117647,0.06192670952091827
ProductionV2,0.2733142037302726,0.9338235294117647,0.06226985231580789
ProductionV2,0.2739036664270309,0.9338235294117647,0.06289414406506937
ProductionV2,0.2744956772334294,0.9338235294117647,0.063692217589515
ProductionV2,0.2748917748917749,0.9338235294117647,0.0641932641828849
ProductionV2,0.27588703837798695,0.9338235294117647,0.06484304949594215
ProductionV2,0.2778993435448578,0.9338235294117647,0.06567054909308226
ProductionV2,0.2783053323593864,0.9338235294117647,0.06586127747244772
ProductionV2,0.27912087912087913,0.9338235294117647,0.06587325134811821
ProductionV2,0.27973568281938327,0.9338235294117647,0.06637484556823377
ProductionV2,0.2801470588235294,0.9338235294117647,0.06769378127773924
ProductionV2,0.28044280442804426,0.9313725490196079,0.06769725685997809
ProductionV2,0.28106508875739644,0.9313725490196079,0.06779369518144708
ProductionV2,0.28127313101406365,0.9313725490196079,0.06782548422651302
ProductionV2,0.2814814814814815,0.9313725490196079,0.06887092199860731
ProductionV2,0.2818991097922849,0.9313725490196079,0.06938163935310944
ProductionV2,0.28210838901262064,0.9313725490196079,0.06949956962557091
ProductionV2,0.28315946348733234,0.9313725490196079,0.06991800957516256
ProductionV2,0.2835820895522388,0.9313725490196079,0.07007309438524359
ProductionV2,0.2837938760268857,0.9313725490196079,0.07011662977971035
ProductionV2,0.2844311377245509,0.9313725490196079,0.07018297068511033
ProductionV2,0.28582202111613875,0.928921568627451,0.07018822261213534
ProductionV2,0.2862537764350453,0.928921568627451,0.07072062255990921
ProductionV2,0.2866868381240545,0.928921568627451,0.07097554178747713
ProductionV2,0.2871212121212121,0.928921568627451,0.07105626304329818
ProductionV2,0.28821292775665397,0.928921568627451,0.07269151643657014
ProductionV2,0.28953399541634833,0.928921568627451,0.07288135841322428
ProductionV2,0.2889908256880734,0.9264705882352942,0.07337916575907405
ProductionV2,0.2893323100537222,0.9240196078431373,0.07348495633674279
ProductionV2,0.2894534257120862,0.9215686274509803,0.0738792926333826
ProductionV2,0.29012345679012347,0.9215686274509803,0.07395382331174043
ProductionV2,0.29124709527498066,0.9215686274509803,0.07445734352726478
ProductionV2,0.29237947122861585,0.9215686274509803,0.07629441728883815
ProductionV2,0.2926070038910506,0.9215686274509803,0.07707647613421842
ProductionV2,0.29283489096573206,0.9215686274509803,0.07758137561010486
ProductionV2,0.2920908379013312,0.9142156862745098,0.07860319931230055
ProductionV2,0.29231974921630094,0.9142156862745098,0.07866832479322243
ProductionV2,0.29254901960784313,0.9142156862745098,0.07882323318469908
ProductionV2,0.29245283018867924,0.9117647058823529,0.0790292019446193
ProductionV2,0.29337539432176657,0.9117647058823529,0.07954485924408716
ProductionV2,0.29430379746835444,0.9117647058823529,0.07966825697309962
ProductionV2,0.2961783439490446,0.9117647058823529,0.0804609107281968
ProductionV2,0.2964143426294821,0.9117647058823529,0.0805453882798411
ProductionV2,0.2968874700718276,0.9117647058823529,0.08089989236441067
ProductionV2,0.29703763010408324,0.9093137254901961,0.0815393869395281
ProductionV2,0.297275641025641,0.9093137254901961,0.08233668916994215
ProductionV2,0.297514033680834,0.9093137254901961,0.08316386773402876
ProductionV2,0.29814665592264306,0.9068627450980392,0.0832730478209084
ProductionV2,0.2986279257465698,0.9068627450980392,0.08368158551266848
ProductionV2,0.2988691437802908,0.9068627450980392,0.08643360406187982
ProductionV2,0.29959514170040485,0.9068627450980392,0.08866780383895334
ProductionV2,0.3,0.9044117647058824,0.09019756024077012
ProductionV2,0.3004081632653061,0.9019607843137255,0.0911585913522356
ProductionV2,0.3006535947712418,0.9019607843137255,0.09239528063604578
ProductionV2,0.3013923013923014,0.9019607843137255,0.09246877481311018
ProductionV2,0.3018867924528302,0.9019607843137255,0.09288371030839031
ProductionV2,0.30180921052631576,0.8995098039215687,0.09334439290165568
ProductionV2,0.30247933884297523,0.8970588235294118,0.09494316471790112
ProductionV2,0.3027295285359802,0.8970588235294118,0.09530426202745824
ProductionV2,0.3034825870646766,0.8970588235294118,0.09533144611196517
ProductionV2,0.30398671096345514,0.8970588235294118,0.09597570292513682
ProductionV2,0.3039134054954205,0.8946078431372549,0.09707372121109356
ProductionV2,0.3046744574290484,0.8946078431372549,0.0971706928438366
ProductionV2,0.3056255247691016,0.8921568627450981,0.09768381019392984
ProductionV2,0.30613961312026916,0.8921568627450981,0.09771800132950688
ProductionV2,0.3066554338668913,0.8921568627450981,0.09870719222912222
ProductionV2,0.30743243243243246,0.8921568627450981,0.10027115130822958
ProductionV2,0.3076923076923077,0.8921568627450981,0.10069551816860386
ProductionV2,0.3079526226734349,0.8921568627450981,0.10141654886179978
ProductionV2,0.30847457627118646,0.8921568627450981,0.10143510936791823
ProductionV2,0.3097872340425532,0.8921568627450981,0.10185196530356339
ProductionV2,0.3100511073253833,0.8921568627450981,0.1020110411866797
ProductionV2,0.3103154305200341,0.8921568627450981,0.10246404021903605
ProductionV2,0.30999146029035013,0.8897058823529411,0.1025028912466398
ProductionV2,0.3105218135158255,0.8897058823529411,0.10345488316361348
ProductionV2,0.3110539845758355,0.8897058823529411,0.10475047144033614
ProductionV2,0.31072961373390556,0.8872549019607843,0.10487200104361556
ProductionV2,0.31099656357388317,0.8872549019607843,0.10534554924706512
ProductionV2,0.3104041272570937,0.8848039215686274,0.1076227398915286
ProductionV2,0.310671256454389,0.8848039215686274,0.10920250532153147
ProductionV2,0.31174438687392053,0.8848039215686274,0.10941595338704099
ProductionV2,0.31228373702422146,0.8848039215686274,0.10954675135105744
ProductionV2,0.3116883116883117,0.8823529411764706,0.11052869577837346
ProductionV2,0.3119584055459272,0.8823529411764706,0.11070467807335511
ProductionV2,0.3127177700348432,0.8799019607843137,0.11075111391547213
ProductionV2,0.31266375545851527,0.8774509803921569,0.11088978543353063
ProductionV2,0.31200701139351444,0.8725490196078431,0.11184484701494861
ProductionV2,0.312280701754386,0.8725490196078431,0.11241333188804202
ProductionV2,0.3147163120567376,0.8700980392156863,0.11255996544866254
ProductionV2,0.31555555555555553,0.8700980392156863,0.11267812852276704
ProductionV2,0.31583629893238435,0.8700980392156863,0.11302474595785167
ProductionV2,0.3161175422974176,0.8700980392156863,0.11305855813128855
ProductionV2,0.31724754244861486,0.8700980392156863,0.11334430884270522
ProductionV2,0.31753130590339895,0.8700980392156863,0.11365273388794668
ProductionV2,0.31810035842293904,0.8700980392156863,0.11370122977141066
ProductionV2,0.31867145421903054,0.8700980392156863,0.11384922302723187
ProductionV2,0.3201082055906222,0.8700980392156863,0.11465873730830876
ProductionV2,0.3206865401987353,0.8700980392156863,0.11503802805117003
ProductionV2,0.3209764918625678,0.8700980392156863,0.11508893520158081
ProductionV2,0.32155797101449274,0.8700980392156863,0.1159243848167253
ProductionV2,0.3221415607985481,0.8700980392156863,0.11638003991080895
ProductionV2,0.3224043715846995,0.8676470588235294,0.1165174603011399
ProductionV2,0.3232876712328767,0.8676470588235294,0.11686745459487548
ProductionV2,0.3235831809872029,0.8676470588235294,0.11689712502335155
ProductionV2,0.32387923147301007,0.8676470588235294,0.11690711655080457
ProductionV2,0.3244729605866178,0.8676470588235294,0.11695966877884038
ProductionV2,0.3247706422018349,0.8676470588235294,0.11706292617299602
ProductionV2,0.32536764705882354,0.8676470588235294,0.11732785950121263
ProductionV2,0.3250460405156538,0.8651960784313726,0.11843462057186964
ProductionV2,0.32564575645756455,0.8651960784313726,0.11861472820336422
ProductionV2,0.3250230840258541,0.8627450980392157,0.1194028418313021
ProductionV2,0.32532347504621073,0.8627450980392157,0.11940546096366288
ProductionV2,0.32774674115456237,0.8627450980392157,0.11947060824973837
ProductionV2,0.3292797006548176,0.8627450980392157,0.12017177197408464
ProductionV2,0.32989690721649484,0.8627450980392157,0.12025174596010772
ProductionV2,0.3320754716981132,0.8627450980392157,0.12031038629982194
ProductionV2,0.3323890462700661,0.8627450980392157,0.12045684220529575
ProductionV2,0.33364928909952607,0.8627450980392157,0.12081737352636927
ProductionV2,0.33396584440227706,0.8627450980392157,0.12095432953168686
ProductionV2,0.3352380952380952,0.8627450980392157,0.12128201065300437
ProductionV2,0.3368421052631579,0.8627450980392157,0.12160251104033713
ProductionV2,0.3371647509578544,0.8627450980392157,0.1225138873175099
ProductionV2,0.3381364073006724,0.8627450980392157,0.12257467721081872
ProductionV2,0.33911368015414256,0.8627450980392157,0.12311812816592062
ProductionV2,0.3394406943105111,0.8627450980392157,0.12538168320470736
ProductionV2,0.33976833976833976,0.8627450980392157,0.1254730351196849
ProductionV2,0.34307992202729043,0.8627450980392157,0.12609978800920812
ProductionV2,0.34408602150537637,0.8627450980392157,0.1263355525980834
ProductionV2,0.34442270058708413,0.8627450980392157,0.12661335650598407
ProductionV2,0.34543670264965654,0.8627450980392157,0.12698209594914697
ProductionV2,0.34516765285996054,0.8578431372549019,0.12767203075190872
ProductionV2,0.34756703078450846,0.8578431372549019,0.1278646585626952
ProductionV2,0.3482587064676617,0.8578431372549019,0.12862067362624405
ProductionV2,0.34860557768924305,0.8578431372549019,0.1293833803790576
ProductionV2,0.34930139720558884,0.8578431372549019,0.12965906338132346
ProductionV2,0.34965034965034963,0.8578431372549019,0.12980561944883942
ProductionV2,0.35080645161290325,0.8529411764705882,0.12997917125471573
ProductionV2,0.3511604439959637,0.8529411764705882,0.13005174763630523
ProductionV2,0.3515151515151515,0.8529411764705882,0.13102099957098667
ProductionV2,0.3525835866261398,0.8529411764705882,0.13231696623782527
ProductionV2,0.35264227642276424,0.8504901960784313,0.13268277192038355
ProductionV2,0.35480572597137017,0.8504901960784313,0.13365360456629963
ProductionV2,0.35450819672131145,0.8480392156862745,0.13381288368168762
ProductionV2,0.3549382716049383,0.8455882352941176,0.13410974201907333
ProductionV2,0.35470527404343327,0.8406862745098039,0.1342493435012886
ProductionV2,0.35507246376811596,0.8406862745098039,0.13516052682844668
ProductionV2,0.35654885654885654,0.8406862745098039,0.13524041933598271
ProductionV2,0.3555787278415016,0.8357843137254902,0.13550336756990852
ProductionV2,0.3553459119496855,0.8308823529411765,0.1370729515656257
ProductionV2,0.3560924369747899,0.8308823529411765,0.13728864749041345
ProductionV2,0.3562367864693446,0.8259803921568627,0.13930624210210646
ProductionV2,0.3574468085106383,0.8235294117647058,0.1394422651743433
ProductionV2,0.35782747603833864,0.8235294117647058,0.13968880535364206
ProductionV2,0.3599137931034483,0.8186274509803921,0.1396961430689565
ProductionV2,0.36047774158523344,0.8137254901960784,0.13972863089152257
ProductionV2,0.3616557734204793,0.8137254901960784,0.14022632385483655
ProductionV2,0.36205016357688113,0.8137254901960784,0.14041638572410636
ProductionV2,0.36403508771929827,0.8137254901960784,0.14145802604620167
ProductionV2,0.3656387665198238,0.8137254901960784,0.1421473548886631
ProductionV2,0.36777777777777776,0.8112745098039216,0.14218776551634985
ProductionV2,0.3674832962138085,0.8088235294117647,0.1425256665849485
ProductionV2,0.36830357142857145,0.8088235294117647,0.14319695335614527
ProductionV2,0.3685393258426966,0.803921568627451,0.14350878588182198
ProductionV2,0.3714609286523216,0.803921568627451,0.14373217503400332
ProductionV2,0.37188208616780044,0.803921568627451,0.14416659070730878
ProductionV2,0.3711691259931896,0.8014705882352942,0.14450381923032166
ProductionV2,0.3745704467353952,0.8014705882352942,0.14567792810461289
ProductionV2,0.3758620689655172,0.8014705882352942,0.14760037273575913
ProductionV2,0.37672811059907835,0.8014705882352942,0.14945106922772758
ProductionV2,0.37803468208092483,0.8014705882352942,0.1495047145427961
ProductionV2,0.37891077636152953,0.8014705882352942,0.1497423725160809
ProductionV2,0.38028169014084506,0.7941176470588235,0.1502079685725876
ProductionV2,0.3811764705882353,0.7941176470588235,0.15071300462570023
ProductionV2,0.3817966903073286,0.7916666666666666,0.1517218862300834
ProductionV2,0.3810650887573965,0.7892156862745098,0.1538148180327286
ProductionV2,0.3824228028503563,0.7892156862745098,0.15418286100096368
ProductionV2,0.38333333333333336,0.7892156862745098,0.15440486522949481
ProductionV2,0.3835125448028674,0.7867647058823529,0.15530462543128576
ProductionV2,0.38489208633093525,0.7867647058823529,0.15599289962304497
ProductionV2,0.3858173076923077,0.7867647058823529,0.15601333606714074
ProductionV2,0.3862815884476534,0.7867647058823529,0.1565340075306468
ProductionV2,0.38666666666666666,0.7818627450980392,0.1567572591452531
ProductionV2,0.3871359223300971,0.7818627450980392,0.1569634371058523
ProductionV2,0.38760631834750914,0.7818627450980392,0.15810694811647924
ProductionV2,0.3891625615763547,0.7745098039215687,0.15821106741242918
ProductionV2,0.39012345679012345,0.7745098039215687,0.15873292162334926
ProductionV2,0.3920595533498759,0.7745098039215687,0.15998002978725065
ProductionV2,0.39276807980049877,0.7720588235294118,0.16014111241994325
ProductionV2,0.39325842696629215,0.7720588235294118,0.16020209632406923
ProductionV2,0.39424280350438046,0.7720588235294118,0.16042579172132862
ProductionV2,0.39473684210526316,0.7720588235294118,0.16046526615449572
ProductionV2,0.3977272727272727,0.7720588235294118,0.16133400337932813
ProductionV2,0.40025412960609913,0.7720588235294118,0.1616148848222753
ProductionV2,0.4033290653008963,0.7720588235294118,0.16182620929573252
ProductionV2,0.40488431876606684,0.7720588235294118,0.16239053588753163
ProductionV2,0.4064516129032258,0.7720588235294118,0.16401136043133877
ProductionV2,0.40803108808290156,0.7720588235294118,0.16403229163548336
ProductionV2,0.41045751633986927,0.7696078431372549,0.16576946608079876
ProductionV2,0.4109947643979058,0.7696078431372549,0.16577125423674482
ProductionV2,0.4126149802890933,0.7696078431372549,0.16708903488861562
ProductionV2,0.4131578947368421,0.7696078431372549,0.1679853821243336
ProductionV2,0.41424802110817943,0.7696078431372549,0.16802919436594052
ProductionV2,0.4147952443857332,0.7696078431372549,0.1688599401177069
ProductionV2,0.41534391534391535,0.7696078431372549,0.16960749566116956
ProductionV2,0.4184491978609626,0.7671568627450981,0.17056317853794206
ProductionV2,0.4199192462987887,0.7647058823529411,0.17077812001347872
ProductionV2,0.42162162162162165,0.7647058823529411,0.1708426298825986
ProductionV2,0.42140921409214094,0.7622549019607843,0.17245880400173869
ProductionV2,0.422554347826087,0.7622549019607843,0.17262974845189527
ProductionV2,0.4231292517006803,0.7622549019607843,0.17286958264965074
ProductionV2,0.4262068965517241,0.7573529411764706,0.17328520399077255
ProductionV2,0.42896935933147634,0.7549019607843137,0.17414549205135876
ProductionV2,0.42937062937062936,0.7524509803921569,0.17437545204893506
ProductionV2,0.4305750350631136,0.7524509803921569,0.17457269815223608
ProductionV2,0.4363376251788269,0.7475490196078431,0.17481093452920116
ProductionV2,0.4375896700143472,0.7475490196078431,0.1754851900845954
ProductionV2,0.4367816091954023,0.7450980392156863,0.17592248594400312
ProductionV2,0.437410071942446,0.7450980392156863,0.176096918073298
ProductionV2,0.44250363901018924,0.7450980392156863,0.17651007879328018
ProductionV2,0.44298245614035087,0.7426470588235294,0.1768264232895981
ProductionV2,0.44281524926686217,0.7401960784313726,0.17970532834718583
ProductionV2,0.4424778761061947,0.7352941176470589,0.1799887593193804
ProductionV2,0.4437869822485207,0.7352941176470589,0.1815779403595278
ProductionV2,0.443620178041543,0.7328431372549019,0.18253718174293135
ProductionV2,0.44494047619047616,0.7328431372549019,0.1838585689368207
ProductionV2,0.4462686567164179,0.7328431372549019,0.18488246487461474
ProductionV2,0.4476047904191617,0.7328431372549019,0.18499206401308513
ProductionV2,0.44894894894894893,0.7328431372549019,0.1861079866972888
ProductionV2,0.4494720965309201,0.7303921568627451,0.1881960041279912
ProductionV2,0.4535768645357686,0.7303921568627451,0.18847316943397885
ProductionV2,0.45426829268292684,0.7303921568627451,0.1906353898249263
ProductionV2,0.45245398773006135,0.7230392156862745,0.1926377288496244
ProductionV2,0.45161290322580644,0.7205882352941176,0.19440592525735878
ProductionV2,0.45412130637636083,0.7156862745098039,0.19444506517685903
ProductionV2,0.45482866043613707,0.7156862745098039,0.19450120660742545
ProductionV2,0.4561128526645768,0.7132352941176471,0.1964990209260313
ProductionV2,0.45682888540031397,0.7132352941176471,0.19853604142435735
ProductionV2,0.45754716981132076,0.7132352941176471,0.1987310819970078
ProductionV2,0.4582677165354331,0.7132352941176471,0.19897194517364908
ProductionV2,0.4589905362776025,0.7132352941176471,0.20391833316983782
ProductionV2,0.4597156398104265,0.7132352941176471,0.20409333152359183
ProductionV2,0.46044303797468356,0.7132352941176471,0.20472644575841428
ProductionV2,0.4626391096979332,0.7132352941176471,0.20478131754075204
ProductionV2,0.46337579617834396,0.7132352941176471,0.2060443290213063
ProductionV2,0.46485623003194887,0.7132352941176471,0.20788346250689518
ProductionV2,0.4662379421221865,0.7107843137254902,0.20933637160932864
ProductionV2,0.4661290322580645,0.7083333333333334,0.20934234535437954
ProductionV2,0.4683954619124797,0.7083333333333334,0.21071635271190514
ProductionV2,0.47058823529411764,0.7058823529411765,0.2108114910578615
ProductionV2,0.46885245901639344,0.7009803921568627,0.21153460905112847
ProductionV2,0.4696223316912972,0.7009803921568627,0.2119702853308295
ProductionV2,0.47107438016528924,0.6985294117647058,0.21244205279544276
ProductionV2,0.4693200663349917,0.6936274509803921,0.21307896167003937
ProductionV2,0.4700996677740864,0.6936274509803921,0.21311817510431966
ProductionV2,0.46921797004991683,0.6911764705882353,0.2139260526486021
ProductionV2,0.4674457429048414,0.6862745098039216,0.2141385401218799
ProductionV2,0.46901172529313234,0.6862745098039216,0.21498266719108286
ProductionV2,0.4697986577181208,0.6862745098039216,0.21506395876695272
ProductionV2,0.47058823529411764,0.6862745098039216,0.21601944531227504
ProductionV2,0.4713804713804714,0.6862745098039216,0.21663349058746892
ProductionV2,0.47297297297297297,0.6862745098039216,0.217548136954764
ProductionV2,0.47377326565143824,0.6862745098039216,0.2175609718013764
ProductionV2,0.4728813559322034,0.6838235294117647,0.2204002419282603
ProductionV2,0.47368421052631576,0.6838235294117647,0.22085237245722428
ProductionV2,0.4777397260273973,0.6838235294117647,0.22141354223898435
ProductionV2,0.47855917667238423,0.6838235294117647,0.22156300688201333
ProductionV2,0.4793103448275862,0.6813725490196079,0.22380151863400957
ProductionV2,0.48013816925734026,0.6813725490196079,0.2256979322239559
ProductionV2,0.4809027777777778,0.678921568627451,0.22576756254311878
ProductionV2,0.48257839721254353,0.678921568627451,0.2262575313154877
ProductionV2,0.48426573426573427,0.678921568627451,0.23005896690182454
ProductionV2,0.4859154929577465,0.6764705882352942,0.23072546117729323
ProductionV2,0.48677248677248675,0.6764705882352942,0.2339292224098299
ProductionV2,0.48849557522123893,0.6764705882352942,0.2371025926581567
ProductionV2,0.48936170212765956,0.6764705882352942,0.23747921792635382
ProductionV2,0.4893238434163701,0.6740196078431373,0.2401453214579875
ProductionV2,0.49019607843137253,0.6740196078431373,0.24024880323985012
ProductionV2,0.4919499105545617,0.6740196078431373,0.2404118719211435
ProductionV2,0.4910394265232975,0.6715686274509803,0.24206622886018989
ProductionV2,0.4919210053859964,0.6715686274509803,0.2422392617571335
ProductionV2,0.4936936936936937,0.6715686274509803,0.24311894457802125
ProductionV2,0.49458483754512633,0.6715686274509803,0.24389651475933458
ProductionV2,0.49547920433996384,0.6715686274509803,0.24395419232873639
ProductionV2,0.49454545454545457,0.6666666666666666,0.24518261368430708
ProductionV2,0.4954296160877514,0.6642156862745098,0.24588881445821817
ProductionV2,0.4981481481481482,0.6593137254901961,0.2502187224920951
ProductionV2,0.50093808630394,0.6544117647058824,0.2506518384471821
ProductionV2,0.504725897920605,0.6544117647058824,0.25354145244113735
ProductionV2,0.5057034220532319,0.6519607843137255,0.2555869743992485
ProductionV2,0.5066666666666667,0.6519607843137255,0.256747810002515
ProductionV2,0.5076335877862596,0.6519607843137255,0.2572487665266814
ProductionV2,0.5076923076923077,0.6470588235294118,0.2575528725748038
ProductionV2,0.5067698259187621,0.6421568627450981,0.2580014686752561
ProductionV2,0.5068493150684932,0.6348039215686274,0.2590950485227463
ProductionV2,0.5128712871287129,0.6348039215686274,0.2591768294920719
ProductionV2,0.5159362549800797,0.6348039215686274,0.26059476294192413
ProductionV2,0.5200803212851406,0.6348039215686274,0.2618765062393236
ProductionV2,0.5211267605633803,0.6348039215686274,0.26232814663652926
ProductionV2,0.5232323232323233,0.6348039215686274,0.26491306037214224
ProductionV2,0.5222672064777328,0.6323529411764706,0.2649153620177849
ProductionV2,0.5223577235772358,0.6299019607843137,0.26534368115384893
ProductionV2,0.5234215885947047,0.6299019607843137,0.2659924971049028
ProductionV2,0.5246913580246914,0.625,0.2665158728090256
ProductionV2,0.5270833333333333,0.6200980392156863,0.2669406724169405
ProductionV2,0.5271966527196653,0.6176470588235294,0.268452072069517
ProductionV2,0.5273109243697479,0.6151960784313726,0.2685935262849687
ProductionV2,0.5234042553191489,0.6029411764705882,0.2731850415732421
ProductionV2,0.5278969957081545,0.6029411764705882,0.27469817154401166
ProductionV2,0.5304347826086957,0.5980392156862745,0.27897494107924325
ProductionV2,0.5294117647058824,0.5955882352941176,0.28433987638078295
ProductionV2,0.5305676855895196,0.5955882352941176,0.28601500211658343
ProductionV2,0.5307017543859649,0.5931372549019608,0.28770353691799117
ProductionV2,0.5318681318681319,0.5931372549019608,0.2880560573623857
ProductionV2,0.5302013422818792,0.5808823529411765,0.2945804778273186
ProductionV2,0.5374149659863946,0.5808823529411765,0.2947091283926984
ProductionV2,0.5386363636363637,0.5808823529411765,0.2985947165278545
ProductionV2,0.5398633257403189,0.5808823529411765,0.2996930402257617
ProductionV2,0.5423340961098398,0.5808823529411765,0.3176983981490592
ProductionV2,0.5435779816513762,0.5808823529411765,0.3181221750447433
ProductionV2,0.5460829493087558,0.5808823529411765,0.32018556665218556
ProductionV2,0.5473441108545035,0.5808823529411765,0.3225918814380461
ProductionV2,0.5462962962962963,0.5784313725490197,0.32286469657061867
ProductionV2,0.5475638051044084,0.5784313725490197,0.3265441043590939
ProductionV2,0.550351288056206,0.5759803921568627,0.3265667474409935
ProductionV2,0.5492957746478874,0.5735294117647058,0.3316822188522505
ProductionV2,0.5531914893617021,0.5735294117647058,0.3368496726457594
ProductionV2,0.5558194774346793,0.5735294117647058,0.33866911559197044
ProductionV2,0.5574162679425837,0.571078431372549,0.3402466608213951
ProductionV2,0.5566265060240964,0.5661764705882353,0.3406389965400243
ProductionV2,0.5571776155717761,0.5612745098039216,0.3413752612000715
ProductionV2,0.5577395577395577,0.5563725490196079,0.3418090206555261
ProductionV2,0.5604938271604938,0.5563725490196079,0.3420396642200652
ProductionV2,0.5618811881188119,0.5563725490196079,0.34597196194493046
ProductionV2,0.5646766169154229,0.5563725490196079,0.34599545217523997
ProductionV2,0.5660847880299252,0.5563725490196079,0.350113608657902
ProductionV2,0.5675,0.5563725490196079,0.35078282966225116
ProductionV2,0.5670886075949367,0.5490196078431373,0.35112458180714584
ProductionV2,0.5714285714285714,0.5490196078431373,0.35244907587116303
ProductionV2,0.5728900255754475,0.5490196078431373,0.3581204556415802
ProductionV2,0.5743589743589743,0.5490196078431373,0.36319481951190286
ProductionV2,0.5732647814910026,0.5465686274509803,0.365506161273391
ProductionV2,0.574025974025974,0.5416666666666666,0.36593744907165343
ProductionV2,0.5755208333333334,0.5416666666666666,0.3664111836394329
ProductionV2,0.5744125326370757,0.5392156862745098,0.3667639815009816
ProductionV2,0.5759162303664922,0.5392156862745098,0.36735185060767356
ProductionV2,0.5763157894736842,0.5367647058823529,0.3720664856029254
ProductionV2,0.5778364116094987,0.5367647058823529,0.37557352712295095
ProductionV2,0.5817694369973191,0.5318627450980392,0.3818426899874508
ProductionV2,0.581081081081081,0.5269607843137255,0.38318943072099826
ProductionV2,0.5858310626702997,0.5269607843137255,0.38481139994487584
ProductionV2,0.587431693989071,0.5269607843137255,0.38850769787699885
ProductionV2,0.589041095890411,0.5269607843137255,0.40447702739507474
ProductionV2,0.5911602209944752,0.5245098039215687,0.40854582169826903
ProductionV2,0.5888888888888889,0.5196078431372549,0.413476319582679
ProductionV2,0.5910364145658263,0.5171568627450981,0.4146257614880352
ProductionV2,0.5926966292134831,0.5171568627450981,0.41612188493148144
ProductionV2,0.5965909090909091,0.5147058823529411,0.4197686519088334
ProductionV2,0.6,0.5147058823529411,0.42135940045782416
ProductionV2,0.5982658959537572,0.5073529411764706,0.4290461655560109
ProductionV2,0.5971014492753624,0.5049019607843137,0.4320535519024106
ProductionV2,0.5988372093023255,0.5049019607843137,0.43709444052631535
ProductionV2,0.6023391812865497,0.5049019607843137,0.4377468690175237
ProductionV2,0.6029411764705882,0.5024509803921569,0.4408644716574836
ProductionV2,0.606508875739645,0.5024509803921569,0.44433370656684656
ProductionV2,0.6119402985074627,0.5024509803921569,0.44475394082970937
ProductionV2,0.6114457831325302,0.49754901960784315,0.44613495328663505
ProductionV2,0.6109422492401215,0.49264705882352944,0.44938811251829097
ProductionV2,0.6085626911314985,0.4877450980392157,0.45652785656371625
ProductionV2,0.6080246913580247,0.48284313725490197,0.45767243827348036
ProductionV2,0.6182965299684543,0.4803921568627451,0.4587667239239034
ProductionV2,0.6170886075949367,0.47794117647058826,0.4628844943148262
ProductionV2,0.6193548387096774,0.47058823529411764,0.47458339889193546
ProductionV2,0.6181229773462783,0.4681372549019608,0.47644935708396535
ProductionV2,0.6201298701298701,0.4681372549019608,0.47803224593191906
ProductionV2,0.6196721311475409,0.4632352941176471,0.47877830854285364
ProductionV2,0.6204620462046204,0.46078431372549017,0.4836440061860903
ProductionV2,0.6212624584717608,0.4583333333333333,0.48640824154314394
ProductionV2,0.62,0.45588235294117646,0.4904878460112086
ProductionV2,0.622895622895623,0.4534313725490196,0.49367579940989986
ProductionV2,0.6245733788395904,0.4485294117647059,0.49477168790306497
ProductionV2,0.6241379310344828,0.44362745098039214,0.498337356799048
ProductionV2,0.6223776223776224,0.4362745098039216,0.5002208407479292
ProductionV2,0.624561403508772,0.4362745098039216,0.5026221257645315
ProductionV2,0.6263345195729537,0.43137254901960786,0.5033821687802016
ProductionV2,0.6285714285714286,0.43137254901960786,0.5042924108977455
ProductionV2,0.6272401433691757,0.42892156862745096,0.5047766218622218
ProductionV2,0.628158844765343,0.4264705882352941,0.505918701153385
ProductionV2,0.6268115942028986,0.42401960784313725,0.5084855666401555
ProductionV2,0.6240875912408759,0.41911764705882354,0.5092107433037438
ProductionV2,0.625,0.4166666666666667,0.5118810506602727
ProductionV2,0.6240601503759399,0.4068627450980392,0.5217175173794667
ProductionV2,0.6287878787878788,0.4068627450980392,0.5218948591606529
ProductionV2,0.637065637065637,0.40441176470588236,0.5238616430004375
ProductionV2,0.6342412451361867,0.39950980392156865,0.5291895969263742
ProductionV2,0.6328125,0.39705882352941174,0.5300038518271933
ProductionV2,0.6313725490196078,0.3946078431372549,0.5319636606197623
ProductionV2,0.6374501992031872,0.39215686274509803,0.5350257435253731
ProductionV2,0.6396761133603239,0.3872549019607843,0.5358121601861232
ProductionV2,0.6448979591836734,0.3872549019607843,0.5364760983388507
ProductionV2,0.6431535269709544,0.3799019607843137,0.5413268750895464
ProductionV2,0.6458333333333334,0.3799019607843137,0.5413462831335489
ProductionV2,0.6485355648535565,0.3799019607843137,0.5431315011834308
ProductionV2,0.6470588235294118,0.37745098039215685,0.5462106422862145
ProductionV2,0.6553191489361702,0.37745098039215685,0.5607579795153648
ProductionV2,0.6538461538461539,0.375,0.5625029997011433
ProductionV2,0.6535087719298246,0.36519607843137253,0.5641936151835935
ProductionV2,0.665158371040724,0.3602941176470588,0.5642864782940036
ProductionV2,0.6697247706422018,0.35784313725490197,0.5688719118265289
ProductionV2,0.6682027649769585,0.3553921568627451,0.5709866789542596
ProductionV2,0.6712962962962963,0.3553921568627451,0.5711936012122542
ProductionV2,0.6697674418604651,0.35294117647058826,0.5739566312300939
ProductionV2,0.6713615023474179,0.35049019607843135,0.5754824295037291
ProductionV2,0.6698113207547169,0.3480392156862745,0.5808698633225607
ProductionV2,0.6682464454976303,0.34558823529411764,0.5821992339672782
ProductionV2,0.6666666666666666,0.3431372549019608,0.5854574776574955
ProductionV2,0.6714975845410628,0.34068627450980393,0.5889554877564708
ProductionV2,0.6699029126213593,0.3382352941176471,0.5924957002744036
ProductionV2,0.6682926829268293,0.33578431372549017,0.5930368045279073
ProductionV2,0.6715686274509803,0.33578431372549017,0.5941141708507058
ProductionV2,0.6818181818181818,0.33088235294117646,0.5947591714506054
ProductionV2,0.6785714285714286,0.32598039215686275,0.6002605894846967
ProductionV2,0.676923076923077,0.3235294117647059,0.6008911656169476
ProductionV2,0.6752577319587629,0.32107843137254904,0.6029000165317886
ProductionV2,0.680628272251309,0.31862745098039214,0.6032114738232496
ProductionV2,0.6878306878306878,0.31862745098039214,0.6040270239670092
ProductionV2,0.6861702127659575,0.3161764705882353,0.6041221936978796
ProductionV2,0.6844919786096256,0.3137254901960784,0.6049275779672927
ProductionV2,0.6864864864864865,0.3112745098039216,0.6101152074399764
ProductionV2,0.6902173913043478,0.3112745098039216,0.6102397249087267
ProductionV2,0.6885245901639344,0.3088235294117647,0.6128027751139737
ProductionV2,0.6923076923076923,0.3088235294117647,0.61337363095076
ProductionV2,0.6927374301675978,0.30392156862745096,0.6144611338176941
ProductionV2,0.6966292134831461,0.30392156862745096,0.6157314827315938
ProductionV2,0.7005649717514124,0.30392156862745096,0.6164681075683198
ProductionV2,0.6988636363636364,0.3014705882352941,0.6179490128861556
ProductionV2,0.6971428571428572,0.29901960784313725,0.6183008966427436
ProductionV2,0.6936416184971098,0.29411764705882354,0.6202825219742848
ProductionV2,0.6918604651162791,0.2916666666666667,0.6236080306165208
ProductionV2,0.6900584795321637,0.28921568627450983,0.6236476733457953
ProductionV2,0.688622754491018,0.2818627450980392,0.6276944740697225
ProductionV2,0.696969696969697,0.2818627450980392,0.6319403837808981
ProductionV2,0.691358024691358,0.27450980392156865,0.6353720849227712
ProductionV2,0.6981132075471698,0.27205882352941174,0.6355520249112991
ProductionV2,0.7025316455696202,0.27205882352941174,0.6372737117341329
ProductionV2,0.7058823529411765,0.2647058823529412,0.6375926319707172
ProductionV2,0.7162162162162162,0.25980392156862747,0.6433604323583962
ProductionV2,0.7142857142857143,0.25735294117647056,0.644025452787232
ProductionV2,0.7083333333333334,0.25,0.6468918521165911
ProductionV2,0.7132867132867133,0.25,0.6474049166039689
ProductionV2,0.7183098591549296,0.25,0.6503924569054887
ProductionV2,0.7163120567375887,0.24754901960784315,0.6562744342968418
ProductionV2,0.7142857142857143,0.24509803921568626,0.6570310848778109
ProductionV2,0.7226277372262774,0.2426470588235294,0.6571798138993519
ProductionV2,0.7279411764705882,0.2426470588235294,0.6573249381865219
ProductionV2,0.7333333333333333,0.2426470588235294,0.6584696466958734
ProductionV2,0.7272727272727273,0.23529411764705882,0.6596359049118112
ProductionV2,0.7251908396946565,0.23284313725490197,0.660971141384215
ProductionV2,0.7286821705426356,0.23039215686274508,0.6617037777224747
ProductionV2,0.734375,0.23039215686274508,0.6625610596855886
ProductionV2,0.7301587301587301,0.22549019607843138,0.662837808254748
ProductionV2,0.736,0.22549019607843138,0.663210700684948
ProductionV2,0.7338709677419355,0.22303921568627452,0.6647933628425794
ProductionV2,0.7317073170731707,0.22058823529411764,0.6657675314239214
ProductionV2,0.7333333333333333,0.21568627450980393,0.6748038657674985
ProductionV2,0.7457627118644068,0.21568627450980393,0.675580344998216
ProductionV2,0.7413793103448276,0.2107843137254902,0.677378208861889
ProductionV2,0.7391304347826086,0.20833333333333334,0.6840176785094332
ProductionV2,0.7368421052631579,0.20588235294117646,0.6852707647917651
ProductionV2,0.7345132743362832,0.2034313725490196,0.6868008758455432
ProductionV2,0.7614678899082569,0.2034313725490196,0.6904096591299032
ProductionV2,0.7641509433962265,0.19852941176470587,0.69045376165597
ProductionV2,0.7714285714285715,0.19852941176470587,0.6918920404159076
ProductionV2,0.7788461538461539,0.19852941176470587,0.6949389119685655
ProductionV2,0.7864077669902912,0.19852941176470587,0.6964473105803589
ProductionV2,0.7843137254901961,0.19607843137254902,0.6979105017759314
ProductionV2,0.8,0.19607843137254902,0.6986631364755013
ProductionV2,0.8163265306122449,0.19607843137254902,0.7043402151874293
ProductionV2,0.8105263157894737,0.18872549019607843,0.7049165209612325
ProductionV2,0.8085106382978723,0.18627450980392157,0.7089024785379962
ProductionV2,0.8152173913043478,0.18382352941176472,0.715443255140938
ProductionV2,0.8111111111111111,0.17892156862745098,0.7166578161233655
ProductionV2,0.8023255813953488,0.16911764705882354,0.717233853961952
ProductionV2,0.8117647058823529,0.16911764705882354,0.7186810132207989
ProductionV2,0.8095238095238095,0.16666666666666666,0.7214882870153488
ProductionV2,0.8072289156626506,0.1642156862745098,0.7242576463442819
ProductionV2,0.8024691358024691,0.15931372549019607,0.7278480953821719
ProductionV2,0.8227848101265823,0.15931372549019607,0.730993214759467
ProductionV2,0.8205128205128205,0.1568627450980392,0.7309938376930947
ProductionV2,0.821917808219178,0.14705882352941177,0.7314927423425527
ProductionV2,0.8333333333333334,0.14705882352941177,0.7318682141005258
ProductionV2,0.8309859154929577,0.14460784313725492,0.7332008154990362
ProductionV2,0.8428571428571429,0.14460784313725492,0.7413336027166463
ProductionV2,0.8405797101449275,0.14215686274509803,0.7428526835273627
ProductionV2,0.8529411764705882,0.14215686274509803,0.7431178373321233
ProductionV2,0.8656716417910447,0.14215686274509803,0.7474823159281848
ProductionV2,0.8636363636363636,0.13970588235294118,0.7520604638166442
ProductionV2,0.8615384615384616,0.13725490196078433,0.7653708662204131
ProductionV2,0.8888888888888888,0.13725490196078433,0.7697461901267518
ProductionV2,0.9032258064516129,0.13725490196078433,0.7703280634599856
ProductionV2,0.9166666666666666,0.13480392156862744,0.7729525427275599
ProductionV2,0.9322033898305084,0.13480392156862744,0.775546004688846
ProductionV2,0.9298245614035088,0.12990196078431374,0.7813066034345731
ProductionV2,0.9464285714285714,0.12990196078431374,0.8001965951219487
ProductionV2,0.9444444444444444,0.125,0.8140291268443294
ProductionV2,0.9433962264150944,0.12254901960784313,0.8215973569771163
ProductionV2,0.9411764705882353,0.11764705882352941,0.8356736721563562
ProductionV2,0.9591836734693877,0.11519607843137254,0.8402190113732023
ProductionV2,0.9583333333333334,0.11274509803921569,0.8506552575415484
ProductionV2,0.9574468085106383,0.11029411764705882,0.8537017493770448
ProductionV2,0.9565217391304348,0.10784313725490197,0.8564702117505267
ProductionV2,0.9555555555555556,0.1053921568627451,0.8583382665665897
ProductionV2,0.9772727272727273,0.1053921568627451,0.8680874632602759
ProductionV2,0.9767441860465116,0.10294117647058823,0.8770529695558869
ProductionV2,0.9761904761904762,0.10049019607843138,0.8825159490458546
ProductionV2,0.975609756097561,0.09803921568627451,0.888494863591406
ProductionV2,1.0,0.09558823529411764,0.8893485811463973
ProductionV2,1.0,0.09313725490196079,0.9017348450614499
ProductionV2,1.0,0.09068627450980392,0.933262121592909
ProductionV2,1.0,0.08823529411764706,0.9572876041315027
ProductionV2,1.0,0.0857843137254902,0.9622981313762332
ProductionV2,1.0,0.08333333333333333,0.9626977576280952
ProductionV2,1.0,0.08088235294117647,0.9635987161556028
ProductionV2,1.0,0.0784313725490196,0.9654928249201582
ProductionV2,1.0,0.07598039215686274,0.9657210753704761
ProductionV2,1.0,0.07352941176470588,0.9684620381525457
ProductionV2,1.0,0.0661764705882353,0.9703555041681168
ProductionV2,1.0,0.06372549019607843,0.9711673846784605
ProductionV2,1.0,0.061274509803921566,0.9713538890571264
ProductionV2,1.0,0.058823529411764705,0.9721305405649853
ProductionV2,1.0,0.056372549019607844,0.9729998210375357
ProductionV2,1.0,0.05392156862745098,0.9730095755083412
ProductionV2,1.0,0.051470588235294115,0.9730731302407514
ProductionV2,1.0,0.049019607843137254,0.9733161394186048
ProductionV2,1.0,0.04656862745098039,0.9737333670670654
ProductionV2,1.0,0.041666666666666664,0.9763752801139102
ProductionV2,1.0,0.0392156862745098,0.9770236428207709
ProductionV2,1.0,0.03676470588235294,0.9774210259190281
ProductionV2,1.0,0.03431372549019608,0.9790186803406773
ProductionV2,1.0,0.031862745098039214,0.9790944292436462
ProductionV2,1.0,0.029411764705882353,0.9796613838864193
ProductionV2,1.0,0.02696078431372549,0.9798350031827694
ProductionV2,1.0,0.024509803921568627,0.9810716687733881
ProductionV2,1.0,0.022058823529411766,0.9852215359239723
ProductionV2,1.0,0.01715686274509804,0.9861425212529132
ProductionV2,1.0,0.014705882352941176,0.9870982916899013
ProductionV2,1.0,0.012254901960784314,0.9884375389391259
ProductionV2,1.0,0.00980392156862745,0.9888275724633492
ProductionV2,1.0,0.007352941176470588,0.989692380443082
ProductionV2,1.0,0.004901960784313725,0.9903833607026978
ProductionV2,1.0,0.0024509803921568627,0.9910240397046733
DummyPrior,0.204,1.0,0.20375
LogisticRegression,0.204,1.0,0.2349288058774699
LogisticRegression,0.20410205102551277,1.0,0.23558720577668898
LogisticRegression,0.2042042042042042,1.0,0.23690783111086186
LogisticRegression,0.20430645968953431,1.0,0.23710507115445684
LogisticRegression,0.20390781563126253,0.9975490196078431,0.2382335522560234
LogisticRegression,0.20350877192982456,0.9950980392156863,0.2428763754368858
LogisticRegression,0.20361083249749248,0.9950980392156863,0.24627239362193531
LogisticRegression,0.2037129954841947,0.9950980392156863,0.2470279484218335
LogisticRegression,0.20381526104417672,0.9950980392156863,0.24778505919806496
LogisticRegression,0.20391762933199398,0.9950980392156863,0.2500657125572009
LogisticRegression,0.20412267471091,0.9950980392156863,0.25082903225193753
LogisticRegression,0.20422535211267606,0.9950980392156863,0.2521614829264721
LogisticRegression,0.20432813286361348,0.9950980392156863,0.2529674608156787
LogisticRegression,0.2040302267002519,0.9926470588235294,0.25586838225005787
LogisticRegression,0.20413306451612903,0.9926470588235294,0.25702283889209826
LogisticRegression,0.20433905146316853,0.9926470588235294,0.25757534394602005
LogisticRegression,0.2046488125315816,0.9926470588235294,0.2601496918708372
LogisticRegression,0.20435002529084473,0.9901960784313726,0.2610115056185206
LogisticRegression,0.20455696202531645,0.9901960784313726,0.2618751638080787
LogisticRegression,0.20476431829700964,0.9901960784313726,0.262740663700117
LogisticRegression,0.20486815415821502,0.9901960784313726,0.2632776644757892
LogisticRegression,0.2050761421319797,0.9901960784313726,0.2633964852645236
LogisticRegression,0.20518029456576942,0.9901960784313726,0.26360800250662175
LogisticRegression,0.20528455284552846,0.9901960784313726,0.2641856606649208
LogisticRegression,0.20538891713268936,0.9901960784313726,0.26509566155020925
LogisticRegression,0.20549338758901323,0.9901960784313726,0.2660076637960002
LogisticRegression,0.20508905852417303,0.9877450980392157,0.26640531385293553
LogisticRegression,0.20519348268839105,0.9877450980392157,0.26692166400809303
LogisticRegression,0.2052980132450331,0.9877450980392157,0.26724913371599524
LogisticRegression,0.20489296636085627,0.9852941176470589,0.26791791036451673
LogisticRegression,0.20499745028046915,0.9852941176470589,0.2686762473453195
LogisticRegression,0.20510204081632652,0.9852941176470589,0.26943594080142946
LogisticRegression,0.20480081716036772,0.9828431372549019,0.26967561761938075
LogisticRegression,0.20511508951406648,0.9828431372549019,0.270237860212262
LogisticRegression,0.2052200614124872,0.9828431372549019,0.2707750701835336
LogisticRegression,0.20532514080901176,0.9828431372549019,0.27120120818663096
LogisticRegression,0.20543032786885246,0.9828431372549019,0.2715215116523346
LogisticRegression,0.20564102564102565,0.9828431372549019,0.2721667095403005
LogisticRegression,0.20574653668547974,0.9828431372549019,0.2731343599693056
LogisticRegression,0.20595788392398562,0.9828431372549019,0.27410415509921954
LogisticRegression,0.20627572016460904,0.9828431372549019,0.27480819794862404
LogisticRegression,0.20638188368502317,0.9828431372549019,0.27507609048502757
LogisticRegression,0.20648815653964986,0.9828431372549019,0.2753277418311152
LogisticRegression,0.20659453889747553,0.9828431372549019,0.27605016161100454
LogisticRegression,0.2068076328004126,0.9828431372549019,0.2761804200287158
LogisticRegression,0.20691434468524253,0.9828431372549019,0.276596480336842
LogisticRegression,0.20702116675271037,0.9828431372549019,0.2770263638905971
LogisticRegression,0.2071280991735537,0.9828431372549019,0.27703472941874774
LogisticRegression,0.20723514211886304,0.9828431372549019,0.2772340708168684
LogisticRegression,0.20734229576008273,0.9828431372549019,0.2776146446840482
LogisticRegression,0.2074495602690119,0.9828431372549019,0.27800469266630917
LogisticRegression,0.20755693581780538,0.9828431372549019,0.27863511334936875
LogisticRegression,0.20766442257897463,0.9828431372549019,0.27965788093816984
LogisticRegression,0.20787973043027475,0.9828431372549019,0.28046821580738346
LogisticRegression,0.20809548521017124,0.9828431372549019,0.2806829419719596
LogisticRegression,0.2082035306334372,0.9828431372549019,0.28133063347271553
LogisticRegression,0.20841995841995842,0.9828431372549019,0.28171029088826727
LogisticRegression,0.20874544508068715,0.9828431372549019,0.2827399220405269
LogisticRegression,0.20907194994786235,0.9828431372549019,0.2836887214772859
LogisticRegression,0.20939947780678853,0.9828431372549019,0.28377182969796694
LogisticRegression,0.20961840041819133,0.9828431372549019,0.2848060080455053
LogisticRegression,0.2099476439790576,0.9828431372549019,0.28542110693392825
LogisticRegression,0.21038824763903463,0.9828431372549019,0.2855100695416222
LogisticRegression,0.210498687664042,0.9828431372549019,0.2858424511836496
LogisticRegression,0.210609243697479,0.9828431372549019,0.28642337167504817
LogisticRegression,0.21071991592222805,0.9828431372549019,0.2868811531284033
LogisticRegression,0.21083070452155625,0.9828431372549019,0.2886664470056252
LogisticRegression,0.21094160967911627,0.9828431372549019,0.28917374096436077
LogisticRegression,0.21052631578947367,0.9803921568627451,0.28975308651189036
LogisticRegression,0.210637177461822,0.9803921568627451,0.2908421440304604
LogisticRegression,0.2109704641350211,0.9803921568627451,0.29171393784938876
LogisticRegression,0.21108179419525067,0.9803921568627451,0.2919336123751237
LogisticRegression,0.21152829190904285,0.9803921568627451,0.29268104420873986
LogisticRegression,0.21133474576271186,0.9779411764705882,0.2930274842603052
LogisticRegression,0.21155885471898198,0.9779411764705882,0.29365002750487246
LogisticRegression,0.2116710875331565,0.9779411764705882,0.293670154323187
LogisticRegression,0.21178343949044587,0.9779411764705882,0.29481008996720187
LogisticRegression,0.21223404255319148,0.9779411764705882,0.2952224090127109
LogisticRegression,0.2124600638977636,0.9779411764705882,0.2955936042250469
LogisticRegression,0.21257325519445924,0.9779411764705882,0.2959525964602481
LogisticRegression,0.2129135538954109,0.9779411764705882,0.2961879681639978
LogisticRegression,0.21314102564102563,0.9779411764705882,0.29656818715548583
LogisticRegression,0.21325494388027794,0.9779411764705882,0.29709766523728154
LogisticRegression,0.21336898395721926,0.9779411764705882,0.2972061485272684
LogisticRegression,0.21348314606741572,0.9779411764705882,0.29754462603545234
LogisticRegression,0.2137118371719336,0.9779411764705882,0.2982452876174161
LogisticRegression,0.21394101876675603,0.9779411764705882,0.2992485541010201
LogisticRegression,0.214170692431562,0.9779411764705882,0.2993954548038854
LogisticRegression,0.21428571428571427,0.9779411764705882,0.300272766876281
LogisticRegression,0.21440085975282105,0.9779411764705882,0.3011748607919333
LogisticRegression,0.21463152232383,0.9779411764705882,0.30129897789970655
LogisticRegression,0.2147470398277718,0.9779411764705882,0.3017033878292047
LogisticRegression,0.21509433962264152,0.9779411764705882,0.3023271807727577
LogisticRegression,0.21490280777537796,0.9754901960784313,0.3023743436651105
LogisticRegression,0.21501890869800108,0.9754901960784313,0.3028611354949179
LogisticRegression,0.21525148729042726,0.9754901960784313,0.3029037446209608
LogisticRegression,0.21536796536796537,0.9754901960784313,0.30335736902451704
LogisticRegression,0.21548456957227938,0.9754901960784313,0.3035765284503907
LogisticRegression,0.21560130010834236,0.9754901960784313,0.30363295189246
LogisticRegression,0.2158351409978308,0.9754901960784313,0.3039780552627965
LogisticRegression,0.21540965816603364,0.9730392156862745,0.3040213916206849
LogisticRegression,0.21552660152008687,0.9730392156862745,0.3043895361116932
LogisticRegression,0.2157608695652174,0.9730392156862745,0.3047814047424272
LogisticRegression,0.2162309368191721,0.9730392156862745,0.3054236754186295
LogisticRegression,0.21634877384196186,0.9730392156862745,0.30598896200181325
LogisticRegression,0.21615720524017468,0.9705882352941176,0.3071991895551143
LogisticRegression,0.2162752594210814,0.9705882352941176,0.3072138141754057
LogisticRegression,0.21663019693654267,0.9705882352941176,0.3082966507632668
LogisticRegression,0.21667580910586945,0.9681372549019608,0.3084120765949142
LogisticRegression,0.21703296703296704,0.9681372549019608,0.30962761217987284
LogisticRegression,0.21727172717271728,0.9681372549019608,0.3102824976658052
LogisticRegression,0.21739130434782608,0.9681372549019608,0.3104686527889428
LogisticRegression,0.21763085399449036,0.9681372549019608,0.310845785234797
LogisticRegression,0.21787093215664644,0.9681372549019608,0.3115456899030504
LogisticRegression,0.21847345132743362,0.9681372549019608,0.3120665845507244
LogisticRegression,0.21907931225734886,0.9681372549019608,0.31220545628080565
LogisticRegression,0.21944444444444444,0.9681372549019608,0.31264904039650876
LogisticRegression,0.21956642579210672,0.9681372549019608,0.31281169237894785
LogisticRegression,0.2201783723522854,0.9681372549019608,0.31328999878501934
LogisticRegression,0.22030117122141663,0.9681372549019608,0.31334167256307893
LogisticRegression,0.22042410714285715,0.9681372549019608,0.3140804924038814
LogisticRegression,0.22054718034617532,0.9681372549019608,0.3144801332313818
LogisticRegression,0.22079373951928452,0.9681372549019608,0.3153520771346279
LogisticRegression,0.22153673583847447,0.9681372549019608,0.31562082898969224
LogisticRegression,0.22191011235955055,0.9681372549019608,0.3166264335745122
LogisticRegression,0.22203485103991005,0.9681372549019608,0.31676375044287597
LogisticRegression,0.2217220033764772,0.9656862745098039,0.31790354857357894
LogisticRegression,0.22184684684684686,0.9656862745098039,0.3179088880967882
LogisticRegression,0.2222222222222222,0.9656862745098039,0.3191834088287798
LogisticRegression,0.22234762979683972,0.9656862745098039,0.31986708225683497
LogisticRegression,0.22272470322215943,0.9656862745098039,0.3202057735358359
LogisticRegression,0.22297679683078664,0.9656862745098039,0.3204660008841774
LogisticRegression,0.2234826999432785,0.9656862745098039,0.3208809964895541
LogisticRegression,0.22399090392268334,0.9656862745098039,0.3211954514280776
LogisticRegression,0.224373576309795,0.9656862745098039,0.3213575018386629
LogisticRegression,0.22462941847206386,0.9656862745098039,0.3217513111311654
LogisticRegression,0.2252715837621498,0.9656862745098039,0.32207839277452593
LogisticRegression,0.22508591065292097,0.9632352941176471,0.3225267211420514
LogisticRegression,0.2257323377369328,0.9632352941176471,0.3230393258087047
LogisticRegression,0.22612197928653624,0.9632352941176471,0.3232781302770053
LogisticRegression,0.22625215889464595,0.9632352941176471,0.3238608760659161
LogisticRegression,0.22664359861591696,0.9632352941176471,0.324480197741458
LogisticRegression,0.22690531177829099,0.9632352941176471,0.32519790069273463
LogisticRegression,0.22756224667052694,0.9632352941176471,0.3256845837982453
LogisticRegression,0.2272463768115942,0.9607843137254902,0.3265377793418041
LogisticRegression,0.22777454968041835,0.9607843137254902,0.32742125270508127
LogisticRegression,0.22732558139534884,0.9583333333333334,0.3278804961590079
LogisticRegression,0.22772277227722773,0.9583333333333334,0.3281002656409674
LogisticRegression,0.22798833819241981,0.9583333333333334,0.32875741668444586
LogisticRegression,0.2281213535589265,0.9583333333333334,0.32922603511718745
LogisticRegression,0.2283878504672897,0.9583333333333334,0.3293115381189725
LogisticRegression,0.22820362785254536,0.9558823529411765,0.32993902673190245
LogisticRegression,0.22860492379835873,0.9558823529411765,0.33001487503313354
LogisticRegression,0.22900763358778625,0.9558823529411765,0.3305250825739106
LogisticRegression,0.2288235294117647,0.9534313725490197,0.3305743800165351
LogisticRegression,0.22909305064782096,0.9534313725490197,0.3312747693407447
LogisticRegression,0.22936320754716982,0.9534313725490197,0.33133389157604587
LogisticRegression,0.2300413956238912,0.9534313725490197,0.3317408870688644
LogisticRegression,0.23031379514505623,0.9534313725490197,0.33192551448500723
LogisticRegression,0.2308605341246291,0.9534313725490197,0.3325370862190519
LogisticRegression,0.23154761904761906,0.9534313725490197,0.3327317251470546
LogisticRegression,0.23251643753735804,0.9534313725490197,0.3338018121496349
LogisticRegression,0.23293413173652694,0.9534313725490197,0.33413250908140607
LogisticRegression,0.23363363363363363,0.9534313725490197,0.3350689334842093
LogisticRegression,0.23377403846153846,0.9534313725490197,0.3355362248205353
LogisticRegression,0.23447860156720915,0.9534313725490197,0.3363384364449696
LogisticRegression,0.2347616173808087,0.9534313725490197,0.33694285361141024
LogisticRegression,0.235329703569268,0.9534313725490197,0.3388845314883697
LogisticRegression,0.23590054578532443,0.9534313725490197,0.3396164568090894
LogisticRegression,0.23633049817739976,0.9534313725490197,0.3405075227311654
LogisticRegression,0.23705057891529555,0.9534313725490197,0.34094003834985837
LogisticRegression,0.237339841366687,0.9534313725490197,0.3411800278599569
LogisticRegression,0.23762981062919974,0.9534313725490197,0.3414399844808492
LogisticRegression,0.2379204892966361,0.9534313725490197,0.3419700164246939
LogisticRegression,0.23879680785758134,0.9534313725490197,0.34226610476199176
LogisticRegression,0.23894348894348894,0.9534313725490197,0.34259811745968183
LogisticRegression,0.2390903503380455,0.9534313725490197,0.34343552046689885
LogisticRegression,0.2395320197044335,0.9534313725490197,0.3435946399362212
LogisticRegression,0.23950617283950618,0.9509803921568627,0.3440190234508725
LogisticRegression,0.23980222496909764,0.9509803921568627,0.34490401305148066
LogisticRegression,0.24039653035935563,0.9509803921568627,0.3449256276172619
LogisticRegression,0.24114356743318832,0.9509803921568627,0.3462590514043472
LogisticRegression,0.24157303370786518,0.9485294117647058,0.34637547215636066
LogisticRegression,0.241875,0.9485294117647058,0.3473971096517918
LogisticRegression,0.241400875547217,0.946078431372549,0.34759489475177985
LogisticRegression,0.24246231155778894,0.946078431372549,0.3478498755445816
LogisticRegression,0.24307304785894207,0.946078431372549,0.3483082899520506
LogisticRegression,0.24259609325771897,0.9436274509803921,0.3489331409695011
LogisticRegression,0.24274905422446405,0.9436274509803921,0.34932720076523943
LogisticRegression,0.24351676154332702,0.9436274509803921,0.34969404362461637
LogisticRegression,0.24396442185514614,0.9411764705882353,0.35027377322367653
LogisticRegression,0.2436386768447837,0.9387254901960784,0.3508074251544457
LogisticRegression,0.24441608168474793,0.9387254901960784,0.35108234042730363
LogisticRegression,0.24472843450479234,0.9387254901960784,0.3515802593206736
LogisticRegression,0.2448849104859335,0.9387254901960784,0.3516167745372988
LogisticRegression,0.2453555413196669,0.9387254901960784,0.3522905258363202
LogisticRegression,0.24582798459563543,0.9387254901960784,0.3524731614732028
LogisticRegression,0.2459858702633269,0.9387254901960784,0.3531112897419691
LogisticRegression,0.24661944623309723,0.9387254901960784,0.35377647972401605
LogisticRegression,0.24629271437782077,0.9362745098039216,0.3538664877125862
LogisticRegression,0.24612403100775193,0.9338235294117647,0.3538778170192026
LogisticRegression,0.24628312863606983,0.9338235294117647,0.35464534081653937
LogisticRegression,0.24676165803108807,0.9338235294117647,0.355262299933676
LogisticRegression,0.2472420506164828,0.9338235294117647,0.3552652635207744
LogisticRegression,0.2475633528265107,0.9338235294117647,0.35618238686432074
LogisticRegression,0.24837027379400262,0.9338235294117647,0.35666057876343216
LogisticRegression,0.24836601307189543,0.9313725490196079,0.3571385924694406
LogisticRegression,0.24787442773054283,0.928921568627451,0.35772240196980515
LogisticRegression,0.24885095206828628,0.928921568627451,0.35806130466836295
LogisticRegression,0.24917817225509534,0.928921568627451,0.35877397814622847
LogisticRegression,0.2493421052631579,0.928921568627451,0.35880333997163916
LogisticRegression,0.24950625411454905,0.928921568627451,0.3592653599833647
LogisticRegression,0.25066137566137564,0.928921568627451,0.35946445795535503
LogisticRegression,0.2513262599469496,0.928921568627451,0.36025462515034923
LogisticRegression,0.25182724252491695,0.928921568627451,0.36081123452261327
LogisticRegression,0.2531730126920508,0.928921568627451,0.3608700187725254
LogisticRegression,0.2535117056856187,0.928921568627451,0.36134579327739985
LogisticRegression,0.25301204819277107,0.9264705882352942,0.36170846904016557
LogisticRegression,0.2528504359490275,0.9240196078431373,0.3622779671100933
LogisticRegression,0.2530201342281879,0.9240196078431373,0.36235999897380555
LogisticRegression,0.2531900604432505,0.9240196078431373,0.363036578419071
LogisticRegression,0.25336021505376344,0.9240196078431373,0.3631648494624654
LogisticRegression,0.25387205387205386,0.9240196078431373,0.3639116264932722
LogisticRegression,0.25472972972972974,0.9240196078431373,0.3646237440602363
LogisticRegression,0.25524712254570076,0.9240196078431373,0.36476332682654417
LogisticRegression,0.2561141304347826,0.9240196078431373,0.365466090008893
LogisticRegression,0.256305385139741,0.9215686274509803,0.3660851302991685
LogisticRegression,0.25597269624573377,0.9191176470588235,0.3663665287315301
LogisticRegression,0.25649794801641584,0.9191176470588235,0.36702336222160614
LogisticRegression,0.25651577503429357,0.9166666666666666,0.3675489854687719
LogisticRegression,0.25653370013755156,0.9142156862745098,0.3679726952640506
LogisticRegression,0.2570640937284631,0.9142156862745098,0.3690152866835194
LogisticRegression,0.25813148788927337,0.9142156862745098,0.36958179617533776
LogisticRegression,0.2592077831827658,0.9142156862745098,0.36978616494236144
LogisticRegression,0.25974930362116994,0.9142156862745098,0.37025657643890564
LogisticRegression,0.25923344947735194,0.9117647058823529,0.3704840108840145
LogisticRegression,0.25977653631284914,0.9117647058823529,0.3711938009655312
LogisticRegression,0.26141953619114544,0.9117647058823529,0.37130361089816655
LogisticRegression,0.26219081272084804,0.9093137254901961,0.371955134838184
LogisticRegression,0.26293408929837,0.9093137254901961,0.3728086788855842
LogisticRegression,0.26390870185449355,0.9068627450980392,0.3728236000506044
LogisticRegression,0.2644746247319514,0.9068627450980392,0.3732513014752897
LogisticRegression,0.26394849785407726,0.9044117647058824,0.3734286351424963
LogisticRegression,0.2645161290322581,0.9044117647058824,0.37434610654991735
LogisticRegression,0.2647058823529412,0.9044117647058824,0.37442639893921487
LogisticRegression,0.265850144092219,0.9044117647058824,0.37587110435392895
LogisticRegression,0.2666184971098266,0.9044117647058824,0.37604692988489885
LogisticRegression,0.2668112798264642,0.9044117647058824,0.3769295700335056
LogisticRegression,0.2675852066715011,0.9044117647058824,0.3773985672295474
LogisticRegression,0.2685589519650655,0.9044117647058824,0.3776702402379064
LogisticRegression,0.26914660831509846,0.9044117647058824,0.3786022088955702
LogisticRegression,0.2695398100803506,0.9044117647058824,0.37892846875429875
LogisticRegression,0.2703296703296703,0.9044117647058824,0.3792962982723824
LogisticRegression,0.2707263389581805,0.9044117647058824,0.38027774005287457
LogisticRegression,0.27112417340191036,0.9044117647058824,0.38046078231789016
LogisticRegression,0.27172312223858613,0.9044117647058824,0.3812605778842713
LogisticRegression,0.27084870848708487,0.8995098039215687,0.3819561284841651
LogisticRegression,0.2710487444608567,0.8995098039215687,0.3819954811238028
LogisticRegression,0.2720533728687917,0.8995098039215687,0.3828445452875018
LogisticRegression,0.2721189591078067,0.8970588235294118,0.383532538190914
LogisticRegression,0.27299925205684367,0.8946078431372549,0.38363733890372226
LogisticRegression,0.2742299023290759,0.8946078431372549,0.3844310047058999
LogisticRegression,0.2746425884123401,0.8946078431372549,0.38484568039839545
LogisticRegression,0.2748493975903614,0.8946078431372549,0.38507192635514853
LogisticRegression,0.2747169811320755,0.8921568627450981,0.3853213357639424
LogisticRegression,0.2759666413949962,0.8921568627450981,0.3857948268755556
LogisticRegression,0.27541729893778455,0.8897058823529411,0.3860199262351727
LogisticRegression,0.27604562737642585,0.8897058823529411,0.3870080832579694
LogisticRegression,0.2777352716143841,0.8897058823529411,0.387611279767137
LogisticRegression,0.27747886241352804,0.8848039215686274,0.3876271108559317
LogisticRegression,0.2763664357197845,0.8799019607843137,0.3878717648038068
LogisticRegression,0.2770061728395062,0.8799019607843137,0.3886975453223757
LogisticRegression,0.27743431221020093,0.8799019607843137,0.3892050349917343
LogisticRegression,0.27807900852052675,0.8799019607843137,0.38946257904181175
LogisticRegression,0.2775193798449612,0.8774509803921569,0.38961094998636137
LogisticRegression,0.278816199376947,0.8774509803921569,0.39038968563989324
LogisticRegression,0.27956147220046984,0.875,0.39080116139907906
LogisticRegression,0.2797805642633229,0.875,0.391352947791979
LogisticRegression,0.28142292490118576,0.8725490196078431,0.39208446764219257
LogisticRegression,0.28253968253968254,0.8725490196078431,0.3923996282815415
LogisticRegression,0.2821939586645469,0.8700980392156863,0.3930977182774103
LogisticRegression,0.28286852589641437,0.8700980392156863,0.3932282689051979
LogisticRegression,0.2833200319233839,0.8700980392156863,0.39400040473586534
LogisticRegression,0.28491171749598715,0.8700980392156863,0.39484522122338794
LogisticRegression,0.28502415458937197,0.8676470588235294,0.39487880883472964
LogisticRegression,0.2857142857142857,0.8676470588235294,0.39560345966531746
LogisticRegression,0.28640776699029125,0.8676470588235294,0.3965317492399398
LogisticRegression,0.2859463850528026,0.8627450980392157,0.3965954161379703
LogisticRegression,0.28664495114006516,0.8627450980392157,0.39720876178187275
LogisticRegression,0.28699918233851185,0.8602941176470589,0.3981870557846112
LogisticRegression,0.2893652102225886,0.8602941176470589,0.39834826225994024
LogisticRegression,0.291044776119403,0.8602941176470589,0.3998446939209337
LogisticRegression,0.29177057356608477,0.8602941176470589,0.40010371856226096
LogisticRegression,0.2929883138564274,0.8602941176470589,0.400997316481894
LogisticRegression,0.29347826086956524,0.8602941176470589,0.40150462889213895
LogisticRegression,0.29446308724832215,0.8602941176470589,0.40186174375558614
LogisticRegression,0.29545454545454547,0.8602941176470589,0.4028055378229067
LogisticRegression,0.29620253164556964,0.8602941176470589,0.4031668257351748
LogisticRegression,0.29745762711864404,0.8602941176470589,0.4034778140962442
LogisticRegression,0.2968617472434266,0.8578431372549019,0.4036222962918255
LogisticRegression,0.2973661852166525,0.8578431372549019,0.40461640521699827
LogisticRegression,0.29838022165387895,0.8578431372549019,0.40483124928341796
LogisticRegression,0.2993138936535163,0.8553921568627451,0.4053853343677632
LogisticRegression,0.3000859845227859,0.8553921568627451,0.40568849767495696
LogisticRegression,0.3003442340791738,0.8553921568627451,0.40642987312903417
LogisticRegression,0.3016421780466724,0.8553921568627451,0.40649786416942396
LogisticRegression,0.30190311418685123,0.8553921568627451,0.4074053095917506
LogisticRegression,0.3020833333333333,0.8529411764705882,0.40816663482771576
LogisticRegression,0.3016564952048823,0.8480392156862745,0.40824589574564074
LogisticRegression,0.30183727034120733,0.8455882352941176,0.4091243853675677
LogisticRegression,0.3021015761821366,0.8455882352941176,0.409837525497609
LogisticRegression,0.3023663453111306,0.8455882352941176,0.41006442697951223
LogisticRegression,0.3028972783143108,0.8455882352941176,0.41084568587507553
LogisticRegression,0.3034300791556728,0.8455882352941176,0.41188542047377996
LogisticRegression,0.3039647577092511,0.8455882352941176,0.4125691717728112
LogisticRegression,0.3047703180212014,0.8455882352941176,0.4137088296064403
LogisticRegression,0.30632235084594833,0.8431372549019608,0.4142948035085567
LogisticRegression,0.30625,0.8406862745098039,0.41463182810145566
LogisticRegression,0.30734767025089604,0.8406862745098039,0.4155346074948438
LogisticRegression,0.30873087308730873,0.8406862745098039,0.41602254132275623
LogisticRegression,0.310126582278481,0.8406862745098039,0.4160415212581267
LogisticRegression,0.3095022624434389,0.8382352941176471,0.4165081952745854
LogisticRegression,0.3106267029972752,0.8382352941176471,0.41736270700024214
LogisticRegression,0.3111919927206551,0.8382352941176471,0.4177523452519759
LogisticRegression,0.3110704483074108,0.8333333333333334,0.41838698465583657
LogisticRegression,0.31273062730627305,0.8308823529411765,0.4186377806771957
LogisticRegression,0.3135985198889917,0.8308823529411765,0.41919308073239275
LogisticRegression,0.31417979610750696,0.8308823529411765,0.4194841751324045
LogisticRegression,0.3146067415730337,0.8235294117647058,0.42026814476107494
LogisticRegression,0.3151969981238274,0.8235294117647058,0.4204201701516543
LogisticRegression,0.3160865475070555,0.8235294117647058,0.4212179906033941
LogisticRegression,0.3157398680490104,0.821078431372549,0.4219807072667808
LogisticRegression,0.3150943396226415,0.8186274509803921,0.4221516238344791
LogisticRegression,0.31598864711447494,0.8186274509803921,0.42220463715621986
LogisticRegression,0.3162393162393162,0.8161764705882353,0.42399113744584016
LogisticRegression,0.3168411037107517,0.8161764705882353,0.424037369853968
LogisticRegression,0.31805157593123207,0.8161764705882353,0.4257796265655332
LogisticRegression,0.31796349663784823,0.8112745098039216,0.42592533053669246
LogisticRegression,0.32011605415860733,0.8112745098039216,0.4275700598546257
LogisticRegression,0.3213592233009709,0.8112745098039216,0.4278154533445881
LogisticRegression,0.32289628180039137,0.8088235294117647,0.42876710702363896
LogisticRegression,0.32223310479921646,0.8063725490196079,0.4293623924510371
LogisticRegression,0.3214990138067061,0.7990196078431373,0.42970768548999266
LogisticRegression,0.32242063492063494,0.7965686274509803,0.43071023088718796
LogisticRegression,0.3230616302186879,0.7965686274509803,0.4311565792956052
LogisticRegression,0.32432432432432434,0.7941176470588235,0.43160197394132094
LogisticRegression,0.3253012048192771,0.7941176470588235,0.43206957964262155
LogisticRegression,0.3256281407035176,0.7941176470588235,0.43265549103340745
LogisticRegression,0.3276036400404449,0.7941176470588235,0.43295257513645724
LogisticRegression,0.3275862068965517,0.7916666666666666,0.43307298859986604
LogisticRegression,0.3269035532994924,0.7892156862745098,0.43349826542880115
LogisticRegression,0.3275686673448627,0.7892156862745098,0.4339164167972063
LogisticRegression,0.32755102040816325,0.7867647058823529,0.43460282973833547
LogisticRegression,0.32788559754851887,0.7867647058823529,0.4347503345334212
LogisticRegression,0.3271794871794872,0.7818627450980392,0.4351207062024254
LogisticRegression,0.3264887063655031,0.7794117647058824,0.43576509102272826
LogisticRegression,0.3271604938271605,0.7794117647058824,0.4365498118624796
LogisticRegression,0.327817993795243,0.7769607843137255,0.4365521890237714
LogisticRegression,0.3278008298755187,0.7745098039215687,0.4371706398601801
LogisticRegression,0.3264033264033264,0.7696078431372549,0.4373200856442039
LogisticRegression,0.32570239334027057,0.7671568627450981,0.43761555267888486
LogisticRegression,0.32638164754953075,0.7671568627450981,0.4385035106639735
LogisticRegression,0.3284365162644281,0.7671568627450981,0.4394677519280951
LogisticRegression,0.3298097251585624,0.7647058823529411,0.4404567361924198
LogisticRegression,0.3315565031982942,0.7622549019607843,0.44132163874072416
LogisticRegression,0.332620320855615,0.7622549019607843,0.4424118069086326
LogisticRegression,0.3333333333333333,0.7598039215686274,0.44317716290035186
LogisticRegression,0.3344155844155844,0.7573529411764706,0.4433911225195352
LogisticRegression,0.3344191096634093,0.7549019607843137,0.44436866388506174
LogisticRegression,0.33514689880304677,0.7549019607843137,0.44503427400908546
LogisticRegression,0.3366120218579235,0.7549019607843137,0.44539907218666913
LogisticRegression,0.33699231613611413,0.7524509803921569,0.44597399884376865
LogisticRegression,0.33885209713024284,0.7524509803921569,0.44632724797402845
LogisticRegression,0.3399778516057586,0.7524509803921569,0.44689292149291393
LogisticRegression,0.34075723830734966,0.75,0.447408805839818
LogisticRegression,0.3418994413407821,0.75,0.4478836786433123
LogisticRegression,0.3400673400673401,0.7426470588235294,0.4482874998147258
LogisticRegression,0.3408323959505062,0.7426470588235294,0.4486243305088783
LogisticRegression,0.3400900900900901,0.7401960784313726,0.4487530546071047
LogisticRegression,0.3424036281179138,0.7401960784313726,0.4494202593131315
LogisticRegression,0.3427922814982974,0.7401960784313726,0.44979489687647145
LogisticRegression,0.34514285714285714,0.7401960784313726,0.45061462244163925
LogisticRegression,0.34553775743707094,0.7401960784313726,0.45073745829370904
LogisticRegression,0.3451834862385321,0.7377450980392157,0.4514333682170588
LogisticRegression,0.34717416378316035,0.7377450980392157,0.45170759829755747
LogisticRegression,0.34959349593495936,0.7377450980392157,0.453448067946452
LogisticRegression,0.352046783625731,0.7377450980392157,0.45362172748650925
LogisticRegression,0.352112676056338,0.7352941176470589,0.4549689744869667
LogisticRegression,0.35135135135135137,0.7328431372549019,0.4554642936887269
LogisticRegression,0.3526627218934911,0.7303921568627451,0.45553722885521597
LogisticRegression,0.3534994068801898,0.7303921568627451,0.45745404665388245
LogisticRegression,0.3535714285714286,0.7279411764705882,0.4574819804320833
LogisticRegression,0.3548387096774194,0.7279411764705882,0.4581337420228376
LogisticRegression,0.35406698564593303,0.7254901960784313,0.45848770072411565
LogisticRegression,0.354916067146283,0.7254901960784313,0.45937212497743324
LogisticRegression,0.35542168674698793,0.7230392156862745,0.4595010629737786
LogisticRegression,0.3558504221954162,0.7230392156862745,0.460337500171009
LogisticRegression,0.35628019323671495,0.7230392156862745,0.460557964989885
LogisticRegression,0.35844471445929527,0.7230392156862745,0.4612914077719569
LogisticRegression,0.3606356968215159,0.7230392156862745,0.46152147592845466
LogisticRegression,0.36151960784313725,0.7230392156862745,0.46230790585364606
LogisticRegression,0.36039360393603936,0.7181372549019608,0.4626295910056095
LogisticRegression,0.36128236744759556,0.7181372549019608,0.4632118388411867
LogisticRegression,0.36352357320099254,0.7181372549019608,0.46354315373651594
LogisticRegression,0.3653366583541147,0.7181372549019608,0.464279489647206
LogisticRegression,0.365792759051186,0.7181372549019608,0.4647025080740474
LogisticRegression,0.3667083854818523,0.7181372549019608,0.4651333618530175
LogisticRegression,0.36855345911949683,0.7181372549019608,0.46625219057758976
LogisticRegression,0.3697585768742058,0.7132352941176471,0.4667766453200519
LogisticRegression,0.3711734693877551,0.7132352941176471,0.46885193170018513
LogisticRegression,0.3725992317541613,0.7132352941176471,0.46900318292329507
LogisticRegression,0.3717948717948718,0.7107843137254902,0.4702006992630028
LogisticRegression,0.37146529562982006,0.7083333333333334,0.47092829601237995
LogisticRegression,0.37209302325581395,0.7058823529411765,0.47118093894196006
LogisticRegression,0.37128072445019406,0.7034313725490197,0.47217638440298726
LogisticRegression,0.3723958333333333,0.7009803921568627,0.47300566690564905
LogisticRegression,0.3733681462140992,0.7009803921568627,0.4741529414648409
LogisticRegression,0.3748361730013106,0.7009803921568627,0.4750839728898373
LogisticRegression,0.37582128777923784,0.7009803921568627,0.4751426460351646
LogisticRegression,0.37681159420289856,0.7009803921568627,0.47553966134827114
LogisticRegression,0.3759894459102902,0.6985294117647058,0.47613030885301943
LogisticRegression,0.376657824933687,0.696078431372549,0.4761657122504251
LogisticRegression,0.37917222963951935,0.696078431372549,0.47716314234541524
LogisticRegression,0.37986577181208053,0.6936274509803921,0.4771711171152613
LogisticRegression,0.3803763440860215,0.6936274509803921,0.47810842487049915
LogisticRegression,0.3805668016194332,0.6911764705882353,0.4782960340555952
LogisticRegression,0.38159675236806495,0.6911764705882353,0.4788946254223032
LogisticRegression,0.3807588075880759,0.6887254901960784,0.4792003415159384
LogisticRegression,0.3812754409769335,0.6887254901960784,0.4792431035333102
LogisticRegression,0.38231292517006804,0.6887254901960784,0.48008722772644846
LogisticRegression,0.3844049247606019,0.6887254901960784,0.4811274542018034
LogisticRegression,0.3835616438356164,0.6862745098039216,0.48123025251924734
LogisticRegression,0.3839779005524862,0.6813725490196079,0.48255896967395173
LogisticRegression,0.3850415512465374,0.6813725490196079,0.4832607833166607
LogisticRegression,0.38493723849372385,0.6764705882352942,0.4833316429662897
LogisticRegression,0.3840782122905028,0.6740196078431373,0.4846914287910316
LogisticRegression,0.38461538461538464,0.6740196078431373,0.48529186701784616
LogisticRegression,0.38787023977433005,0.6740196078431373,0.4855952848644673
LogisticRegression,0.3870056497175141,0.6715686274509803,0.48682444548776416
LogisticRegression,0.38659058487874465,0.6642156862745098,0.4873234366594634
LogisticRegression,0.38880918220946914,0.6642156862745098,0.48895794219063465
LogisticRegression,0.3904899135446686,0.6642156862745098,0.48935542521398195
LogisticRegression,0.3938953488372093,0.6642156862745098,0.49001158163556946
LogisticRegression,0.39446870451237265,0.6642156862745098,0.4903678810631116
LogisticRegression,0.3956204379562044,0.6642156862745098,0.4910918412562048
LogisticRegression,0.39794419970631423,0.6642156862745098,0.4913877655985166
LogisticRegression,0.3997050147492625,0.6642156862745098,0.4921964656941761
LogisticRegression,0.40059347181008903,0.6617647058823529,0.4924511874409118
LogisticRegression,0.3997005988023952,0.6544117647058824,0.49322606498240534
LogisticRegression,0.40271493212669685,0.6544117647058824,0.4934203906836779
LogisticRegression,0.4033485540334855,0.6495098039215687,0.4943816478810645
LogisticRegression,0.40519877675840976,0.6495098039215687,0.4945347560162289
LogisticRegression,0.40649149922720246,0.6446078431372549,0.49536053561984644
LogisticRegression,0.4083850931677019,0.6446078431372549,0.49545323330243723
LogisticRegression,0.40873634945397813,0.6421568627450981,0.4966185144397966
LogisticRegression,0.409375,0.6421568627450981,0.4980211638379792
LogisticRegression,0.4084507042253521,0.6397058823529411,0.4987023903359718
LogisticRegression,0.4098101265822785,0.6348039215686274,0.4987525727745241
LogisticRegression,0.4117647058823529,0.6348039215686274,0.5007863113127877
LogisticRegression,0.4128,0.6323529411764706,0.5009381484792553
LogisticRegression,0.41518578352180935,0.6299019607843137,0.5031236883341088
LogisticRegression,0.4165316045380875,0.6299019607843137,0.5049539989192143
LogisticRegression,0.41788617886178864,0.6299019607843137,0.5053091088263335
LogisticRegression,0.4192495921696574,0.6299019607843137,0.5059873641682722
LogisticRegression,0.41898527004909986,0.6274509803921569,0.5063836842285802
LogisticRegression,0.42036124794745483,0.6274509803921569,0.5070376207738109
LogisticRegression,0.4231404958677686,0.6274509803921569,0.5071695990562034
LogisticRegression,0.42218543046357615,0.625,0.5074943264614219
LogisticRegression,0.4228855721393035,0.625,0.5081216879350461
LogisticRegression,0.42016806722689076,0.6127450980392157,0.5086195839091495
LogisticRegression,0.4208754208754209,0.6127450980392157,0.5091209981791348
LogisticRegression,0.4222972972972973,0.6127450980392157,0.509679257775868
LogisticRegression,0.423728813559322,0.6127450980392157,0.5102557156885018
LogisticRegression,0.42589437819420783,0.6127450980392157,0.510855138808954
LogisticRegression,0.42783505154639173,0.6102941176470589,0.5112040588124769
LogisticRegression,0.42857142857142855,0.6102941176470589,0.5117423995029012
LogisticRegression,0.42758620689655175,0.6078431372549019,0.511863819349915
LogisticRegression,0.4283246977547496,0.6078431372549019,0.5123893697078143
LogisticRegression,0.42782608695652175,0.6029411764705882,0.5130902595821056
LogisticRegression,0.42857142857142855,0.6029411764705882,0.5145225723266238
LogisticRegression,0.42832167832167833,0.6004901960784313,0.5153248569521459
LogisticRegression,0.4290718038528897,0.6004901960784313,0.5166552459443344
LogisticRegression,0.4280701754385965,0.5980392156862745,0.5175588417262964
LogisticRegression,0.4283185840707965,0.5931372549019608,0.5187873130373939
LogisticRegression,0.4306049822064057,0.5931372549019608,0.5197921248096813
LogisticRegression,0.43214285714285716,0.5931372549019608,0.5219708627822841
LogisticRegression,0.43189964157706096,0.5906862745098039,0.5230493180080689
LogisticRegression,0.427536231884058,0.5784313725490197,0.5241517893003796
LogisticRegression,0.4262295081967213,0.5735294117647058,0.5242562300992619
LogisticRegression,0.43014705882352944,0.5735294117647058,0.5251791013249519
LogisticRegression,0.4288354898336414,0.5686274509803921,0.5253995703814459
LogisticRegression,0.42936802973977695,0.5661764705882353,0.5263317950457105
LogisticRegression,0.42857142857142855,0.5588235294117647,0.5264868747327281
LogisticRegression,0.4318181818181818,0.5588235294117647,0.5273079690180792
LogisticRegression,0.43320610687022904,0.5563725490196079,0.5276803563862568
LogisticRegression,0.43653846153846154,0.5563725490196079,0.5285107973497924
LogisticRegression,0.436046511627907,0.5514705882352942,0.5287164625581391
LogisticRegression,0.4368932038834951,0.5514705882352942,0.5299599874924766
LogisticRegression,0.4377431906614786,0.5514705882352942,0.5306887136968793
LogisticRegression,0.4372549019607843,0.5465686274509803,0.5328654617364038
LogisticRegression,0.43700787401574803,0.5441176470588235,0.53360042898268
LogisticRegression,0.4358974358974359,0.5416666666666666,0.5350409592953652
LogisticRegression,0.4376237623762376,0.5416666666666666,0.5367910079420694
LogisticRegression,0.4402390438247012,0.5416666666666666,0.5372151243906601
LogisticRegression,0.442,0.5416666666666666,0.5390650770783939
LogisticRegression,0.44466800804828976,0.5416666666666666,0.5393878752413516
LogisticRegression,0.4460285132382892,0.5367647058823529,0.5401740258720877
LogisticRegression,0.44785276073619634,0.5367647058823529,0.5405062404762572
LogisticRegression,0.44672131147540983,0.5343137254901961,0.5413375212843209
LogisticRegression,0.448559670781893,0.5343137254901961,0.5415591302808739
LogisticRegression,0.4472049689440994,0.5294117647058824,0.5424961040984283
LogisticRegression,0.4490644490644491,0.5294117647058824,0.5427271501450344
LogisticRegression,0.45188284518828453,0.5294117647058824,0.543608247300797
LogisticRegression,0.4528301886792453,0.5294117647058824,0.5437288081691674
LogisticRegression,0.45473684210526316,0.5294117647058824,0.5448163373255757
LogisticRegression,0.45569620253164556,0.5294117647058824,0.544946362716455
LogisticRegression,0.4585987261146497,0.5294117647058824,0.5471346264070667
LogisticRegression,0.4605543710021322,0.5294117647058824,0.5471637914442808
LogisticRegression,0.4594017094017094,0.5269607843137255,0.5472419890286521
LogisticRegression,0.4582441113490364,0.5245098039215687,0.5493793498643031
LogisticRegression,0.46004319654427644,0.5220588235294118,0.5494508725324113
LogisticRegression,0.4598698481561822,0.5196078431372549,0.5515929518076449
LogisticRegression,0.4585152838427948,0.5147058823529411,0.5517649772437123
LogisticRegression,0.45951859956236324,0.5147058823529411,0.5538045114139664
LogisticRegression,0.46153846153846156,0.5147058823529411,0.5548869102776752
LogisticRegression,0.46238938053097345,0.5122549019607843,0.5560139431445666
LogisticRegression,0.4608501118568233,0.5049019607843137,0.5563863704543587
LogisticRegression,0.4618834080717489,0.5049019607843137,0.5571454328007549
LogisticRegression,0.46153846153846156,0.5,0.5582211617953782
LogisticRegression,0.463302752293578,0.4950980392156863,0.5594015949730071
LogisticRegression,0.46420323325635104,0.49264705882352944,0.5598641736819792
LogisticRegression,0.46403712296983757,0.49019607843137253,0.5604260825098517
LogisticRegression,0.46511627906976744,0.49019607843137253,0.5609980260508823
LogisticRegression,0.4662004662004662,0.49019607843137253,0.5616553062200076
LogisticRegression,0.46588235294117647,0.4852941176470588,0.5622174542886963
LogisticRegression,0.4657210401891253,0.48284313725490197,0.5632999603108392
LogisticRegression,0.4679334916864608,0.48284313725490197,0.5639064763689279
LogisticRegression,0.4666666666666667,0.4803921568627451,0.5645679384232135
LogisticRegression,0.4677804295942721,0.4803921568627451,0.566155015662614
LogisticRegression,0.4650602409638554,0.4730392156862745,0.5669155239526513
LogisticRegression,0.46618357487922707,0.4730392156862745,0.5684008347735222
LogisticRegression,0.47174447174447176,0.47058823529411764,0.5689537301496683
LogisticRegression,0.47044334975369456,0.4681372549019608,0.5692601092601998
LogisticRegression,0.47146401985111663,0.46568627450980393,0.570643844817507
LogisticRegression,0.4748743718592965,0.4632352941176471,0.5709716037009558
LogisticRegression,0.473551637279597,0.46078431372549017,0.5716015932621964
LogisticRegression,0.47474747474747475,0.46078431372549017,0.5717371774437271
LogisticRegression,0.4746192893401015,0.4583333333333333,0.5728839573674569
LogisticRegression,0.4731457800511509,0.4534313725490196,0.5739398754250042
LogisticRegression,0.47435897435897434,0.4534313725490196,0.5740255584143947
LogisticRegression,0.47164948453608246,0.4485294117647059,0.5751210844667739
LogisticRegression,0.4701298701298701,0.44362745098039214,0.5763107730837076
LogisticRegression,0.468586387434555,0.4387254901960784,0.5773551386426926
LogisticRegression,0.46981627296587924,0.4387254901960784,0.5774543235210231
LogisticRegression,0.46842105263157896,0.4362745098039216,0.5785927282918755
LogisticRegression,0.46825396825396826,0.4338235294117647,0.5786064349484598
LogisticRegression,0.46949602122015915,0.4338235294117647,0.5798336775779697
LogisticRegression,0.47074468085106386,0.4338235294117647,0.580871331429336
LogisticRegression,0.46756756756756757,0.42401960784313725,0.5822093271067741
LogisticRegression,0.4673913043478261,0.4215686274509804,0.5831464904511445
LogisticRegression,0.46703296703296704,0.4166666666666667,0.5845811678976116
LogisticRegression,0.46831955922865015,0.4166666666666667,0.5848115246062667
LogisticRegression,0.46685082872928174,0.41421568627450983,0.5854181138911645
LogisticRegression,0.46518105849582175,0.40931372549019607,0.5869490964366598
LogisticRegression,0.4664804469273743,0.40931372549019607,0.5876861108760546
LogisticRegression,0.4661016949152542,0.40441176470588236,0.5897393600035934
LogisticRegression,0.46458923512747874,0.4019607843137255,0.5899503911390477
LogisticRegression,0.46438746438746437,0.39950980392156865,0.591098869250641
LogisticRegression,0.4680232558139535,0.3946078431372549,0.5916728062867277
LogisticRegression,0.47076023391812866,0.3946078431372549,0.5921966044167157
LogisticRegression,0.46920821114369504,0.39215686274509803,0.5922108650335175
LogisticRegression,0.4676470588235294,0.3897058823529412,0.5934064304634675
LogisticRegression,0.46607669616519176,0.3872549019607843,0.5940283842030796
LogisticRegression,0.4688427299703264,0.3872549019607843,0.5944674435463306
LogisticRegression,0.46567164179104475,0.38235294117647056,0.5952130170506833
LogisticRegression,0.46686746987951805,0.3799019607843137,0.5963796431112216
LogisticRegression,0.46827794561933533,0.3799019607843137,0.5976109543759344
LogisticRegression,0.4696969696969697,0.3799019607843137,0.5980091124375354
LogisticRegression,0.46808510638297873,0.37745098039215685,0.6000042326778358
LogisticRegression,0.4695121951219512,0.37745098039215685,0.6003040461709135
LogisticRegression,0.46932515337423314,0.375,0.602392747111497
LogisticRegression,0.4722222222222222,0.375,0.6025945849412987
LogisticRegression,0.46855345911949686,0.36519607843137253,0.6048806370924883
LogisticRegression,0.46835443037974683,0.3627450980392157,0.6057225068121731
LogisticRegression,0.46325878594249204,0.3553921568627451,0.6081960773006686
LogisticRegression,0.46153846153846156,0.35294117647058826,0.6083140399112992
LogisticRegression,0.459546925566343,0.3480392156862745,0.6094389187634192
LogisticRegression,0.46078431372549017,0.34558823529411764,0.6095286721852919
LogisticRegression,0.4605263157894737,0.3431372549019608,0.6106367924623936
LogisticRegression,0.45514950166112955,0.33578431372549017,0.6106641040438664
LogisticRegression,0.4533333333333333,0.3333333333333333,0.6117109688609393
LogisticRegression,0.45484949832775917,0.3333333333333333,0.612954534759008
LogisticRegression,0.45791245791245794,0.3333333333333333,0.6152671729897815
LogisticRegression,0.4594594594594595,0.3333333333333333,0.615491706006051
LogisticRegression,0.45918367346938777,0.33088235294117646,0.617574614241066
LogisticRegression,0.46048109965635736,0.3284313725490196,0.6178946449376767
LogisticRegression,0.46206896551724136,0.3284313725490196,0.6198767665101333
LogisticRegression,0.45993031358885017,0.3235294117647059,0.6202918311785404
LogisticRegression,0.4647887323943662,0.3235294117647059,0.6221735387180553
LogisticRegression,0.46619217081850534,0.32107843137254904,0.6226831619521228
LogisticRegression,0.4676258992805755,0.31862745098039214,0.6244648407222501
LogisticRegression,0.463768115942029,0.3137254901960784,0.6250685355869571
LogisticRegression,0.46545454545454545,0.3137254901960784,0.6256166340839016
LogisticRegression,0.46886446886446886,0.3137254901960784,0.6267505833286963
LogisticRegression,0.46691176470588236,0.3112745098039216,0.6274478515315243
LogisticRegression,0.4703703703703704,0.3112745098039216,0.6279470439212047
LogisticRegression,0.46616541353383456,0.30392156862745096,0.6290306783038095
LogisticRegression,0.4714828897338403,0.30392156862745096,0.630271520545226
LogisticRegression,0.4653846153846154,0.2965686274509804,0.6310044877482746
LogisticRegression,0.4671814671814672,0.2965686274509804,0.6321879138298747
LogisticRegression,0.4689922480620155,0.2965686274509804,0.6325899716840976
LogisticRegression,0.46484375,0.2916666666666667,0.6349023061401194
LogisticRegression,0.466403162055336,0.28921568627450983,0.6365399188545374
LogisticRegression,0.46215139442231074,0.28431372549019607,0.637208433801578
LogisticRegression,0.46,0.2818627450980392,0.6395082656541737
LogisticRegression,0.46184738955823296,0.2818627450980392,0.6406126504677744
LogisticRegression,0.4596774193548387,0.27941176470588236,0.6418017137920548
LogisticRegression,0.46122448979591835,0.2769607843137255,0.6429496700633018
LogisticRegression,0.46311475409836067,0.2769607843137255,0.6429916274162729
LogisticRegression,0.4609053497942387,0.27450980392156865,0.6440886914284557
LogisticRegression,0.45643153526970953,0.2696078431372549,0.6452799074796116
LogisticRegression,0.45416666666666666,0.26715686274509803,0.6453682745346402
LogisticRegression,0.4560669456066946,0.26715686274509803,0.6463691129059416
LogisticRegression,0.453781512605042,0.2647058823529412,0.6465023258105698
LogisticRegression,0.45147679324894513,0.2622549019607843,0.6476032723254136
LogisticRegression,0.44680851063829785,0.25735294117647056,0.6477377678886295
LogisticRegression,0.44871794871794873,0.25735294117647056,0.6499196754498708
LogisticRegression,0.44396551724137934,0.25245098039215685,0.6501000129341501
LogisticRegression,0.4434782608695652,0.25,0.6513194601794801
LogisticRegression,0.44541484716157204,0.25,0.6545312461945227
LogisticRegression,0.44298245614035087,0.24754901960784315,0.6568262418050133
LogisticRegression,0.4424778761061947,0.24509803921568626,0.6591139316929343
LogisticRegression,0.44642857142857145,0.24509803921568626,0.6602542765887655
LogisticRegression,0.44594594594594594,0.2426470588235294,0.6608607853350233
LogisticRegression,0.4479638009049774,0.2426470588235294,0.6613942330539679
LogisticRegression,0.45,0.2426470588235294,0.6625763106847341
LogisticRegression,0.4474885844748858,0.24019607843137256,0.6648905294243668
LogisticRegression,0.45161290322580644,0.24019607843137256,0.6655834670956585
LogisticRegression,0.4558139534883721,0.24019607843137256,0.6671968484268201
LogisticRegression,0.4532710280373832,0.23774509803921567,0.671785456811187
LogisticRegression,0.45539906103286387,0.23774509803921567,0.6738933471384033
LogisticRegression,0.45754716981132076,0.23774509803921567,0.6751560552514569
LogisticRegression,0.4523809523809524,0.23284313725490197,0.6763414893436364
LogisticRegression,0.4444444444444444,0.22549019607843138,0.6774704258472514
LogisticRegression,0.441747572815534,0.22303921568627452,0.6786115170244872
LogisticRegression,0.44390243902439025,0.22303921568627452,0.6797761281767674
LogisticRegression,0.4411764705882353,0.22058823529411764,0.6808643225834071
LogisticRegression,0.43842364532019706,0.2181372549019608,0.6809570756309834
LogisticRegression,0.43283582089552236,0.21323529411764705,0.681827573209943
LogisticRegression,0.43,0.2107843137254902,0.6820730827224166
LogisticRegression,0.42424242424242425,0.20588235294117646,0.6866593564795251
LogisticRegression,0.4213197969543147,0.2034313725490196,0.6889106881480294
LogisticRegression,0.42346938775510207,0.2034313725490196,0.6911718879662451
LogisticRegression,0.422680412371134,0.20098039215686275,0.6922468875659732
LogisticRegression,0.41968911917098445,0.19852941176470587,0.6934239661317257
LogisticRegression,0.42021276595744683,0.19362745098039216,0.6945377264025132
LogisticRegression,0.41304347826086957,0.18627450980392157,0.695666852636421
LogisticRegression,0.4098360655737705,0.18382352941176472,0.6968189811963066
LogisticRegression,0.4065934065934066,0.18137254901960784,0.6979004790656799
LogisticRegression,0.40331491712707185,0.17892156862745098,0.7013524540388014
LogisticRegression,0.3898305084745763,0.16911764705882354,0.703604534081845
LogisticRegression,0.39204545454545453,0.16911764705882354,0.7044012439031361
LogisticRegression,0.38857142857142857,0.16666666666666666,0.7058467540707949
LogisticRegression,0.3930635838150289,0.16666666666666666,0.7069704360605293
LogisticRegression,0.38953488372093026,0.1642156862745098,0.7080790493045394
LogisticRegression,0.38596491228070173,0.16176470588235295,0.7089071793265669
LogisticRegression,0.3905325443786982,0.16176470588235295,0.7103013568006729
LogisticRegression,0.39285714285714285,0.16176470588235295,0.7113962552779866
LogisticRegression,0.38922155688622756,0.15931372549019607,0.7125136152935472
LogisticRegression,0.3855421686746988,0.1568627450980392,0.7136450732228503
LogisticRegression,0.38181818181818183,0.15441176470588236,0.7139959616804813
LogisticRegression,0.37423312883435583,0.14950980392156862,0.7157808633619681
LogisticRegression,0.3765432098765432,0.14950980392156862,0.7158833665279406
LogisticRegression,0.375,0.14705882352941177,0.7180502216281094
LogisticRegression,0.379746835443038,0.14705882352941177,0.7181110749615204
LogisticRegression,0.37579617834394907,0.14460784313725492,0.7225345054726944
LogisticRegression,0.3782051282051282,0.14460784313725492,0.7260072556224623
LogisticRegression,0.38064516129032255,0.14460784313725492,0.726869158249849
LogisticRegression,0.37662337662337664,0.14215686274509803,0.7269149195741762
LogisticRegression,0.37254901960784315,0.13970588235294118,0.7279874057235957
LogisticRegression,0.375,0.13970588235294118,0.7282661993685321
LogisticRegression,0.37748344370860926,0.13970588235294118,0.7305134321876676
LogisticRegression,0.37333333333333335,0.13725490196078433,0.7323933292577408
LogisticRegression,0.3691275167785235,0.13480392156862744,0.732635653626581
LogisticRegression,0.36486486486486486,0.1323529411764706,0.7345792303511693
LogisticRegression,0.36054421768707484,0.12990196078431374,0.736056929518322
LogisticRegression,0.363013698630137,0.12990196078431374,0.736753694008922
LogisticRegression,0.3586206896551724,0.12745098039215685,0.738916674888219
LogisticRegression,0.3611111111111111,0.12745098039215685,0.7405350491322923
LogisticRegression,0.36363636363636365,0.12745098039215685,0.7427555121738485
LogisticRegression,0.3591549295774648,0.125,0.7442547255639858
LogisticRegression,0.35,0.12009803921568628,0.7449635171464378
LogisticRegression,0.35251798561151076,0.12009803921568628,0.7453362959499246
LogisticRegression,0.35507246376811596,0.12009803921568628,0.7464157746256982
LogisticRegression,0.34558823529411764,0.11519607843137254,0.7471590215881677
LogisticRegression,0.34328358208955223,0.11274509803921569,0.7507015606984447
LogisticRegression,0.3458646616541353,0.11274509803921569,0.7525672137622843
LogisticRegression,0.3484848484848485,0.11274509803921569,0.7528262258732463
LogisticRegression,0.3333333333333333,0.1053921568627451,0.7536701392487462
LogisticRegression,0.33070866141732286,0.10294117647058823,0.7569325673776027
LogisticRegression,0.328,0.10049019607843138,0.7570389356617944
LogisticRegression,0.3225806451612903,0.09803921568627451,0.7590955411575513
LogisticRegression,0.3252032520325203,0.09803921568627451,0.759642900852849
LogisticRegression,0.319672131147541,0.09558823529411764,0.7601447206211979
LogisticRegression,0.32231404958677684,0.09558823529411764,0.7612026209194592
LogisticRegression,0.31932773109243695,0.09313725490196079,0.7643450033034869
LogisticRegression,0.3135593220338983,0.09068627450980392,0.7664259733626794
LogisticRegression,0.3076923076923077,0.08823529411764706,0.7664975642039479
LogisticRegression,0.3017241379310345,0.0857843137254902,0.7707638882468834
LogisticRegression,0.2894736842105263,0.08088235294117647,0.7749751464766835
LogisticRegression,0.2920353982300885,0.08088235294117647,0.7756075986030934
LogisticRegression,0.2972972972972973,0.08088235294117647,0.7766383040494078
LogisticRegression,0.2909090909090909,0.0784313725490196,0.7796854610741953
LogisticRegression,0.28440366972477066,0.07598039215686274,0.7811885124873875
LogisticRegression,0.2777777777777778,0.07352941176470588,0.7832319837303333
LogisticRegression,0.2761904761904762,0.07107843137254902,0.7837098826972428
LogisticRegression,0.27884615384615385,0.07107843137254902,0.7862758378653891
LogisticRegression,0.28431372549019607,0.07107843137254902,0.786410938036631
LogisticRegression,0.27722772277227725,0.06862745098039216,0.7876808099760771
LogisticRegression,0.27,0.0661764705882353,0.7883186036570804
LogisticRegression,0.2727272727272727,0.0661764705882353,0.7905979310250885
LogisticRegression,0.2755102040816326,0.0661764705882353,0.7925768606743083
LogisticRegression,0.2631578947368421,0.061274509803921566,0.7983176987911462
LogisticRegression,0.26595744680851063,0.061274509803921566,0.7984306217051961
LogisticRegression,0.25274725274725274,0.056372549019607844,0.7992666293763059
LogisticRegression,0.25555555555555554,0.056372549019607844,0.800274604955847
LogisticRegression,0.24719101123595505,0.05392156862745098,0.8012489996747673
LogisticRegression,0.25287356321839083,0.05392156862745098,0.8022172276176408
LogisticRegression,0.2558139534883721,0.05392156862745098,0.8022640110486873
LogisticRegression,0.25882352941176473,0.05392156862745098,0.8071076277218386
LogisticRegression,0.26506024096385544,0.05392156862745098,0.8088753666788265
LogisticRegression,0.25609756097560976,0.051470588235294115,0.8118248946215608
LogisticRegression,0.25925925925925924,0.051470588235294115,0.8128339002566596
LogisticRegression,0.26582278481012656,0.051470588235294115,0.8144690703862396
LogisticRegression,0.2564102564102564,0.049019607843137254,0.8156459275426674
LogisticRegression,0.2597402597402597,0.049019607843137254,0.8175338056878011
LogisticRegression,0.2631578947368421,0.049019607843137254,0.8208354555484147
LogisticRegression,0.25333333333333335,0.04656862745098039,0.8212644373413995
LogisticRegression,0.2602739726027397,0.04656862745098039,0.8226520834332737
LogisticRegression,0.2676056338028169,0.04656862745098039,0.8249351273386732
LogisticRegression,0.2753623188405797,0.04656862745098039,0.8262419337191172
LogisticRegression,0.24615384615384617,0.0392156862745098,0.8276156695684516
LogisticRegression,0.2222222222222222,0.03431372549019608,0.8294353731402291
LogisticRegression,0.2,0.029411764705882353,0.8304446350258098
LogisticRegression,0.1864406779661017,0.02696078431372549,0.8312397846887605
LogisticRegression,0.1724137931034483,0.024509803921568627,0.8323557838330796
LogisticRegression,0.17543859649122806,0.024509803921568627,0.835844220622345
LogisticRegression,0.18181818181818182,0.024509803921568627,0.8383054521191128
LogisticRegression,0.18518518518518517,0.024509803921568627,0.8425924858274104
LogisticRegression,0.18867924528301888,0.024509803921568627,0.8426457768581385
LogisticRegression,0.19230769230769232,0.024509803921568627,0.8434465466243215
LogisticRegression,0.19607843137254902,0.024509803921568627,0.8475951735967694
LogisticRegression,0.20408163265306123,0.024509803921568627,0.853305325664378
LogisticRegression,0.20833333333333334,0.024509803921568627,0.8564830116421873
LogisticRegression,0.2127659574468085,0.024509803921568627,0.860392798204885
LogisticRegression,0.21739130434782608,0.024509803921568627,0.8669281491411748
LogisticRegression,0.2222222222222222,0.024509803921568627,0.8687383538380326
LogisticRegression,0.20454545454545456,0.022058823529411766,0.8700078310364021
LogisticRegression,0.20930232558139536,0.022058823529411766,0.8744930625322043
LogisticRegression,0.21951219512195122,0.022058823529411766,0.8745909656329948
LogisticRegression,0.225,0.022058823529411766,0.8746495509331679
LogisticRegression,0.20512820512820512,0.0196078431372549,0.8766520245337319
LogisticRegression,0.21052631578947367,0.0196078431372549,0.8781174474878897
LogisticRegression,0.21621621621621623,0.0196078431372549,0.8796025442747137
LogisticRegression,0.19444444444444445,0.01715686274509804,0.8838009371037069
LogisticRegression,0.2,0.01715686274509804,0.8838299339459825
LogisticRegression,0.20588235294117646,0.01715686274509804,0.8851718876144213
LogisticRegression,0.18181818181818182,0.014705882352941176,0.890366292701658
LogisticRegression,0.15625,0.012254901960784314,0.890515671209686
LogisticRegression,0.16129032258064516,0.012254901960784314,0.8963311760669198
LogisticRegression,0.13333333333333333,0.00980392156862745,0.897590114786179
LogisticRegression,0.10344827586206896,0.007352941176470588,0.905506100322797
LogisticRegression,0.07142857142857142,0.004901960784313725,0.9083932755494569
LogisticRegression,0.07407407407407407,0.004901960784313725,0.908842409982737
LogisticRegression,0.038461538461538464,0.0024509803921568627,0.9123184003347805
LogisticRegression,0.04,0.0024509803921568627,0.9129569741999751
LogisticRegression,0.041666666666666664,0.0024509803921568627,0.9139646911904328
LogisticRegression,0.043478260869565216,0.0024509803921568627,0.9151608668210789
LogisticRegression,0.045454545454545456,0.0024509803921568627,0.915674143455864
LogisticRegression,0.047619047619047616,0.0024509803921568627,0.9173094182295357
LogisticRegression,0.0,0.0,0.9173140117340894
LogisticRegression,0.0,0.0,0.9183977782900737
LogisticRegression,0.0,0.0,0.9230414896963716
LogisticRegression,0.0,0.0,0.927484327665652
LogisticRegression,0.0,0.0,0.9362203035836806
LogisticRegression,0.0,0.0,0.9370888220083702
LogisticRegression,0.0,0.0,0.9374820937746806
LogisticRegression,0.0,0.0,0.9383463245683944
LogisticRegression,0.0,0.0,0.9387928486582929
LogisticRegression,0.0,0.0,0.9407958387576836
LogisticRegression,0.0,0.0,0.9416282898101588
LogisticRegression,0.0,0.0,0.9542317606869934
LogisticRegression,0.0,0.0,0.9555453496749391
LogisticRegression,0.0,0.0,0.9579310192359478
LogisticRegression,0.0,0.0,0.9600723287722227
LogisticRegression,0.0,0.0,0.9602016501309213
LogisticRegression,0.0,0.0,0.9604844975286541
LogisticRegression,0.0,0.0,0.9817180161162727
LogisticRegression,0.0,0.0,0.9849320194221644
RandomForest,0.204,1.0,0.044677342556640215
RandomForest,0.20410205102551277,1.0,0.044948659461172664
RandomForest,0.20430645968953431,1.0,0.0450844331571821
RandomForest,0.2056451612903226,1.0,0.04516008910579803
RandomForest,0.20574886535552195,1.0,0.04526848983438964
RandomForest,0.20626895854398383,1.0,0.04530501515169585
RandomForest,0.20628484541307654,0.9975490196078431,0.04535575006171455
RandomForest,0.20691408235892222,0.9975490196078431,0.04544498405627353
RandomForest,0.20661577608142492,0.9950980392156863,0.04556717970633991
RandomForest,0.20703722590515045,0.9950980392156863,0.04556867317071804
RandomForest,0.20777891504605936,0.9950980392156863,0.04567558043493152
RandomForest,0.21134825611660593,0.9950980392156863,0.045712105752237726
RandomForest,0.21182008368200836,0.9926470588235294,0.045852074656815414
RandomForest,0.21240799158780233,0.9901960784313726,0.04624627339769307
RandomForest,0.21398305084745764,0.9901960784313726,0.046397488142197886
RandomForest,0.2143236074270557,0.9901960784313726,0.046451484340070334
RandomForest,0.21500798296966472,0.9901960784313726,0.04651759030222552
RandomForest,0.21627408993576017,0.9901960784313726,0.04667753099986989
RandomForest,0.21662198391420912,0.9901960784313726,0.04672901994685088
RandomForest,0.21743810548977396,0.9901960784313726,0.04673051341122901
RandomForest,0.21944595328625746,0.9901960784313726,0.04683742067544249
RandomForest,0.22185612300933552,0.9901960784313726,0.046873945992748696
RandomForest,0.2234513274336283,0.9901960784313726,0.04691982696337075
RandomForest,0.22382271468144044,0.9901960784313726,0.04693423088922815
RandomForest,0.2241953385127636,0.9901960784313726,0.046935724353606274
RandomForest,0.22519509476031216,0.9901960784313726,0.04701055626890101
RandomForest,0.22633053221288515,0.9901960784313726,0.047013914897326384
RandomForest,0.22819932049830124,0.9877450980392157,0.04704263161781976
RandomForest,0.22936824132043254,0.9877450980392157,0.04707915693512597
RandomForest,0.22989161437535655,0.9877450980392157,0.04712503790574802
RandomForest,0.22958309537407195,0.9852941176470589,0.04721912583970365
RandomForest,0.22984562607204118,0.9852941176470589,0.04722080434050241
RandomForest,0.23010875787063537,0.9852941176470589,0.047730144168965316
RandomForest,0.2303724928366762,0.9852941176470589,0.047745530291369
RandomForest,0.2309017805858702,0.9852941176470589,0.04793535511134258
RandomForest,0.23116733755031627,0.9852941176470589,0.04801765084501439
RandomForest,0.23183391003460208,0.9852941176470589,0.04819670866454075
RandomForest,0.23467600700525393,0.9852941176470589,0.04822827684052682
RandomForest,0.23508771929824562,0.9852941176470589,0.048308641439836195
RandomForest,0.23522527794031597,0.9852941176470589,0.04837320288642463
RandomForest,0.23591549295774647,0.9852941176470589,0.048468829218186134
RandomForest,0.2386904761904762,0.9828431372549019,0.04850039739417221
RandomForest,0.2391174716756112,0.9828431372549019,0.04858076199348158
RandomForest,0.23997606223818074,0.9828431372549019,0.04858868429750819
RandomForest,0.24069627851140457,0.9828431372549019,0.048645323440070026
RandomForest,0.24113048707155743,0.9828431372549019,0.04886080485115358
RandomForest,0.24127557160048135,0.9828431372549019,0.04886518110510435
RandomForest,0.24140012070006034,0.9803921568627451,0.04958039275121789
RandomForest,0.2418379685610641,0.9803921568627451,0.05140804896722766
RandomForest,0.24181818181818182,0.9779411764705882,0.05149662113835691
RandomForest,0.24240583232077764,0.9779411764705882,0.05166472071066111
RandomForest,0.2427007299270073,0.9779411764705882,0.05235074685059374
RandomForest,0.24373854612095297,0.9779411764705882,0.05238231502657981
RandomForest,0.24403669724770644,0.9779411764705882,0.052462679625889186
RandomForest,0.2461443553362122,0.9779411764705882,0.05252724107247763
RandomForest,0.2464484249536751,0.9779411764705882,0.05282656095117208
RandomForest,0.24782608695652175,0.9779411764705882,0.052952970555162585
RandomForest,0.24813432835820895,0.9779411764705882,0.05303177189354935
RandomForest,0.24890829694323144,0.9779411764705882,0.05352798782835959
RandomForest,0.24921923797626483,0.9779411764705882,0.054114579250890575
RandomForest,0.24968632371392724,0.9754901960784313,0.05414224385930326
RandomForest,0.2506297229219144,0.9754901960784313,0.05432581784484801
RandomForest,0.25078764965343414,0.9754901960784313,0.05478493992691472
RandomForest,0.25126582278481013,0.9730392156862745,0.05481650810290079
RandomForest,0.25239005736137665,0.9705882352941176,0.054896872702210164
RandomForest,0.2543352601156069,0.9705882352941176,0.0549614341487986
RandomForest,0.2548262548262548,0.9705882352941176,0.05538716363148357
RandomForest,0.25548387096774194,0.9705882352941176,0.056548772327211554
RandomForest,0.2558139534883721,0.9705882352941176,0.05888300390468268
RandomForest,0.2566429034348671,0.9705882352941176,0.060722531412782284
RandomForest,0.2571428571428571,0.9705882352941176,0.062072531920293654
RandomForest,0.25764476252439816,0.9705882352941176,0.06306309092876237
RandomForest,0.25800130633572826,0.9681372549019608,0.06309465910474844
RandomForest,0.25918635170603677,0.9681372549019608,0.06317502370405781
RandomForest,0.259526938239159,0.9681372549019608,0.06323958515064626
RandomForest,0.2603823335530653,0.9681372549019608,0.06345506656172982
RandomForest,0.2612732095490716,0.9656862745098039,0.06438383223659107
RandomForest,0.26214238190286093,0.9656862745098039,0.06529499328158177
RandomForest,0.26336898395721925,0.9656862745098039,0.06532656145756784
RandomForest,0.26500337154416725,0.9632352941176471,0.0654069260568772
RandomForest,0.266260162601626,0.9632352941176471,0.06547148750346565
RandomForest,0.2666214382632293,0.9632352941176471,0.06568696891454921
RandomForest,0.2673942701227831,0.9607843137254902,0.06670753419174517
RandomForest,0.2678082191780822,0.9583333333333334,0.06692670009871439
RandomForest,0.2681755829903978,0.9583333333333334,0.0689668057403144
RandomForest,0.26854395604395603,0.9583333333333334,0.07138180565265799
RandomForest,0.2690984170681349,0.9583333333333334,0.07214539228436616
RandomForest,0.2698412698412698,0.9583333333333334,0.0763526461096731
RandomForest,0.2708333333333333,0.9558823529411765,0.07638421428565917
RandomForest,0.2719665271966527,0.9558823529411765,0.076529140331557
RandomForest,0.2721563154221912,0.9558823529411765,0.07682040097392408
RandomForest,0.2729824561403509,0.9534313725490197,0.07731069190319749
RandomForest,0.27323943661971833,0.9509803921568627,0.07812100910879204
RandomForest,0.2736248236953456,0.9509803921568627,0.08071043577804665
RandomForest,0.2740112994350282,0.9509803921568627,0.08082346377586787
RandomForest,0.2742049469964664,0.9509803921568627,0.08291697511664803
RandomForest,0.2745930644019816,0.9509803921568627,0.08517578739563916
RandomForest,0.2747875354107649,0.9509803921568627,0.08566500503075249
RandomForest,0.2769450392576731,0.9509803921568627,0.08613275989500346
RandomForest,0.27741935483870966,0.9485294117647058,0.08624033637265345
RandomForest,0.2786177105831533,0.9485294117647058,0.08637501546102687
RandomForest,0.2794223826714801,0.9485294117647058,0.08641683059453734
RandomForest,0.279826464208243,0.9485294117647058,0.08662305082427686
RandomForest,0.28043478260869564,0.9485294117647058,0.08670809123690441
RandomForest,0.2805232558139535,0.946078431372549,0.08695034680292782
RandomForest,0.28093158660844253,0.946078431372549,0.08719838216617783
RandomForest,0.2813411078717201,0.946078431372549,0.0874273082136744
RandomForest,0.28237015362106804,0.946078431372549,0.08806856052685999
RandomForest,0.2829912023460411,0.946078431372549,0.0887218357372528
RandomForest,0.2834067547723935,0.946078431372549,0.08918959060150376
RandomForest,0.28286558345642543,0.9387254901960784,0.08943184616752717
RandomForest,0.28328402366863903,0.9387254901960784,0.08957906458715348
RandomForest,0.28338278931750743,0.9362745098039216,0.08990880757827376
RandomForest,0.2844378257632167,0.9362745098039216,0.09004710764390358
RandomForest,0.28507462686567164,0.9362745098039216,0.09037009854407482
RandomForest,0.28454070201643017,0.9338235294117647,0.09048963772606423
RandomForest,0.28475336322869954,0.9338235294117647,0.09160652845484112
RandomForest,0.2851796407185629,0.9338235294117647,0.0930940984383263
RandomForest,0.2853932584269663,0.9338235294117647,0.09456557278323917
RandomForest,0.28625093914350114,0.9338235294117647,0.095374921467428
RandomForest,0.2864661654135338,0.9338235294117647,0.09557868125001542
RandomForest,0.2865761689291101,0.9313725490196079,0.09598265846238907
RandomForest,0.28700906344410876,0.9313725490196079,0.0971609301036012
RandomForest,0.2874432677760968,0.9313725490196079,0.1031656785394241
RandomForest,0.287338893100834,0.928921568627451,0.10374100988132508
RandomForest,0.2877752467729689,0.928921568627451,0.10671158389511255
RandomForest,0.2888719512195122,0.928921568627451,0.10724342543763124
RandomForest,0.28931297709923665,0.928921568627451,0.11339486984060256
RandomForest,0.28953399541634833,0.928921568627451,0.11406740187381326
RandomForest,0.2899770466717674,0.928921568627451,0.1166162204948409
RandomForest,0.2908672294704528,0.928921568627451,0.11711764407782849
RandomForest,0.2915384615384615,0.928921568627451,0.11750032109509434
RandomForest,0.2909930715935335,0.9264705882352942,0.11885863717954548
RandomForest,0.29044684129429893,0.9240196078431373,0.12093352244316778
RandomForest,0.2908950617283951,0.9240196078431373,0.12134061304370966
RandomForest,0.29237947122861585,0.9215686274509803,0.12164580662255761
RandomForest,0.2926070038910506,0.9215686274509803,0.12190968202477528
RandomForest,0.2965900079302141,0.9166666666666666,0.12221487560362326
RandomForest,0.2972111553784861,0.9142156862745098,0.12296434223788369
RandomForest,0.2974481658692185,0.9142156862745098,0.12329060604973688
RandomForest,0.29768555466879487,0.9142156862745098,0.12356192295426933
RandomForest,0.2979233226837061,0.9142156862745098,0.1237733525988947
RandomForest,0.2984,0.9142156862745098,0.1239133215034724
RandomForest,0.2995983935742972,0.9142156862745098,0.12396901355481123
RandomForest,0.3,0.9117647058823529,0.12418044319943658
RandomForest,0.3041700735895339,0.9117647058823529,0.12418428555717588
RandomForest,0.30434782608695654,0.9093137254901961,0.12432041210401427
RandomForest,0.3060884070058382,0.8995098039215687,0.12440886207152474
RandomForest,0.30627615062761504,0.8970588235294118,0.12445640611082129
RandomForest,0.3070469798657718,0.8970588235294118,0.12448947913602386
RandomForest,0.30613961312026916,0.8921568627450981,0.12453808253587685
RandomForest,0.3076923076923077,0.8921568627450981,0.12459711263255767
RandomForest,0.309462915601023,0.8897058823529411,0.12474951218050222
RandomForest,0.31314878892733566,0.8872549019607843,0.12476159968966925
RandomForest,0.31369150779896016,0.8872549019607843,0.12481595267206662
RandomForest,0.31551270815074495,0.8823529411764706,0.12488948108507991
RandomForest,0.322202166064982,0.875,0.12516618161362328
RandomForest,0.3269230769230769,0.875,0.12523880084776218
RandomForest,0.32932469935245146,0.8725490196078431,0.12538502165313223
RandomForest,0.3352326685660019,0.8651960784313726,0.12553977822489384
RandomForest,0.3414161008729389,0.8627450980392157,0.12575531919419258
RandomForest,0.3427734375,0.8602941176470589,0.12579952421530802
RandomForest,0.343811394891945,0.8578431372549019,0.12651663382940606
RandomForest,0.344149459193707,0.8578431372549019,0.1270241157129028
RandomForest,0.34592445328031807,0.8529411764705882,0.1272962362665482
RandomForest,0.35020242914979755,0.8480392156862745,0.12751965628095518
RandomForest,0.3513238289205703,0.8455882352941176,0.12779177683460058
RandomForest,0.3545734840698869,0.8455882352941176,0.12789325289222572
RandomForest,0.35714285714285715,0.8455882352941176,0.12810879386152443
RandomForest,0.35908141962421714,0.8431372549019608,0.12816537344587112
RandomForest,0.36105263157894735,0.8406862745098039,0.12838091441516983
RandomForest,0.361228813559322,0.8357843137254902,0.12880664620625068
RandomForest,0.3616118769883351,0.8357843137254902,0.12893907259381096
RandomForest,0.3619957537154989,0.8357843137254902,0.12972940231872998
RandomForest,0.3624733475479744,0.8333333333333334,0.13102591564804214
RandomForest,0.36363636363636365,0.8333333333333334,0.13181624537296113
RandomForest,0.3648068669527897,0.8333333333333334,0.13187665650975502
RandomForest,0.367170626349892,0.8333333333333334,0.13237219707780737
RandomForest,0.369281045751634,0.8308823529411765,0.1327457936890779
RandomForest,0.3706992230854606,0.8186274509803921,0.13361360352564172
RandomForest,0.3704115684093437,0.8161764705882353,0.1337520699193608
RandomForest,0.37204058624577224,0.8088235294117647,0.1338836677468877
RandomForest,0.3724604966139955,0.8088235294117647,0.13424761048741318
RandomForest,0.3737142857142857,0.8014705882352942,0.13462120709868372
RandomForest,0.37572254335260113,0.7965686274509803,0.13469514408560668
RandomForest,0.3761574074074074,0.7965686274509803,0.13490972626506198
RandomForest,0.3765932792584009,0.7965686274509803,0.13548901693524748
RandomForest,0.3760186263096624,0.7916666666666666,0.1409948236566221
RandomForest,0.3764568764568765,0.7916666666666666,0.14387772811790703
RandomForest,0.3773364485981308,0.7916666666666666,0.14651913195788155
RandomForest,0.37777777777777777,0.7916666666666666,0.14683381739743845
RandomForest,0.3786635404454865,0.7916666666666666,0.1480176026007136
RandomForest,0.3788235294117647,0.7892156862745098,0.14927916290351573
RandomForest,0.38259833134684146,0.7867647058823529,0.1495279787026916
RandomForest,0.38369304556354916,0.7843137254901961,0.1497747034715681
RandomForest,0.38666666666666666,0.7818627450980392,0.15014830008283864
RandomForest,0.38855054811205847,0.7818627450980392,0.15101610991940242
RandomForest,0.3925925925925926,0.7794117647058824,0.1532065914687556
RandomForest,0.3950310559006211,0.7794117647058824,0.15425056980533164
RandomForest,0.39552238805970147,0.7794117647058824,0.1544169389703023
RandomForest,0.39375,0.7720588235294118,0.1544172509122918
RandomForest,0.39523212045169387,0.7720588235294118,0.15452918368758722
RandomForest,0.3979721166032953,0.7696078431372549,0.15501993822315743
RandomForest,0.4043927648578811,0.7671568627450981,0.15502609808216464
RandomForest,0.4059662775616083,0.7671568627450981,0.1555154787912098
RandomForest,0.4073107049608355,0.7647058823529411,0.1558297918224552
RandomForest,0.4083769633507853,0.7647058823529411,0.15588907540248034
RandomForest,0.40921052631578947,0.7622549019607843,0.15640559374891072
RandomForest,0.4119205298013245,0.7622549019607843,0.15745076623955598
RandomForest,0.4146666666666667,0.7622549019607843,0.1590664460972242
RandomForest,0.4152202937249666,0.7622549019607843,0.1594244801778308
RandomForest,0.4157754010695187,0.7622549019607843,0.1629499484162275
RandomForest,0.4166666666666667,0.7598039215686274,0.16569855052047877
RandomForest,0.41778975741239893,0.7598039215686274,0.16877497964142585
RandomForest,0.4183535762483131,0.7598039215686274,0.17318593389576892
RandomForest,0.4189189189189189,0.7598039215686274,0.17428655882678795
RandomForest,0.41948579161028415,0.7598039215686274,0.17506789542723716
RandomForest,0.4209809264305177,0.7573529411764706,0.1757253550499869
RandomForest,0.42155525238744884,0.7573529411764706,0.17591355408079015
RandomForest,0.42213114754098363,0.7573529411764706,0.1765340876777436
RandomForest,0.422283356258597,0.7524509803921569,0.1768141305354156
RandomForest,0.42344827586206896,0.7524509803921569,0.1790381176926616
RandomForest,0.4263888888888889,0.7524509803921569,0.18247879235082093
RandomForest,0.42698191933240615,0.7524509803921569,0.18323454002034384
RandomForest,0.4275766016713092,0.7524509803921569,0.18352843107854824
RandomForest,0.42997198879551823,0.7524509803921569,0.18627606087315066
RandomForest,0.4305750350631136,0.7524509803921569,0.1866048601994953
RandomForest,0.4311797752808989,0.7524509803921569,0.18668055113393667
RandomForest,0.4317862165963432,0.7524509803921569,0.1891203172452989
RandomForest,0.43422913719943423,0.7524509803921569,0.19102675536039757
RandomForest,0.4348441926345609,0.7524509803921569,0.19373354142578264
RandomForest,0.43546099290780144,0.7524509803921569,0.19447045736602414
RandomForest,0.4366998577524893,0.7524509803921569,0.1957489771001617
RandomForest,0.43794579172610554,0.7524509803921569,0.1962857635037799
RandomForest,0.43857142857142856,0.7524509803921569,0.20051536970086592
RandomForest,0.44138929088277856,0.7475490196078431,0.2010109102689183
RandomForest,0.4412191582002903,0.7450980392156863,0.2013667323578738
RandomForest,0.44298245614035087,0.7426470588235294,0.20174032896914434
RandomForest,0.44493392070484583,0.7426470588235294,0.20225684731557475
RandomForest,0.4460856720827179,0.7401960784313726,0.203116334720558
RandomForest,0.4467455621301775,0.7401960784313726,0.20484159119325346
RandomForest,0.4457652303120357,0.7352941176470589,0.20586907637808144
RandomForest,0.44642857142857145,0.7352941176470589,0.21084670398341576
RandomForest,0.4497751124437781,0.7352941176470589,0.21169976556522688
RandomForest,0.45180722891566266,0.7352941176470589,0.21271286266601347
RandomForest,0.45385779122541603,0.7352941176470589,0.2128448280920067
RandomForest,0.45592705167173253,0.7352941176470589,0.21312524499515897
RandomForest,0.4573170731707317,0.7352941176470589,0.21328588139015256
RandomForest,0.4580152671755725,0.7352941176470589,0.2136978896738178
RandomForest,0.45871559633027525,0.7352941176470589,0.21383536164088715
RandomForest,0.45858895705521474,0.7328431372549019,0.2153037863317427
RandomForest,0.4592933947772657,0.7328431372549019,0.21728254733707975
RandomForest,0.46,0.7328431372549019,0.2183494610542617
RandomForest,0.46070878274268107,0.7328431372549019,0.22294743807057002
RandomForest,0.46213292117465227,0.7328431372549019,0.22317407469801598
RandomForest,0.46273291925465837,0.7303921568627451,0.23005866949667256
RandomForest,0.46417445482866043,0.7303921568627451,0.23024852752788405
RandomForest,0.4647887323943662,0.7279411764705882,0.23110158910969517
RandomForest,0.4662480376766091,0.7279411764705882,0.23288797368143155
RandomForest,0.4669811320754717,0.7279411764705882,0.2333835142494839
RandomForest,0.4704,0.7205882352941176,0.23342148988982203
RandomForest,0.47249190938511326,0.7156862745098039,0.23349388422008208
RandomForest,0.47479674796747967,0.7156862745098039,0.2340099872396056
RandomForest,0.47540983606557374,0.7107843137254902,0.2340433773464664
RandomForest,0.47516556291390727,0.7034313725490197,0.23411293294970995
RandomForest,0.47674418604651164,0.7034313725490197,0.2342092156472662
RandomForest,0.47753743760399336,0.7034313725490197,0.23450552780765796
RandomForest,0.4823529411764706,0.7034313725490197,0.23454350344799607
RandomForest,0.4846938775510204,0.6985294117647058,0.2347154040376771
RandomForest,0.4855195911413969,0.6985294117647058,0.23523494650788399
RandomForest,0.49393414211438474,0.6985294117647058,0.23677555246810178
RandomForest,0.4912891986062718,0.6911764705882353,0.23747689547136014
RandomForest,0.49214659685863876,0.6911764705882353,0.23789247862002047
RandomForest,0.493006993006993,0.6911764705882353,0.23888410427812748
RandomForest,0.4938704028021016,0.6911764705882353,0.23905952236336384
RandomForest,0.4973544973544973,0.6911764705882353,0.23977851319947044
RandomForest,0.49823321554770317,0.6911764705882353,0.24139051624642288
RandomForest,0.49733570159857904,0.6862745098039216,0.24172490143291686
RandomForest,0.49910873440285203,0.6862745098039216,0.24228465577176792
RandomForest,0.4991023339317774,0.6813725490196079,0.24278019633982026
RandomForest,0.4990990990990991,0.678921568627451,0.2428181719801584
RandomForest,0.5018115942028986,0.678921568627451,0.24284691499109093
RandomForest,0.5036363636363637,0.678921568627451,0.24310479718668665
RandomForest,0.5045703839122486,0.6764705882352942,0.2431360184287758
RandomForest,0.5036630036630036,0.6740196078431373,0.24344005943680283
RandomForest,0.5018587360594795,0.6617647058823529,0.24350961504004634
RandomForest,0.5046728971962616,0.6617647058823529,0.24352611232208307
RandomForest,0.5037453183520599,0.6593137254901961,0.2437273952147717
RandomForest,0.5046904315196998,0.6593137254901961,0.24423224559856127
RandomForest,0.5056390977443609,0.6593137254901961,0.24469091301161228
RandomForest,0.5066162570888468,0.6568627450980392,0.2446986429782757
RandomForest,0.5075757575757576,0.6568627450980392,0.24484369604256206
RandomForest,0.5095057034220533,0.6568627450980392,0.24505085707082705
RandomForest,0.5134099616858238,0.6568627450980392,0.2452403932623468
RandomForest,0.5143953934740882,0.6568627450980392,0.24586299129043193
RandomForest,0.5153846153846153,0.6568627450980392,0.24708507296023144
RandomForest,0.5163776493256262,0.6568627450980392,0.2484562044537003
RandomForest,0.5126705653021443,0.6446078431372549,0.24918572398665176
RandomForest,0.513671875,0.6446078431372549,0.24942195192858027
RandomForest,0.515686274509804,0.6446078431372549,0.25037335921477055
RandomForest,0.5177165354330708,0.6446078431372549,0.2510249980403358
RandomForest,0.5158102766798419,0.6397058823529411,0.25112158352325326
RandomForest,0.5158730158730159,0.6372549019607843,0.2514896600425609
RandomForest,0.5179282868525896,0.6372549019607843,0.25256952125197113
RandomForest,0.52,0.6372549019607843,0.25333407414363424
RandomForest,0.5180722891566265,0.6323529411764706,0.25346543735535243
RandomForest,0.5191919191919192,0.6299019607843137,0.25358760687895543
RandomForest,0.520242914979757,0.6299019607843137,0.25400831747517005
RandomForest,0.5212981744421906,0.6299019607843137,0.2543128429095551
RandomForest,0.5223577235772358,0.6299019607843137,0.25431674520871933
RandomForest,0.5244897959183673,0.6299019607843137,0.25446152255550886
RandomForest,0.5255623721881391,0.6299019607843137,0.25463143910958946
RandomForest,0.5300207039337475,0.6274509803921569,0.2547728703668332
RandomForest,0.53125,0.625,0.2549201899685599
RandomForest,0.5324947589098532,0.6225490196078431,0.2550592831469415
RandomForest,0.5347368421052632,0.6225490196078431,0.25542376918287124
RandomForest,0.5348837209302325,0.6200980392156863,0.2554788446637921
RandomForest,0.5361702127659574,0.6176470588235294,0.25560103343101265
RandomForest,0.5373134328358209,0.6176470588235294,0.2557477399373799
RandomForest,0.5386266094420601,0.6151960784313726,0.25575888752146414
RandomForest,0.5397849462365591,0.6151960784313726,0.25612611363459065
RandomForest,0.540948275862069,0.6151960784313726,0.25622528490117863
RandomForest,0.5399568034557235,0.6127450980392157,0.2564453195494757
RandomForest,0.538961038961039,0.6102941176470589,0.25644870289241745
RandomForest,0.5416666666666666,0.6053921568627451,0.2565766827611939
RandomForest,0.5440528634361234,0.6053921568627451,0.2567211341488265
RandomForest,0.5458612975391499,0.5980392156862745,0.25676703518524974
RandomForest,0.5570776255707762,0.5980392156862745,0.257742684515431
RandomForest,0.5622119815668203,0.5980392156862745,0.25847861028061314
RandomForest,0.5635103926096998,0.5980392156862745,0.25915999406916107
RandomForest,0.5648148148148148,0.5980392156862745,0.2600078410086835
RandomForest,0.5661252900232019,0.5980392156862745,0.2603259958233981
RandomForest,0.5704225352112676,0.5955882352941176,0.2609866850483677
RandomForest,0.571764705882353,0.5955882352941176,0.2617252841307058
RandomForest,0.5721040189125296,0.5931372549019608,0.264861097770232
RandomForest,0.5714285714285714,0.5882352941176471,0.2659124045035831
RandomForest,0.5741626794258373,0.5882352941176471,0.2670095921244935
RandomForest,0.5769230769230769,0.5882352941176471,0.2681085665407837
RandomForest,0.5783132530120482,0.5882352941176471,0.26887311943244685
RandomForest,0.5800970873786407,0.5857843137254902,0.27059336397723016
RandomForest,0.5790754257907542,0.5833333333333334,0.2712894357859063
RandomForest,0.5804878048780487,0.5833333333333334,0.2718907289431854
RandomForest,0.5794621026894865,0.5808823529411765,0.27208592429937145
RandomForest,0.5784313725490197,0.5784313725490197,0.272593086456105
RandomForest,0.5788177339901478,0.5759803921568627,0.2732519260536085
RandomForest,0.582089552238806,0.5735294117647058,0.2736515796793121
RandomForest,0.5835411471321695,0.5735294117647058,0.27435555045827104
RandomForest,0.5825,0.571078431372549,0.2743597472245943
RandomForest,0.5839598997493735,0.571078431372549,0.27600248787874015
RandomForest,0.5829145728643216,0.5686274509803921,0.2786059107456969
RandomForest,0.5848101265822785,0.5661764705882353,0.2809189270552429
RandomForest,0.583756345177665,0.5637254901960784,0.28097711609003334
RandomForest,0.5871794871794872,0.5612745098039216,0.3600993234372022
RandomForest,0.5947368421052631,0.553921568627451,0.36136563022982476
RandomForest,0.5957446808510638,0.5490196078431373,0.36266158490583006
RandomForest,0.5972972972972973,0.5416666666666666,0.3642922984878054
RandomForest,0.5967302452316077,0.5367647058823529,0.36557807525445185
RandomForest,0.6011080332409973,0.5318627450980392,0.3706866786312331
RandomForest,0.6016713091922006,0.5294117647058824,0.38306757117690804
RandomForest,0.601123595505618,0.5245098039215687,0.38412379772239474
RandomForest,0.6045197740112994,0.5245098039215687,0.40629208858209237
RandomForest,0.603399433427762,0.5220588235294118,0.41133386315150017
RandomForest,0.6022727272727273,0.5196078431372549,0.42199353439608783
RandomForest,0.6057142857142858,0.5196078431372549,0.4225869053229673
RandomForest,0.6051873198847262,0.5147058823529411,0.42440078852587526
RandomForest,0.6135693215339233,0.5098039215686274,0.4251525576409332
RandomForest,0.6137724550898204,0.5024509803921569,0.4263409339407766
RandomForest,0.6193353474320241,0.5024509803921569,0.42734976006610753
RandomForest,0.6181818181818182,0.5,0.433077024642627
RandomForest,0.6234567901234568,0.4950980392156863,0.43413325118811363
RandomForest,0.6253869969040248,0.4950980392156863,0.45787791052606974
RandomForest,0.6273291925465838,0.4950980392156863,0.49658540097876896
RandomForest,0.63125,0.4950980392156863,0.5149170035697209
RandomForest,0.638095238095238,0.49264705882352944,0.5155024775656853
RandomForest,0.6375404530744336,0.48284313725490197,0.5164683214501529
RandomForest,0.639344262295082,0.47794117647058826,0.5165587041111721
RandomForest,0.6414473684210527,0.47794117647058826,0.5167362005131096
RandomForest,0.6531986531986532,0.47549019607843135,0.5170425572147
RandomForest,0.6530612244897959,0.47058823529411764,0.5170537954461171
RandomForest,0.6541095890410958,0.4681372549019608,0.5181100219916039
RandomForest,0.6505190311418685,0.46078431372549017,0.519342262258196
RandomForest,0.6491228070175439,0.4534313725490196,0.5198917425089306
RandomForest,0.65,0.44607843137254904,0.5208847982001961
RandomForest,0.6534296028880866,0.44362745098039214,0.5208935801386277
RandomForest,0.6556776556776557,0.4387254901960784,0.5210505513233826
RandomForest,0.6592592592592592,0.4362745098039216,0.5214430603893623
RandomForest,0.6603053435114504,0.42401960784313725,0.5224361160806278
RandomForest,0.6615384615384615,0.4215686274509804,0.5226018692038145
RandomForest,0.6614785992217899,0.4166666666666667,0.5242963426621985
RandomForest,0.6640316205533597,0.4117647058823529,0.5258476605426302
RandomForest,0.6613545816733067,0.4068627450980392,0.5338593432100164
RandomForest,0.6666666666666666,0.4068627450980392,0.5427233443452983
RandomForest,0.6680161943319838,0.40441176470588236,0.5432975801098455
RandomForest,0.6680497925311203,0.3946078431372549,0.5443650448867494
RandomForest,0.6751054852320675,0.39215686274509803,0.5478873133044964
RandomForest,0.676595744680851,0.3897058823529412,0.5484367935552309
RandomForest,0.6752136752136753,0.3872549019607843,0.5485231551853577
RandomForest,0.6767241379310345,0.38480392156862747,0.548615414867302
RandomForest,0.6753246753246753,0.38235294117647056,0.5488529445585134
RandomForest,0.6739130434782609,0.3799019607843137,0.5488550011987574
RandomForest,0.68,0.375,0.5489795898096718
RandomForest,0.6785714285714286,0.37254901960784315,0.5494292369633046
RandomForest,0.6787330316742082,0.36764705882352944,0.5494404751947217
RandomForest,0.6842105263157895,0.35049019607843135,0.5494880683907215
RandomForest,0.7029702970297029,0.3480392156862745,0.5495956023696831
RandomForest,0.7014925373134329,0.34558823529411764,0.54961471364188
RandomForest,0.7010309278350515,0.3333333333333333,0.5500623041552687
RandomForest,0.6963350785340314,0.32598039215686275,0.5500735423866858
RandomForest,0.7159763313609467,0.2965686274509804,0.550188949406427
RandomForest,0.7202380952380952,0.2965686274509804,0.5502001876378443
RandomForest,0.725609756097561,0.2916666666666667,0.5513072653341099
RandomForest,0.7239263803680982,0.28921568627450983,0.5520600571080496
RandomForest,0.7435897435897436,0.28431372549019607,0.5520994438762885
RandomForest,0.7483870967741936,0.28431372549019607,0.5532802598872324
RandomForest,0.7651006711409396,0.27941176470588236,0.5545684504086899
RandomForest,0.7730496453900709,0.26715686274509803,0.5547786826010779
RandomForest,0.7714285714285715,0.2647058823529412,0.555201517600654
RandomForest,0.768595041322314,0.22794117647058823,0.5553281628518123
RandomForest,0.7876106194690266,0.2181372549019608,0.5554132366914701
RandomForest,0.7798165137614679,0.20833333333333334,0.555727259223142
RandomForest,0.7745098039215687,0.19362745098039216,0.5563603264151061
RandomForest,0.7578947368421053,0.17647058823529413,0.5564869716662646
RandomForest,0.7608695652173914,0.1715686274509804,0.5581917139615086
RandomForest,0.7816091954022989,0.16666666666666666,0.5588247811534727
RandomForest,0.8,0.14705882352941177,0.5589514264046311
RandomForest,0.8571428571428571,0.14705882352941177,0.6149435066565236
RandomForest,0.855072463768116,0.14460784313725492,0.6223642359191149
RandomForest,0.8676470588235294,0.14460784313725492,0.6239770171814752
RandomForest,0.8939393939393939,0.14460784313725492,0.6266328889645295
RandomForest,0.8923076923076924,0.14215686274509803,0.6892554920285463
RandomForest,0.890625,0.13970588235294118,0.6992110744457708
RandomForest,0.9047619047619048,0.13970588235294118,0.7027004666608477
RandomForest,0.9032258064516129,0.13725490196078433,0.7058379077910988
RandomForest,0.9180327868852459,0.13725490196078433,0.7062016490772934
RandomForest,0.9333333333333333,0.13725490196078433,0.7082047139174855
RandomForest,0.9322033898305084,0.13480392156862744,0.7128902277766734
RandomForest,0.9482758620689655,0.13480392156862744,0.7283784394687018
RandomForest,0.9473684210526315,0.1323529411764706,0.7500542692163024
RandomForest,0.9464285714285714,0.12990196078431374,0.7503224752069781
RandomForest,0.9636363636363636,0.12990196078431374,0.7513409521526044
RandomForest,0.9629629629629629,0.12745098039215685,0.753273125034821
RandomForest,0.9622641509433962,0.125,0.7544848476119034
RandomForest,0.9607843137254902,0.12009803921568628,0.7554573405950916
RandomForest,0.96,0.11764705882352941,0.7568509421191033
RandomForest,0.9591836734693877,0.11519607843137254,0.7586956327175872
RandomForest,0.9583333333333334,0.11274509803921569,0.7618291056739817
RandomForest,0.9565217391304348,0.10784313725490197,0.7637468773193222
RandomForest,0.9555555555555556,0.1053921568627451,0.7821286700046812
RandomForest,0.9545454545454546,0.10294117647058823,0.7837087224480311
RandomForest,0.9534883720930233,0.10049019607843138,0.7861134831362152
RandomForest,0.9761904761904762,0.10049019607843138,0.7949331267079018
RandomForest,1.0,0.09803921568627451,0.7985426113752936
RandomForest,1.0,0.09558823529411764,0.8452537233993193
RandomForest,1.0,0.09313725490196079,0.8477807456973264
RandomForest,1.0,0.09068627450980392,0.8761908160915156
RandomForest,1.0,0.08823529411764706,0.8923007402535935
RandomForest,1.0,0.0857843137254902,0.8953897052980099
RandomForest,1.0,0.08333333333333333,0.9050688207790277
RandomForest,1.0,0.08088235294117647,0.9121530989686089
RandomForest,1.0,0.0784313725490196,0.9121553675131109
RandomForest,1.0,0.07598039215686274,0.9128480476227653
RandomForest,1.0,0.07352941176470588,0.914592710602886
RandomForest,1.0,0.07107843137254902,0.9177803259322006
RandomForest,1.0,0.06862745098039216,0.9216792548490209
RandomForest,1.0,0.0661764705882353,0.9282607076805799
RandomForest,1.0,0.06372549019607843,0.9300798112139743
RandomForest,1.0,0.058823529411764705,0.9310209716427745
RandomForest,1.0,0.056372549019607844,0.9386939350601898
RandomForest,1.0,0.05392156862745098,0.9402381371593318
RandomForest,1.0,0.051470588235294115,0.9417027836239782
RandomForest,1.0,0.049019607843137254,0.943978052849306
RandomForest,1.0,0.04656862745098039,0.9447928240497261
RandomForest,1.0,0.041666666666666664,0.9453236974042858
RandomForest,1.0,0.0392156862745098,0.94755084422094
RandomForest,1.0,0.03676470588235294,0.9476125759505154
RandomForest,1.0,0.03431372549019608,0.9478730761936748
RandomForest,1.0,0.031862745098039214,0.9481760476208183
RandomForest,1.0,0.029411764705882353,0.9484779149904945
RandomForest,1.0,0.02696078431372549,0.9511445726359143
RandomForest,1.0,0.0196078431372549,0.9534473505472625
RandomForest,1.0,0.01715686274509804,0.9576678515778716
RandomForest,1.0,0.014705882352941176,0.9629084886605784
RandomForest,1.0,0.012254901960784314,0.9644428457544489
RandomForest,1.0,0.00980392156862745,0.9645130025945282
RandomForest,1.0,0.007352941176470588,0.9658010768952888
RandomForest,1.0,0.004901960784313725,0.9686073856643399
RandomForest,1.0,0.0024509803921568627,0.970696181625745
GradientBoosting,0.204,1.0,0.04729829814003227
GradientBoosting,0.2070015220700152,1.0,0.047722425648875626
GradientBoosting,0.20752797558494404,1.0,0.04792375112705869
GradientBoosting,0.20797138477261115,0.9975490196078431,0.049053386054677656
GradientBoosting,0.20903954802259886,0.9975490196078431,0.04926177114238961
GradientBoosting,0.2103359173126615,0.9975490196078431,0.04945805025697953
GradientBoosting,0.21131879543094495,0.9975490196078431,0.050174928665068085
GradientBoosting,0.22119565217391304,0.9975490196078431,0.050306533887776284
GradientBoosting,0.22191930207197383,0.9975490196078431,0.05066548491574999
GradientBoosting,0.23170028818443805,0.9852941176470589,0.051508203127134784
GradientBoosting,0.23522527794031597,0.9852941176470589,0.051884152727038356
GradientBoosting,0.2419648271679806,0.9779411764705882,0.052228626218273295
GradientBoosting,0.2443355786895285,0.9779411764705882,0.053579430640446284
GradientBoosting,0.24448529411764705,0.9779411764705882,0.05624301103313654
GradientBoosting,0.24584103512014788,0.9779411764705882,0.05665145507818724
GradientBoosting,0.250471994965387,0.9754901960784313,0.05919884618102264
GradientBoosting,0.2506297229219144,0.9754901960784313,0.05927814720464708
GradientBoosting,0.2531887755102041,0.9730392156862745,0.05934240008126219
GradientBoosting,0.25335035098915126,0.9730392156862745,0.05970723833305768
GradientBoosting,0.2573099415204678,0.9705882352941176,0.06038416206961361
GradientBoosting,0.2574772431729519,0.9705882352941176,0.06111877904290279
GradientBoosting,0.2579804560260586,0.9705882352941176,0.06472057736827777
GradientBoosting,0.258148631029987,0.9705882352941176,0.06572649944127494
GradientBoosting,0.2583170254403131,0.9705882352941176,0.06660276686381597
GradientBoosting,0.2603550295857988,0.9705882352941176,0.06708109726678864
GradientBoosting,0.2631930527722111,0.9656862745098039,0.06761350564437325
GradientBoosting,0.26354515050167227,0.9656862745098039,0.06777407221208605
GradientBoosting,0.2698412698412698,0.9583333333333334,0.06880127605862604
GradientBoosting,0.27058823529411763,0.9583333333333334,0.07341379360268799
GradientBoosting,0.2749822820694543,0.9509803921568627,0.07365875438886198
GradientBoosting,0.2753726046841732,0.9509803921568627,0.07407514745181458
GradientBoosting,0.2757640369580668,0.9509803921568627,0.07519014947491458
GradientBoosting,0.27524893314367,0.9485294117647058,0.07708961836347092
GradientBoosting,0.2754448398576512,0.9485294117647058,0.08062828537264027
GradientBoosting,0.2758374910905203,0.9485294117647058,0.08746400319272184
GradientBoosting,0.28360413589364847,0.9411764705882353,0.08823987580762091
GradientBoosting,0.28475836431226764,0.9387254901960784,0.08954746968746255
GradientBoosting,0.28507462686567164,0.9362745098039216,0.09072337211356375
GradientBoosting,0.2863568215892054,0.9362745098039216,0.09168570905197164
GradientBoosting,0.28678678678678676,0.9362745098039216,0.09243526666396452
GradientBoosting,0.28931297709923665,0.928921568627451,0.09314613758269703
GradientBoosting,0.2897553516819572,0.928921568627451,0.09396722469847159
GradientBoosting,0.2908672294704528,0.928921568627451,0.09631605552212359
GradientBoosting,0.2915384615384615,0.928921568627451,0.1063353027933506
GradientBoosting,0.29176289453425713,0.928921568627451,0.10716753912368461
GradientBoosting,0.29221279876638395,0.928921568627451,0.10848372859096997
GradientBoosting,0.29156999226604796,0.9240196078431373,0.11111999587064329
GradientBoosting,0.2917956656346749,0.9240196078431373,0.11257058628733284
GradientBoosting,0.29224806201550385,0.9240196078431373,0.11469426464404935
GradientBoosting,0.2924747866563227,0.9240196078431373,0.11614783528612635
GradientBoosting,0.29513343799058084,0.9215686274509803,0.11852782118025697
GradientBoosting,0.2953652788688138,0.9215686274509803,0.11889520198846036
GradientBoosting,0.2987220447284345,0.9166666666666666,0.12023304345692247
GradientBoosting,0.30129240710823907,0.9142156862745098,0.12112916029549507
GradientBoosting,0.3020242914979757,0.9142156862745098,0.12198968090848394
GradientBoosting,0.30300568643379366,0.9142156862745098,0.12205834052933473
GradientBoosting,0.3036734693877551,0.9117647058823529,0.12216368942912237
GradientBoosting,0.30384930384930386,0.9093137254901961,0.12220477610975324
GradientBoosting,0.30673316708229426,0.9044117647058824,0.12390567154861953
GradientBoosting,0.3069883527454243,0.9044117647058824,0.12456038712392728
GradientBoosting,0.31352282515073215,0.8921568627450981,0.12485571071451645
GradientBoosting,0.314878892733564,0.8921568627450981,0.1248614517108661
GradientBoosting,0.3151515151515151,0.8921568627450981,0.12492575391173268
GradientBoosting,0.31569817866435385,0.8921568627450981,0.12511999554557096
GradientBoosting,0.3159722222222222,0.8921568627450981,0.12523096875306303
GradientBoosting,0.3170305676855895,0.8897058823529411,0.1256819720453444
GradientBoosting,0.32755474452554745,0.8799019607843137,0.12657503757276456
GradientBoosting,0.3281535648994516,0.8799019607843137,0.12729603618077537
GradientBoosting,0.32875457875457875,0.8799019607843137,0.1274780442768698
GradientBoosting,0.34332688588007737,0.8700980392156863,0.12778513152911458
GradientBoosting,0.3439922480620155,0.8700980392156863,0.12827276802988788
GradientBoosting,0.3474827245804541,0.8627450980392157,0.12862204089847798
GradientBoosting,0.3561924257932446,0.8529411764705882,0.13026823704201818
GradientBoosting,0.35699588477366256,0.8504901960784313,0.1303133897839633
GradientBoosting,0.3573635427394439,0.8504901960784313,0.13197598234877456
GradientBoosting,0.3641188959660297,0.8406862745098039,0.13215408697005007
GradientBoosting,0.3648936170212766,0.8406862745098039,0.13258318649362283
GradientBoosting,0.3652822151224707,0.8406862745098039,0.1328569854857632
GradientBoosting,0.3776536312849162,0.8284313725490197,0.13339600053179443
GradientBoosting,0.378076062639821,0.8284313725490197,0.13343693636339776
GradientBoosting,0.3797752808988764,0.8284313725490197,0.1347713160883558
GradientBoosting,0.37966101694915255,0.8235294117647058,0.14306566568463286
GradientBoosting,0.38009049773755654,0.8235294117647058,0.14325855805704837
GradientBoosting,0.38052095130237823,0.8235294117647058,0.14476732861486216
GradientBoosting,0.38095238095238093,0.8235294117647058,0.14567020853081597
GradientBoosting,0.3813847900113507,0.8235294117647058,0.14757102995005622
GradientBoosting,0.38181818181818183,0.8235294117647058,0.14877204855791726
GradientBoosting,0.3850574712643678,0.821078431372549,0.14974583098924216
GradientBoosting,0.38908659549228947,0.803921568627451,0.150813412663085
GradientBoosting,0.38954869358669836,0.803921568627451,0.15254046264160004
GradientBoosting,0.39001189060642094,0.803921568627451,0.15528969621704167
GradientBoosting,0.39302884615384615,0.8014705882352942,0.15629830647976506
GradientBoosting,0.39824120603015073,0.7769607843137255,0.1596057551539325
GradientBoosting,0.39974779319041615,0.7769607843137255,0.16239908041758708
GradientBoosting,0.40025252525252525,0.7769607843137255,0.165470498045364
GradientBoosting,0.40075853350189633,0.7769607843137255,0.1702831177271857
GradientBoosting,0.4012658227848101,0.7769607843137255,0.17204731945892776
GradientBoosting,0.40797940797940796,0.7769607843137255,0.17216168588142328
GradientBoosting,0.4103896103896104,0.7745098039215687,0.173257403494898
GradientBoosting,0.42354533152909335,0.7671568627450981,0.17447490870415958
GradientBoosting,0.4241192411924119,0.7671568627450981,0.17464481050263203
GradientBoosting,0.42448979591836733,0.7647058823529411,0.1756129911705233
GradientBoosting,0.43902439024390244,0.75,0.17698429269069044
GradientBoosting,0.4420289855072464,0.7475490196078431,0.17796261799376512
GradientBoosting,0.44525547445255476,0.7475490196078431,0.17800862511815682
GradientBoosting,0.44590643274853803,0.7475490196078431,0.17861272610431514
GradientBoosting,0.4465592972181552,0.7475490196078431,0.17909449113089507
GradientBoosting,0.4472140762463343,0.7475490196078431,0.17964014783820664
GradientBoosting,0.4485294117647059,0.7475490196078431,0.18203175876796357
GradientBoosting,0.4498525073746313,0.7475490196078431,0.1825887359210893
GradientBoosting,0.4511834319526627,0.7475490196078431,0.18337891739739098
GradientBoosting,0.45185185185185184,0.7475490196078431,0.1836962972215266
GradientBoosting,0.45252225519287836,0.7475490196078431,0.1881465402509403
GradientBoosting,0.45319465081723626,0.7475490196078431,0.19919284840036122
GradientBoosting,0.4538690476190476,0.7475490196078431,0.19925532735580548
GradientBoosting,0.4628482972136223,0.7328431372549019,0.2008046553394022
GradientBoosting,0.4618973561430793,0.7279411764705882,0.2034081716798627
GradientBoosting,0.46261682242990654,0.7279411764705882,0.20400537755090925
GradientBoosting,0.4609375,0.7230392156862745,0.20481782591560327
GradientBoosting,0.4591194968553459,0.7156862745098039,0.2089043701027241
GradientBoosting,0.4620253164556962,0.7156862745098039,0.22609829687916477
GradientBoosting,0.46275752773375595,0.7156862745098039,0.2270634902255342
GradientBoosting,0.4642289348171701,0.7156862745098039,0.23332954635776051
GradientBoosting,0.4662379421221865,0.7107843137254902,0.23366289863386536
GradientBoosting,0.4669887278582931,0.7107843137254902,0.23658786876855786
GradientBoosting,0.4668820678513732,0.7083333333333334,0.23778813812827784
GradientBoosting,0.4683954619124797,0.7083333333333334,0.23858986709261357
GradientBoosting,0.47145187601957583,0.7083333333333334,0.23913257743166697
GradientBoosting,0.47058823529411764,0.7058823529411765,0.24037209702406936
GradientBoosting,0.4721311475409836,0.7058823529411765,0.24117015426652974
GradientBoosting,0.4720394736842105,0.7034313725490197,0.24266153401587615
GradientBoosting,0.4773109243697479,0.696078431372549,0.24297044245983046
GradientBoosting,0.5141242937853108,0.6691176470588235,0.24475578408395368
GradientBoosting,0.5152671755725191,0.6617647058823529,0.2460083569239626
GradientBoosting,0.5172413793103449,0.6617647058823529,0.2470961524938704
GradientBoosting,0.5183044315992292,0.6593137254901961,0.24730159698552043
GradientBoosting,0.5203094777562862,0.6593137254901961,0.24775249193331
GradientBoosting,0.5243664717348928,0.6593137254901961,0.24816004546309278
GradientBoosting,0.5254901960784314,0.6568627450980392,0.2484760626954408
GradientBoosting,0.5236220472440944,0.6519607843137255,0.2488684764989001
GradientBoosting,0.5217391304347826,0.6470588235294118,0.24946648797553672
GradientBoosting,0.5218253968253969,0.6446078431372549,0.24973535524093787
GradientBoosting,0.5228628230616302,0.6446078431372549,0.2510397744233845
GradientBoosting,0.526,0.6446078431372549,0.25184180872974476
GradientBoosting,0.530241935483871,0.6446078431372549,0.25390690801634475
GradientBoosting,0.5323886639676113,0.6446078431372549,0.255119838490933
GradientBoosting,0.5357873210633947,0.6421568627450981,0.25555117205652306
GradientBoosting,0.5392561983471075,0.6397058823529411,0.25558645798309143
GradientBoosting,0.5416666666666666,0.6372549019607843,0.2559603797360089
GradientBoosting,0.547568710359408,0.6348039215686274,0.2560260902043742
GradientBoosting,0.5524625267665952,0.6323529411764706,0.2564285011359806
GradientBoosting,0.5526881720430108,0.6299019607843137,0.25652928993537605
GradientBoosting,0.5562770562770563,0.6299019607843137,0.2577635492812438
GradientBoosting,0.5611353711790393,0.6299019607843137,0.2590600047924921
GradientBoosting,0.562363238512035,0.6299019607843137,0.259900039243324
GradientBoosting,0.5635964912280702,0.6299019607843137,0.2623880820963172
GradientBoosting,0.5626373626373626,0.6274509803921569,0.26439733694041734
GradientBoosting,0.5746606334841629,0.6225490196078431,0.264638607675676
GradientBoosting,0.5763097949886105,0.6200980392156863,0.2658888186715728
GradientBoosting,0.5761904761904761,0.5931372549019608,0.26754039820876463
GradientBoosting,0.580335731414868,0.5931372549019608,0.26944202170600073
GradientBoosting,0.5794621026894865,0.5808823529411765,0.26978638847371456
GradientBoosting,0.5784313725490197,0.5784313725490197,0.27138463811685215
GradientBoosting,0.5788177339901478,0.5759803921568627,0.27263187184016013
GradientBoosting,0.5792079207920792,0.5735294117647058,0.27316236231739893
GradientBoosting,0.5796019900497512,0.571078431372549,0.2748822773740684
GradientBoosting,0.5810473815461347,0.571078431372549,0.27618898596866986
GradientBoosting,0.5825,0.571078431372549,0.2785084885990089
GradientBoosting,0.5839598997493735,0.571078431372549,0.2785501282476887
GradientBoosting,0.5829145728643216,0.5686274509803921,0.27989696920536067
GradientBoosting,0.5833333333333334,0.5661764705882353,0.2803129281143574
GradientBoosting,0.5867346938775511,0.5637254901960784,0.28436877287982865
GradientBoosting,0.5871794871794872,0.5612745098039216,0.3600603999643968
GradientBoosting,0.5861182519280206,0.5588235294117647,0.3622943635675929
GradientBoosting,0.5850515463917526,0.5563725490196079,0.36934781790228316
GradientBoosting,0.5978260869565217,0.5392156862745098,0.3713169869732508
GradientBoosting,0.5994475138121547,0.5318627450980392,0.37358002002558643
GradientBoosting,0.5988857938718662,0.5269607843137255,0.3773659033426473
GradientBoosting,0.5994397759103641,0.5245098039215687,0.3864300589525765
GradientBoosting,0.6028169014084507,0.5245098039215687,0.3877702096455271
GradientBoosting,0.6197604790419161,0.5073529411764706,0.39208226686734515
GradientBoosting,0.6186186186186187,0.5049019607843137,0.3933220087747138
GradientBoosting,0.6204819277108434,0.5049019607843137,0.39737684989904476
GradientBoosting,0.6200607902735562,0.5,0.4033740976355201
GradientBoosting,0.6219512195121951,0.5,0.4051571016132546
GradientBoosting,0.6273291925465838,0.4950980392156863,0.4727474135660099
GradientBoosting,0.6292834890965732,0.4950980392156863,0.4767385193098675
GradientBoosting,0.6496598639455783,0.4681372549019608,0.47686169134059564
GradientBoosting,0.6518771331058021,0.4681372549019608,0.48079922024726823
GradientBoosting,0.6579925650557621,0.4338235294117647,0.481262215064642
GradientBoosting,0.660377358490566,0.42892156862745096,0.4852939477030092
GradientBoosting,0.6641221374045801,0.4264705882352941,0.4853257094739133
GradientBoosting,0.6615384615384615,0.4215686274509804,0.4893593700371344
GradientBoosting,0.6627906976744186,0.41911764705882354,0.4930393876769084
GradientBoosting,0.6653696498054474,0.41911764705882354,0.49488997518993977
GradientBoosting,0.6653543307086615,0.41421568627450983,0.49710702859662076
GradientBoosting,0.6626984126984127,0.40931372549019607,0.49895785712013513
GradientBoosting,0.6613545816733067,0.4068627450980392,0.513478173475873
GradientBoosting,0.66,0.40441176470588236,0.5229545629115232
GradientBoosting,0.6586345381526104,0.4019607843137255,0.5359400740657547
GradientBoosting,0.6639676113360324,0.4019607843137255,0.5460422666575696
GradientBoosting,0.6652719665271967,0.3897058823529412,0.5505785834500134
GradientBoosting,0.6680672268907563,0.3897058823529412,0.551671618986092
GradientBoosting,0.6681222707423581,0.375,0.552409809249316
GradientBoosting,0.6696035242290749,0.37254901960784315,0.5534236476911636
GradientBoosting,0.672566371681416,0.37254901960784315,0.5547926451073935
GradientBoosting,0.6711711711711712,0.36519607843137253,0.5552526451849513
GradientBoosting,0.6757990867579908,0.3627450980392157,0.5571764198615355
GradientBoosting,0.6842105263157895,0.35049019607843135,0.5578882004757649
GradientBoosting,0.6811594202898551,0.34558823529411764,0.5592653796467292
GradientBoosting,0.695,0.34068627450980393,0.5616441282505206
GradientBoosting,0.7091836734693877,0.34068627450980393,0.5651786732988879
GradientBoosting,0.7076923076923077,0.3382352941176471,0.5671371902644465
GradientBoosting,0.7142857142857143,0.33088235294117646,0.5671956251755711
GradientBoosting,0.7127659574468085,0.3284313725490196,0.5685183768701363
GradientBoosting,0.7243243243243244,0.3284313725490196,0.5688984641955294
GradientBoosting,0.7197802197802198,0.32107843137254904,0.5699817433616065
GradientBoosting,0.7222222222222222,0.31862745098039214,0.5703335496718409
GradientBoosting,0.7206703910614525,0.3161764705882353,0.5707132454064743
GradientBoosting,0.7272727272727273,0.3137254901960784,0.5753185881907555
GradientBoosting,0.7294117647058823,0.30392156862745096,0.5763977471049623
GradientBoosting,0.7610062893081762,0.2965686274509804,0.5769974391469901
GradientBoosting,0.7579617834394905,0.2916666666666667,0.5771264322647908
GradientBoosting,0.7793103448275862,0.2769607843137255,0.5778649574634813
GradientBoosting,0.8014705882352942,0.26715686274509803,0.5806911349135971
GradientBoosting,0.8064516129032258,0.24509803921568626,0.5814154053405116
GradientBoosting,0.8130081300813008,0.24509803921568626,0.5826638806268231
GradientBoosting,0.8114754098360656,0.2426470588235294,0.5865310500250063
GradientBoosting,0.8151260504201681,0.23774509803921567,0.5870631130569653
GradientBoosting,0.8105263157894737,0.18872549019607843,0.5893404396175049
GradientBoosting,0.8279569892473119,0.18872549019607843,0.5916892334315961
GradientBoosting,0.8461538461538461,0.18872549019607843,0.5926544539427061
GradientBoosting,0.8539325842696629,0.18627450980392157,0.5944405225266539
GradientBoosting,0.8522727272727273,0.18382352941176472,0.5956724982445158
GradientBoosting,0.8783783783783784,0.15931372549019607,0.5999084225691824
GradientBoosting,0.8732394366197183,0.15196078431372548,0.604249342114606
GradientBoosting,0.8823529411764706,0.14705882352941177,0.6127367779467989
GradientBoosting,0.8787878787878788,0.14215686274509803,0.6168589166354653
GradientBoosting,0.8923076923076924,0.14215686274509803,0.6347316941836195
GradientBoosting,0.890625,0.13970588235294118,0.6567310491399352
GradientBoosting,0.9047619047619048,0.13970588235294118,0.6638900431986181
GradientBoosting,0.9193548387096774,0.13970588235294118,0.6659116954164054
GradientBoosting,0.9344262295081968,0.13970588235294118,0.6695248753475558
GradientBoosting,0.95,0.13970588235294118,0.6697145159261547
GradientBoosting,0.9491525423728814,0.13725490196078433,0.6743941869892756
GradientBoosting,0.9482758620689655,0.13480392156862744,0.678750227497314
GradientBoosting,0.9473684210526315,0.1323529411764706,0.7096499849543767
GradientBoosting,0.9636363636363636,0.12990196078431374,0.710107540867527
GradientBoosting,0.9814814814814815,0.12990196078431374,0.723465106235963
GradientBoosting,0.9803921568627451,0.12254901960784313,0.7316813817618164
GradientBoosting,0.98,0.12009803921568628,0.7319376732329435
GradientBoosting,0.9795918367346939,0.11764705882352941,0.7346415274811172
GradientBoosting,0.9787234042553191,0.11274509803921569,0.7474706939515192
GradientBoosting,0.9767441860465116,0.10294117647058823,0.7861365822293405
GradientBoosting,0.9761904761904762,0.10049019607843138,0.7895435849014311
GradientBoosting,1.0,0.09558823529411764,0.8136297121452487
GradientBoosting,1.0,0.09313725490196079,0.8487605624722084
GradientBoosting,1.0,0.09068627450980392,0.8758022930877218
GradientBoosting,1.0,0.0857843137254902,0.8773464197593048
GradientBoosting,1.0,0.08333333333333333,0.8785189265226265
GradientBoosting,1.0,0.08088235294117647,0.8800782492645751
GradientBoosting,1.0,0.0784313725490196,0.8808719229673637
GradientBoosting,1.0,0.07598039215686274,0.8809270530383739
GradientBoosting,1.0,0.07107843137254902,0.8811848130755473
GradientBoosting,1.0,0.0661764705882353,0.881254284687436
GradientBoosting,1.0,0.06372549019607843,0.8821868327927943
GradientBoosting,1.0,0.061274509803921566,0.8824967299801594
GradientBoosting,1.0,0.058823529411764705,0.8828947025485425
GradientBoosting,1.0,0.056372549019607844,0.8835259276619369
GradientBoosting,1.0,0.051470588235294115,0.8836445518659753
GradientBoosting,1.0,0.04656862745098039,0.8846229995992391
GradientBoosting,1.0,0.03676470588235294,0.8850839016116797
GradientBoosting,1.0,0.03431372549019608,0.8872775848098939
GradientBoosting,1.0,0.031862745098039214,0.8884557181136487
GradientBoosting,1.0,0.029411764705882353,0.8917172491020836
GradientBoosting,1.0,0.02696078431372549,0.8947871330121737
GradientBoosting,1.0,0.024509803921568627,0.8971246275686944
GradientBoosting,1.0,0.022058823529411766,0.8975914376381283
GradientBoosting,1.0,0.0196078431372549,0.8976783615844257
GradientBoosting,1.0,0.01715686274509804,0.9000869334563155
GradientBoosting,1.0,0.014705882352941176,0.9006950490220381
GradientBoosting,1.0,0.00980392156862745,0.9008225420217513
GradientBoosting,1.0,0.007352941176470588,0.9023435789130573
GradientBoosting,1.0,0.004901960784313725,0.9085767109596826
GradientBoosting,1.0,0.0024509803921568627,0.9151494904588271
HistGradientBoosting,0.204,1.0,0.030519794072434003
HistGradientBoosting,0.2049221496735309,1.0,0.031230295936164693
HistGradientBoosting,0.20554156171284635,1.0,0.03151131436090598
HistGradientBoosting,0.20606060606060606,1.0,0.03312419657544702
HistGradientBoosting,0.20626895854398383,1.0,0.034549603376767886
HistGradientBoosting,0.20689655172413793,1.0,0.03500794380760607
HistGradientBoosting,0.2070015220700152,1.0,0.03557166433336816
HistGradientBoosting,0.21172807472755578,1.0,0.03563481492924291
HistGradientBoosting,0.2122002085505735,0.9975490196078431,0.035667226677558006
HistGradientBoosting,0.21376050420168066,0.9975490196078431,0.03585464797522047
HistGradientBoosting,0.21512247071352503,0.9901960784313726,0.03676421474432284
HistGradientBoosting,0.21581196581196582,0.9901960784313726,0.036954304097951154
HistGradientBoosting,0.2165058949624866,0.9901960784313726,0.03701223646534726
HistGradientBoosting,0.2167381974248927,0.9901960784313726,0.03706554185358543
HistGradientBoosting,0.21778975741239892,0.9901960784313726,0.03710495603082352
HistGradientBoosting,0.21795565170362358,0.9877450980392157,0.03754814666475719
HistGradientBoosting,0.22776203966005665,0.9852941176470589,0.03760002552700708
HistGradientBoosting,0.22857142857142856,0.9803921568627451,0.038203832973990395
HistGradientBoosting,0.23693586698337293,0.9779411764705882,0.0384007100614016
HistGradientBoosting,0.23721759809750298,0.9779411764705882,0.03898020591789809
HistGradientBoosting,0.2393521295740852,0.9779411764705882,0.039065519614136214
HistGradientBoosting,0.24123337363966144,0.9779411764705882,0.039746608859923684
HistGradientBoosting,0.2419648271679806,0.9779411764705882,0.042573788349377154
HistGradientBoosting,0.2421116504854369,0.9779411764705882,0.04280980974837066
HistGradientBoosting,0.24225865209471767,0.9779411764705882,0.0451024942376166
HistGradientBoosting,0.24372320881812615,0.9754901960784313,0.04582104536730951
HistGradientBoosting,0.24751243781094528,0.9754901960784313,0.04630234633024209
HistGradientBoosting,0.24875,0.9754901960784313,0.04753138634263006
HistGradientBoosting,0.2489055659787367,0.9754901960784313,0.048655551835217296
HistGradientBoosting,0.2495297805642633,0.9754901960784313,0.05231819899502848
HistGradientBoosting,0.2549903412749517,0.9705882352941176,0.05275641950179308
HistGradientBoosting,0.2559793148028442,0.9705882352941176,0.05275912894637102
HistGradientBoosting,0.2566429034348671,0.9705882352941176,0.05778481033690598
HistGradientBoosting,0.2571428571428571,0.9705882352941176,0.058100041623297446
HistGradientBoosting,0.2573099415204678,0.9705882352941176,0.060614875843951595
HistGradientBoosting,0.2574772431729519,0.9705882352941176,0.061153616046898576
HistGradientBoosting,0.2672590567327409,0.9583333333333334,0.06132519803096551
HistGradientBoosting,0.26744186046511625,0.9583333333333334,0.06166102735002439
HistGradientBoosting,0.26872852233676975,0.9583333333333334,0.061789445313756554
HistGradientBoosting,0.2689133425034388,0.9583333333333334,0.06466014148739245
HistGradientBoosting,0.2692837465564738,0.9583333333333334,0.06682908131255062
HistGradientBoosting,0.2696551724137931,0.9583333333333334,0.06715650028479041
HistGradientBoosting,0.27021423635107117,0.9583333333333334,0.06952068025213885
HistGradientBoosting,0.2745930644019816,0.9509803921568627,0.070092332719305
HistGradientBoosting,0.2749822820694543,0.9509803921568627,0.07180699294477765
HistGradientBoosting,0.2753726046841732,0.9509803921568627,0.07726043571413461
HistGradientBoosting,0.2757640369580668,0.9509803921568627,0.07829076963572805
HistGradientBoosting,0.2769450392576731,0.9509803921568627,0.0783829104208249
HistGradientBoosting,0.28476331360946744,0.9436274509803921,0.07902124627292438
HistGradientBoosting,0.2859270290394639,0.9411764705882353,0.0797494703862139
HistGradientBoosting,0.28635346756152125,0.9411764705882353,0.08707421012224094
HistGradientBoosting,0.2865671641791045,0.9411764705882353,0.08713645959612747
HistGradientBoosting,0.2874251497005988,0.9411764705882353,0.08762555960631178
HistGradientBoosting,0.28785607196401797,0.9411764705882353,0.08878082180951834
HistGradientBoosting,0.2873218304576144,0.9387254901960784,0.08972124714947857
HistGradientBoosting,0.2898550724637681,0.9313725490196079,0.09034739889828401
HistGradientBoosting,0.2902979373567609,0.9313725490196079,0.09173979403974353
HistGradientBoosting,0.29141104294478526,0.9313725490196079,0.09503238222112967
HistGradientBoosting,0.2920830130668716,0.9313725490196079,0.09618662143803158
HistGradientBoosting,0.2925327174749808,0.9313725490196079,0.09721478449696168
HistGradientBoosting,0.29275808936825887,0.9313725490196079,0.09723494618694077
HistGradientBoosting,0.2928902627511592,0.928921568627451,0.09804978009074312
HistGradientBoosting,0.29508196721311475,0.9264705882352942,0.0998348319256785
HistGradientBoosting,0.29545454545454547,0.9240196078431373,0.10270720911358279
HistGradientBoosting,0.29568627450980395,0.9240196078431373,0.10315987254147103
HistGradientBoosting,0.29591836734693877,0.9240196078431373,0.10896825351137442
HistGradientBoosting,0.29615082482325217,0.9240196078431373,0.11036802871641015
HistGradientBoosting,0.29638364779874216,0.9240196078431373,0.11101592134480824
HistGradientBoosting,0.2970843183609141,0.9240196078431373,0.11188420629804889
HistGradientBoosting,0.3004807692307692,0.9191176470588235,0.11211158624172882
HistGradientBoosting,0.30096308186195825,0.9191176470588235,0.11268773923740505
HistGradientBoosting,0.29983922829581994,0.9142156862745098,0.11415601398764287
HistGradientBoosting,0.3003220611916264,0.9142156862745098,0.11504568013125263
HistGradientBoosting,0.3008064516129032,0.9142156862745098,0.11782733681461867
HistGradientBoosting,0.30692243536280234,0.9019607843137255,0.11868416209245004
HistGradientBoosting,0.31175468483816016,0.8970588235294118,0.11942531158894037
HistGradientBoosting,0.31202046035805625,0.8970588235294118,0.1197761940805945
HistGradientBoosting,0.3130360205831904,0.8946078431372549,0.12003396930898863
HistGradientBoosting,0.3133047210300429,0.8946078431372549,0.12102988809413687
HistGradientBoosting,0.31624674196351,0.8921568627450981,0.12112883843609162
HistGradientBoosting,0.3181818181818182,0.8921568627450981,0.12138553134520191
HistGradientBoosting,0.318739054290718,0.8921568627450981,0.12174497791769165
HistGradientBoosting,0.31946902654867254,0.8848039215686274,0.12179837896039819
HistGradientBoosting,0.322841726618705,0.8799019607843137,0.12245601092466707
HistGradientBoosting,0.3230769230769231,0.875,0.12272078985641079
HistGradientBoosting,0.323956442831216,0.875,0.12343758145518283
HistGradientBoosting,0.3242506811989101,0.875,0.12438942554096151
HistGradientBoosting,0.3248175182481752,0.8725490196078431,0.12454380016015866
HistGradientBoosting,0.3250915750915751,0.8700980392156863,0.12493014374521147
HistGradientBoosting,0.3302325581395349,0.8700980392156863,0.12510019923439392
HistGradientBoosting,0.33084808946877914,0.8700980392156863,0.12527669242125944
HistGradientBoosting,0.33115671641791045,0.8700980392156863,0.12589184421061
HistGradientBoosting,0.355464759959142,0.8529411764705882,0.12609137064192827
HistGradientBoosting,0.3558282208588957,0.8529411764705882,0.12634125627054238
HistGradientBoosting,0.3569230769230769,0.8529411764705882,0.12646553374070968
HistGradientBoosting,0.35728952772073924,0.8529411764705882,0.12780586619097178
HistGradientBoosting,0.3591331269349845,0.8529411764705882,0.12793389227064483
HistGradientBoosting,0.359504132231405,0.8529411764705882,0.12826018017305016
HistGradientBoosting,0.3606217616580311,0.8529411764705882,0.13023733174075589
HistGradientBoosting,0.3618352450469239,0.8504901960784313,0.13160550240868862
HistGradientBoosting,0.36163522012578614,0.8455882352941176,0.13208962398578963
HistGradientBoosting,0.3813847900113507,0.8235294117647058,0.13866430661285756
HistGradientBoosting,0.3822525597269625,0.8235294117647058,0.1493367130448707
HistGradientBoosting,0.3826879271070615,0.8235294117647058,0.15532548108379476
HistGradientBoosting,0.3831242873432155,0.8235294117647058,0.15620719125595195
HistGradientBoosting,0.384,0.8235294117647058,0.1566486733144036
HistGradientBoosting,0.3975,0.7794117647058824,0.1578152474306846
HistGradientBoosting,0.3989962358845671,0.7794117647058824,0.16515238647194505
HistGradientBoosting,0.39974779319041615,0.7769607843137255,0.168433529298733
HistGradientBoosting,0.40433673469387754,0.7769607843137255,0.1692439544366548
HistGradientBoosting,0.4087968952134541,0.7745098039215687,0.17234719398651951
HistGradientBoosting,0.41092327698309494,0.7745098039215687,0.1738807690355687
HistGradientBoosting,0.412303664921466,0.7720588235294118,0.17710804635069108
HistGradientBoosting,0.41284403669724773,0.7720588235294118,0.17719242385702685
HistGradientBoosting,0.4150197628458498,0.7720588235294118,0.17735387642977946
HistGradientBoosting,0.4155672823218997,0.7720588235294118,0.18287129901896415
HistGradientBoosting,0.44847605224963716,0.7573529411764706,0.1841905048014211
HistGradientBoosting,0.4472140762463343,0.7475490196078431,0.19214571885051837
HistGradientBoosting,0.447870778267254,0.7475490196078431,0.19498319806977932
HistGradientBoosting,0.4460856720827179,0.7401960784313726,0.1974670535997374
HistGradientBoosting,0.4467455621301775,0.7401960784313726,0.20057272796286368
HistGradientBoosting,0.4507462686567164,0.7401960784313726,0.20363597565680458
HistGradientBoosting,0.45209580838323354,0.7401960784313726,0.20574348738590917
HistGradientBoosting,0.45045045045045046,0.7352941176470589,0.21286558417075185
HistGradientBoosting,0.45098039215686275,0.7328431372549019,0.21377689735571212
HistGradientBoosting,0.45151515151515154,0.7303921568627451,0.21387733419290067
HistGradientBoosting,0.45288753799392095,0.7303921568627451,0.2175544474930405
HistGradientBoosting,0.4535768645357686,0.7303921568627451,0.21838334776252138
HistGradientBoosting,0.4534351145038168,0.7279411764705882,0.21846698494156683
HistGradientBoosting,0.4541284403669725,0.7279411764705882,0.22186143634498148
HistGradientBoosting,0.45692307692307693,0.7279411764705882,0.2223077563941021
HistGradientBoosting,0.4574961360123648,0.7254901960784313,0.2223283102960616
HistGradientBoosting,0.4669887278582931,0.7107843137254902,0.2238541760749483
HistGradientBoosting,0.46601941747572817,0.7058823529411765,0.2250265607878141
HistGradientBoosting,0.46798029556650245,0.6985294117647058,0.22576368990040685
HistGradientBoosting,0.46864686468646866,0.696078431372549,0.226035269559348
HistGradientBoosting,0.46942148760330576,0.696078431372549,0.22881129313588508
HistGradientBoosting,0.4724540901502504,0.6936274509803921,0.23218533364245042
HistGradientBoosting,0.47324414715719065,0.6936274509803921,0.2325772464749479
HistGradientBoosting,0.47863247863247865,0.6862745098039216,0.23279921484684493
HistGradientBoosting,0.4794520547945205,0.6862745098039216,0.2328844838235928
HistGradientBoosting,0.4827586206896552,0.6862745098039216,0.23475514294569821
HistGradientBoosting,0.48186528497409326,0.6838235294117647,0.2372214695461104
HistGradientBoosting,0.48180242634315423,0.6813725490196079,0.23976512027965252
HistGradientBoosting,0.4826388888888889,0.6813725490196079,0.2405163699559048
HistGradientBoosting,0.4851138353765324,0.678921568627451,0.24132416471025298
HistGradientBoosting,0.4850615114235501,0.6764705882352942,0.2415097399796814
HistGradientBoosting,0.4876325088339223,0.6764705882352942,0.24271459890577549
HistGradientBoosting,0.48849557522123893,0.6764705882352942,0.2429804404807534
HistGradientBoosting,0.48936170212765956,0.6764705882352942,0.24363274023038278
HistGradientBoosting,0.4918918918918919,0.6691176470588235,0.24629243968011086
HistGradientBoosting,0.4936708860759494,0.6691176470588235,0.2466174129498738
HistGradientBoosting,0.4945652173913043,0.6691176470588235,0.24754427374118465
HistGradientBoosting,0.4954627949183303,0.6691176470588235,0.24779598005875522
HistGradientBoosting,0.5018450184501845,0.6666666666666666,0.25060878447065155
HistGradientBoosting,0.5460251046025104,0.6397058823529411,0.2522657817152065
HistGradientBoosting,0.5477707006369427,0.6323529411764706,0.25454444972801693
HistGradientBoosting,0.5481798715203426,0.6274509803921569,0.2558444858598861
HistGradientBoosting,0.550755939524838,0.625,0.2566488729249836
HistGradientBoosting,0.5497835497835498,0.6225490196078431,0.2568797509231681
HistGradientBoosting,0.5584988962472406,0.6200980392156863,0.26448649655247297
HistGradientBoosting,0.5597345132743363,0.6200980392156863,0.26636524097454656
HistGradientBoosting,0.5587583148558758,0.6176470588235294,0.2678207210949259
HistGradientBoosting,0.5640449438202247,0.6151960784313726,0.2704482232393609
HistGradientBoosting,0.5653153153153153,0.6151960784313726,0.27046332702338505
HistGradientBoosting,0.5656108597285068,0.6127450980392157,0.27097337213057837
HistGradientBoosting,0.5659090909090909,0.6102941176470589,0.2726789831902671
HistGradientBoosting,0.5711009174311926,0.6102941176470589,0.27292439060001283
HistGradientBoosting,0.5724137931034483,0.6102941176470589,0.2735629835912272
HistGradientBoosting,0.5721153846153846,0.5833333333333334,0.2750844189195685
HistGradientBoosting,0.576271186440678,0.5833333333333334,0.27845238374597303
HistGradientBoosting,0.5753086419753086,0.571078431372549,0.2794422056697727
HistGradientBoosting,0.5810473815461347,0.571078431372549,0.2803900783948052
HistGradientBoosting,0.5825,0.571078431372549,0.28370972615860257
HistGradientBoosting,0.5843828715365239,0.5686274509803921,0.28665153693026457
HistGradientBoosting,0.5833333333333334,0.5661764705882353,0.29745702864661494
HistGradientBoosting,0.5867346938775511,0.5637254901960784,0.3001340397996211
HistGradientBoosting,0.5871794871794872,0.5612745098039216,0.38424350919058115
HistGradientBoosting,0.6,0.5441176470588235,0.3844635279869131
HistGradientBoosting,0.6027777777777777,0.5318627450980392,0.38583111133560993
HistGradientBoosting,0.6160458452722063,0.5269607843137255,0.38798852806099576
HistGradientBoosting,0.6180758017492711,0.5196078431372549,0.39199134020243726
HistGradientBoosting,0.6176470588235294,0.5147058823529411,0.39359049239764493
HistGradientBoosting,0.616519174041298,0.5122549019607843,0.3949645434510574
HistGradientBoosting,0.6153846153846154,0.5098039215686274,0.39850679920821674
HistGradientBoosting,0.6172106824925816,0.5098039215686274,0.4120396332377482
HistGradientBoosting,0.6242424242424243,0.5049019607843137,0.4123177837034944
HistGradientBoosting,0.6280487804878049,0.5049019607843137,0.4147126141225919
HistGradientBoosting,0.6269113149847095,0.5024509803921569,0.417399542229101
HistGradientBoosting,0.6276923076923077,0.5,0.43500268455657026
HistGradientBoosting,0.6273291925465838,0.4950980392156863,0.4595192963526761
HistGradientBoosting,0.6449511400651465,0.4852941176470588,0.46095392825155235
HistGradientBoosting,0.6474576271186441,0.4681372549019608,0.4682934232628989
HistGradientBoosting,0.6503496503496503,0.45588235294117646,0.4690702345634063
HistGradientBoosting,0.6524822695035462,0.45098039215686275,0.4697316409211221
HistGradientBoosting,0.6554307116104869,0.42892156862745096,0.4752746472463186
HistGradientBoosting,0.6578947368421053,0.42892156862745096,0.4778654888649013
HistGradientBoosting,0.6553030303030303,0.42401960784313725,0.4781942454915393
HistGradientBoosting,0.6577946768060836,0.42401960784313725,0.4882090040291374
HistGradientBoosting,0.6602316602316602,0.41911764705882354,0.49540373234086643
HistGradientBoosting,0.6640625,0.4166666666666667,0.49702717335732144
HistGradientBoosting,0.6600790513833992,0.40931372549019607,0.5042238231145101
HistGradientBoosting,0.6613545816733067,0.4068627450980392,0.5412079735054399
HistGradientBoosting,0.6625514403292181,0.3946078431372549,0.543852921447888
HistGradientBoosting,0.6611570247933884,0.39215686274509803,0.5488906855651562
HistGradientBoosting,0.6609442060085837,0.37745098039215685,0.5530019394229831
HistGradientBoosting,0.6666666666666666,0.37745098039215685,0.5544464762272042
HistGradientBoosting,0.6769911504424779,0.375,0.5546942234317173
HistGradientBoosting,0.6755555555555556,0.37254901960784315,0.5550733751522522
HistGradientBoosting,0.6741071428571429,0.3700980392156863,0.5564141149975294
HistGradientBoosting,0.6756756756756757,0.36764705882352944,0.560757811788881
HistGradientBoosting,0.6787330316742082,0.36764705882352944,0.5619189955764089
HistGradientBoosting,0.6866359447004609,0.36519607843137253,0.5631156828709262
HistGradientBoosting,0.7,0.3602941176470588,0.5632362077706198
HistGradientBoosting,0.6985645933014354,0.35784313725490197,0.5639542059949371
HistGradientBoosting,0.7085427135678392,0.34558823529411764,0.5705620698621151
HistGradientBoosting,0.7070707070707071,0.3431372549019608,0.5823812495881098
HistGradientBoosting,0.7216494845360825,0.3431372549019608,0.5851173206525545
HistGradientBoosting,0.7202072538860104,0.34068627450980393,0.588698099779705
HistGradientBoosting,0.726775956284153,0.32598039215686275,0.5941261497247498
HistGradientBoosting,0.7398843930635838,0.3137254901960784,0.5967565205337702
HistGradientBoosting,0.7383720930232558,0.3112745098039216,0.6034004083423194
HistGradientBoosting,0.7368421052631579,0.3088235294117647,0.6043852308641763
HistGradientBoosting,0.7358490566037735,0.2867647058823529,0.6056829353830304
HistGradientBoosting,0.7483443708609272,0.2769607843137255,0.6084392397581612
HistGradientBoosting,0.7841726618705036,0.26715686274509803,0.612275306585157
HistGradientBoosting,0.7898550724637681,0.26715686274509803,0.6134574057840066
HistGradientBoosting,0.7956204379562044,0.26715686274509803,0.6137776839691766
HistGradientBoosting,0.8319327731092437,0.2426470588235294,0.6163450864845181
HistGradientBoosting,0.8305084745762712,0.24019607843137256,0.622248143894282
HistGradientBoosting,0.8495575221238938,0.23529411764705882,0.6237736548733005
HistGradientBoosting,0.8571428571428571,0.23529411764705882,0.6238545211363473
HistGradientBoosting,0.8613861386138614,0.21323529411764705,0.6251279736711258
HistGradientBoosting,0.8478260869565217,0.19117647058823528,0.6314789868906573
HistGradientBoosting,0.8409090909090909,0.18137254901960784,0.6315929906876003
HistGradientBoosting,0.8470588235294118,0.17647058823529413,0.641359995809286
HistGradientBoosting,0.88,0.16176470588235295,0.6417440579424168
HistGradientBoosting,0.8888888888888888,0.1568627450980392,0.6442333120955629
HistGradientBoosting,0.8840579710144928,0.14950980392156862,0.6515055241463038
HistGradientBoosting,0.8805970149253731,0.14460784313725492,0.6527374722865167
HistGradientBoosting,0.8939393939393939,0.14460784313725492,0.6684081353956592
HistGradientBoosting,0.890625,0.13970588235294118,0.7010870059402948
HistGradientBoosting,0.9310344827586207,0.1323529411764706,0.7141196029328617
HistGradientBoosting,0.9298245614035088,0.12990196078431374,0.7692025395240296
HistGradientBoosting,0.9433962264150944,0.12254901960784313,0.7707617546014395
HistGradientBoosting,0.9423076923076923,0.12009803921568628,0.7766019260100119
HistGradientBoosting,0.9347826086956522,0.1053921568627451,0.784982812157427
HistGradientBoosting,0.9545454545454546,0.10294117647058823,0.7872416644512683
HistGradientBoosting,0.9767441860465116,0.10294117647058823,0.8002061704925504
HistGradientBoosting,0.9761904761904762,0.10049019607843138,0.8338710933167983
HistGradientBoosting,1.0,0.09558823529411764,0.8570578246529427
HistGradientBoosting,1.0,0.09313725490196079,0.8943519901499226
HistGradientBoosting,1.0,0.09068627450980392,0.9087279701982381
HistGradientBoosting,1.0,0.08333333333333333,0.910755369561099
HistGradientBoosting,1.0,0.07598039215686274,0.9191554979324907
HistGradientBoosting,1.0,0.07352941176470588,0.9213384901241667
HistGradientBoosting,1.0,0.06862745098039216,0.9240879540933938
HistGradientBoosting,1.0,0.0661764705882353,0.9245392709532164
HistGradientBoosting,1.0,0.06372549019607843,0.9262682146968325
HistGradientBoosting,1.0,0.061274509803921566,0.9276905710426837
HistGradientBoosting,1.0,0.058823529411764705,0.9293775379592314
HistGradientBoosting,1.0,0.056372549019607844,0.9307478615362039
HistGradientBoosting,1.0,0.05392156862745098,0.9321818256124101
HistGradientBoosting,1.0,0.049019607843137254,0.9339150004633395
HistGradientBoosting,1.0,0.0392156862745098,0.9342493676772611
HistGradientBoosting,1.0,0.02696078431372549,0.939370018634483
HistGradientBoosting,1.0,0.024509803921568627,0.9401306640251693
HistGradientBoosting,1.0,0.0196078431372549,0.9660114795356619
HistGradientBoosting,1.0,0.01715686274509804,0.9798071175978899
HistGradientBoosting,1.0,0.014705882352941176,0.9809654568808663
HistGradientBoosting,1.0,0.00980392156862745,0.981000038208855
HistGradientBoosting,1.0,0.004901960784313725,0.9813199581823769
HistGradientBoosting,1.0,0.0024509803921568627,0.9823602982916225
HistGradientBoosting+sigmoid,0.204,1.0,0.025003921035311464
HistGradientBoosting+sigmoid,0.20410205102551277,1.0,0.025258047328976876
HistGradientBoosting+sigmoid,0.2042042042042042,1.0,0.02598323744315269
HistGradientBoosting+sigmoid,0.20430645968953431,1.0,0.026340142472253747
HistGradientBoosting+sigmoid,0.2046138415245737,1.0,0.02672357997723396
HistGradientBoosting+sigmoid,0.20471650777722028,1.0,0.02720430030575131
HistGradientBoosting+sigmoid,0.2049221496735309,1.0,0.02761979042407799
HistGradientBoosting+sigmoid,0.2050251256281407,1.0,0.02828857211699624
HistGradientBoosting+sigmoid,0.20512820512820512,1.0,0.028437957805819026
HistGradientBoosting+sigmoid,0.20472837022132798,0.9975490196078431,0.02853857979260754
HistGradientBoosting+sigmoid,0.20493454179254783,0.9975490196078431,0.02888454532678615
HistGradientBoosting+sigmoid,0.20503778337531486,0.9975490196078431,0.02936086803377155
HistGradientBoosting+sigmoid,0.20555555555555555,0.9975490196078431,0.03003979421221827
HistGradientBoosting+sigmoid,0.20586747597369753,0.9975490196078431,0.03083643106867651
HistGradientBoosting+sigmoid,0.20607594936708862,0.9975490196078431,0.0310241872593965
HistGradientBoosting+sigmoid,0.20628484541307654,0.9975490196078431,0.0311949603247073
HistGradientBoosting+sigmoid,0.20712468193384223,0.9975490196078431,0.03155972467782036
HistGradientBoosting+sigmoid,0.20723014256619143,0.9975490196078431,0.03170463660836246
HistGradientBoosting+sigmoid,0.2074413863404689,0.9975490196078431,0.03184007717390741
HistGradientBoosting+sigmoid,0.2077590607452782,0.9975490196078431,0.03193023697855811
HistGradientBoosting+sigmoid,0.20786516853932585,0.9975490196078431,0.03198647826499696
HistGradientBoosting+sigmoid,0.20797138477261115,0.9975490196078431,0.0320202661331262
HistGradientBoosting+sigmoid,0.2081841432225064,0.9975490196078431,0.03208585412398902
HistGradientBoosting+sigmoid,0.20850409836065573,0.9975490196078431,0.032136884620708205
HistGradientBoosting+sigmoid,0.20882503848127246,0.9975490196078431,0.03221008055578466
HistGradientBoosting+sigmoid,0.20936213991769548,0.9975490196078431,0.03229451520250378
HistGradientBoosting+sigmoid,0.20957775489186406,0.9975490196078431,0.032324844736221874
HistGradientBoosting+sigmoid,0.20990201134605466,0.9975490196078431,0.032351445182729255
HistGradientBoosting+sigmoid,0.2101187403200826,0.9975490196078431,0.032425603359025064
HistGradientBoosting+sigmoid,0.21055354371443352,0.9975490196078431,0.03245570446998055
HistGradientBoosting+sigmoid,0.21109958506224066,0.9975490196078431,0.032706203201492215
HistGradientBoosting+sigmoid,0.21038961038961038,0.9926470588235294,0.0329418081198102
HistGradientBoosting+sigmoid,0.21060842433697347,0.9926470588235294,0.03298026246774938
HistGradientBoosting+sigmoid,0.21071800208116545,0.9926470588235294,0.03301293539765487
HistGradientBoosting+sigmoid,0.21041666666666667,0.9901960784313726,0.0331216933198189
HistGradientBoosting+sigmoid,0.21052631578947367,0.9901960784313726,0.03312616438716901
HistGradientBoosting+sigmoid,0.21063607924921793,0.9901960784313726,0.033245734436655835
HistGradientBoosting+sigmoid,0.21118661787767903,0.9901960784313726,0.03326136480614042
HistGradientBoosting+sigmoid,0.21285563751317177,0.9901960784313726,0.033409343295041895
HistGradientBoosting+sigmoid,0.21341785525620707,0.9901960784313726,0.033442016091382386
HistGradientBoosting+sigmoid,0.21311475409836064,0.9877450980392157,0.03351349146622442
HistGradientBoosting+sigmoid,0.21322751322751324,0.9877450980392157,0.03355260141091417
HistGradientBoosting+sigmoid,0.21356650768415475,0.9877450980392157,0.0335630322969895
HistGradientBoosting+sigmoid,0.21390658174097665,0.9877450980392157,0.033637890262085544
HistGradientBoosting+sigmoid,0.21458998935037274,0.9877450980392157,0.03369171223135597
HistGradientBoosting+sigmoid,0.21470431539690996,0.9877450980392157,0.03375654168595593
HistGradientBoosting+sigmoid,0.2152777777777778,0.9877450980392157,0.033989523467300914
HistGradientBoosting+sigmoid,0.2153928380545163,0.9877450980392157,0.03404229868491377
HistGradientBoosting+sigmoid,0.21573875802997858,0.9877450980392157,0.03416047878740855
HistGradientBoosting+sigmoid,0.2158543117300482,0.9877450980392157,0.034233550164243114
HistGradientBoosting+sigmoid,0.21655024180548094,0.9877450980392157,0.034365193858633646
HistGradientBoosting+sigmoid,0.21689989235737353,0.9877450980392157,0.034369672211515205
HistGradientBoosting+sigmoid,0.21736785329018338,0.9877450980392157,0.03443504665158727
HistGradientBoosting+sigmoid,0.2176025917926566,0.9877450980392157,0.034485665055916145
HistGradientBoosting+sigmoid,0.21807359307359309,0.9877450980392157,0.034502104781054165
HistGradientBoosting+sigmoid,0.21866521975040695,0.9877450980392157,0.03454549180488611
HistGradientBoosting+sigmoid,0.2190217391304348,0.9877450980392157,0.03457620890304378
HistGradientBoosting+sigmoid,0.21961852861035422,0.9877450980392157,0.03466467958574317
HistGradientBoosting+sigmoid,0.21955215729109775,0.9852941176470589,0.0346895916022202
HistGradientBoosting+sigmoid,0.21991247264770242,0.9852941176470589,0.03474501895408886
HistGradientBoosting+sigmoid,0.22015334063526834,0.9852941176470589,0.03479161924183711
HistGradientBoosting+sigmoid,0.22051563357103676,0.9852941176470589,0.034798082171933246
HistGradientBoosting+sigmoid,0.22063666300768386,0.9852941176470589,0.034893784833558913
HistGradientBoosting+sigmoid,0.22112211221122113,0.9852941176470589,0.03489555010359905
HistGradientBoosting+sigmoid,0.22185430463576158,0.9852941176470589,0.03490913315512755
HistGradientBoosting+sigmoid,0.22209944751381216,0.9852941176470589,0.034935103072363284
HistGradientBoosting+sigmoid,0.2222222222222222,0.9852941176470589,0.03493715626463408
HistGradientBoosting+sigmoid,0.22246817930271168,0.9852941176470589,0.03497506931205363
HistGradientBoosting+sigmoid,0.2227146814404432,0.9852941176470589,0.035035241276263694
HistGradientBoosting+sigmoid,0.22283813747228381,0.9852941176470589,0.03506472017975378
HistGradientBoosting+sigmoid,0.22345747637576432,0.9852941176470589,0.035123167833052936
HistGradientBoosting+sigmoid,0.2245810055865922,0.9852941176470589,0.035170880463260334
HistGradientBoosting+sigmoid,0.22540753232152894,0.9828431372549019,0.035337300320604274
HistGradientBoosting+sigmoid,0.2259154929577465,0.9828431372549019,0.035443357142151244
HistGradientBoosting+sigmoid,0.22719546742209631,0.9828431372549019,0.035497990101301995
HistGradientBoosting+sigmoid,0.22732426303854875,0.9828431372549019,0.03558661402165747
HistGradientBoosting+sigmoid,0.22797043774872086,0.9828431372549019,0.03566010407604743
HistGradientBoosting+sigmoid,0.2284900284900285,0.9828431372549019,0.03574811411845083
HistGradientBoosting+sigmoid,0.22953634802518602,0.9828431372549019,0.03590778244403981
HistGradientBoosting+sigmoid,0.23019517795637198,0.9828431372549019,0.036181534093024346
HistGradientBoosting+sigmoid,0.23001725129384704,0.9803921568627451,0.03628834342490845
HistGradientBoosting+sigmoid,0.23028209556706966,0.9803921568627451,0.036348663899005554
HistGradientBoosting+sigmoid,0.23094688221709006,0.9803921568627451,0.03652928324633988
HistGradientBoosting+sigmoid,0.23255813953488372,0.9803921568627451,0.036678788052279684
HistGradientBoosting+sigmoid,0.2347417840375587,0.9803921568627451,0.03673698164992828
HistGradientBoosting+sigmoid,0.23543260741612712,0.9803921568627451,0.03677223089227221
HistGradientBoosting+sigmoid,0.23557126030624265,0.9803921568627451,0.036856695544953265
HistGradientBoosting+sigmoid,0.23735871505056513,0.9779411764705882,0.03694450472414656
HistGradientBoosting+sigmoid,0.23792486583184258,0.9779411764705882,0.037236840338354234
HistGradientBoosting+sigmoid,0.23835125448028674,0.9779411764705882,0.03811031937060689
HistGradientBoosting+sigmoid,0.23863636363636365,0.9779411764705882,0.03811168133694524
HistGradientBoosting+sigmoid,0.2390653085680048,0.9779411764705882,0.03819891762287355
HistGradientBoosting+sigmoid,0.2393521295740852,0.9779411764705882,0.03828854013573844
HistGradientBoosting+sigmoid,0.23963963963963963,0.9779411764705882,0.038653218699072074
HistGradientBoosting+sigmoid,0.24007220216606498,0.9779411764705882,0.0387940137587786
HistGradientBoosting+sigmoid,0.24021673690547862,0.9779411764705882,0.03881446877057324
HistGradientBoosting+sigmoid,0.24065138721351026,0.9779411764705882,0.039913295451458615
HistGradientBoosting+sigmoid,0.24108761329305137,0.9779411764705882,0.04013588612756714
HistGradientBoosting+sigmoid,0.2421116504854369,0.9779411764705882,0.04190400681892775
HistGradientBoosting+sigmoid,0.24477244772447723,0.9754901960784313,0.04226102560957501
HistGradientBoosting+sigmoid,0.2449230769230769,0.9754901960784313,0.0422704427637235
HistGradientBoosting+sigmoid,0.2452248921749846,0.9754901960784313,0.04311247968749532
HistGradientBoosting+sigmoid,0.24537607891491986,0.9754901960784313,0.043309867667513324
HistGradientBoosting+sigmoid,0.24628712871287128,0.9754901960784313,0.04350667926359783
HistGradientBoosting+sigmoid,0.24720496894409938,0.9754901960784313,0.0447282084783945
HistGradientBoosting+sigmoid,0.24751243781094528,0.9754901960784313,0.04499412463202295
HistGradientBoosting+sigmoid,0.24797507788161993,0.9754901960784313,0.045600396352635304
HistGradientBoosting+sigmoid,0.24812967581047382,0.9754901960784313,0.045802191552486764
HistGradientBoosting+sigmoid,0.2489055659787367,0.9754901960784313,0.04642400183884788
HistGradientBoosting+sigmoid,0.2490613266583229,0.9754901960784313,0.046756268062713484
HistGradientBoosting+sigmoid,0.25126262626262624,0.9754901960784313,0.046904454338927835
HistGradientBoosting+sigmoid,0.25173940543959517,0.9754901960784313,0.047152457215385996
HistGradientBoosting+sigmoid,0.2522179974651457,0.9754901960784313,0.04719191617390667
HistGradientBoosting+sigmoid,0.25285895806861497,0.9754901960784313,0.047600288187393286
HistGradientBoosting+sigmoid,0.2530197075651621,0.9754901960784313,0.04815018744342672
HistGradientBoosting+sigmoid,0.2530274059910771,0.9730392156862745,0.04834757542344472
HistGradientBoosting+sigmoid,0.25351213282247764,0.9730392156862745,0.04857549374098752
HistGradientBoosting+sigmoid,0.25465041693393203,0.9730392156862745,0.049098654186057765
HistGradientBoosting+sigmoid,0.2558139534883721,0.9705882352941176,0.04914891721515041
HistGradientBoosting+sigmoid,0.2559793148028442,0.9705882352941176,0.05005409352115021
HistGradientBoosting+sigmoid,0.25697598961713175,0.9705882352941176,0.057219215074014416
HistGradientBoosting+sigmoid,0.25764476252439816,0.9705882352941176,0.05749903209249039
HistGradientBoosting+sigmoid,0.26003949967083606,0.9681372549019608,0.057501104235142354
HistGradientBoosting+sigmoid,0.2608982826948481,0.9681372549019608,0.057543885755195236
HistGradientBoosting+sigmoid,0.2609271523178808,0.9656862745098039,0.05775925710953004
HistGradientBoosting+sigmoid,0.2612732095490716,0.9656862745098039,0.05808439365528013
HistGradientBoosting+sigmoid,0.2621747831887925,0.9632352941176471,0.05855000646921782
HistGradientBoosting+sigmoid,0.2625250501002004,0.9632352941176471,0.058671554813614545
HistGradientBoosting+sigmoid,0.2654446707399864,0.9583333333333334,0.05894587706648078
HistGradientBoosting+sigmoid,0.26616746085772636,0.9583333333333334,0.05934246281724618
HistGradientBoosting+sigmoid,0.26671214188267395,0.9583333333333334,0.059659036128046426
HistGradientBoosting+sigmoid,0.2672590567327409,0.9583333333333334,0.06025574402808187
HistGradientBoosting+sigmoid,0.26744186046511625,0.9583333333333334,0.06099448483851891
HistGradientBoosting+sigmoid,0.2681755829903978,0.9583333333333334,0.06122559122007753
HistGradientBoosting+sigmoid,0.26872852233676975,0.9583333333333334,0.06127851165659265
HistGradientBoosting+sigmoid,0.2689133425034388,0.9583333333333334,0.06284102231478174
HistGradientBoosting+sigmoid,0.2690984170681349,0.9583333333333334,0.06431933136339792
HistGradientBoosting+sigmoid,0.2692837465564738,0.9583333333333334,0.06434823169885906
HistGradientBoosting+sigmoid,0.2696551724137931,0.9583333333333334,0.06453614186049304
HistGradientBoosting+sigmoid,0.2698412698412698,0.9583333333333334,0.0658023866449672
HistGradientBoosting+sigmoid,0.27002762430939226,0.9583333333333334,0.06694535912582524
HistGradientBoosting+sigmoid,0.2711511789181692,0.9583333333333334,0.06768602631018268
HistGradientBoosting+sigmoid,0.27133934767522555,0.9583333333333334,0.0678075746545794
HistGradientBoosting+sigmoid,0.2733661278988053,0.9534313725490197,0.0679590098523875
HistGradientBoosting+sigmoid,0.27323943661971833,0.9509803921568627,0.06808189690744564
HistGradientBoosting+sigmoid,0.2743988684582744,0.9509803921568627,0.06824503185933602
HistGradientBoosting+sigmoid,0.2747875354107649,0.9509803921568627,0.06985545030906401
HistGradientBoosting+sigmoid,0.275177304964539,0.9509803921568627,0.07028469638713414
HistGradientBoosting+sigmoid,0.2755681818181818,0.9509803921568627,0.07183962790422026
HistGradientBoosting+sigmoid,0.27635327635327633,0.9509803921568627,0.0724039828736015
HistGradientBoosting+sigmoid,0.2767475035663338,0.9509803921568627,0.07409664824966376
HistGradientBoosting+sigmoid,0.27714285714285714,0.9509803921568627,0.07480209252267953
HistGradientBoosting+sigmoid,0.27753934191702434,0.9509803921568627,0.07493912582857652
HistGradientBoosting+sigmoid,0.27841726618705037,0.9485294117647058,0.07524834189089145
HistGradientBoosting+sigmoid,0.2796242774566474,0.9485294117647058,0.07552693908206269
HistGradientBoosting+sigmoid,0.280231716147719,0.9485294117647058,0.07577579404708583
HistGradientBoosting+sigmoid,0.28125,0.9485294117647058,0.07623238335507847
HistGradientBoosting+sigmoid,0.28145454545454546,0.9485294117647058,0.07636941666097548
HistGradientBoosting+sigmoid,0.28319882611885544,0.946078431372549,0.0766786327232904
HistGradientBoosting+sigmoid,0.2844509948415623,0.946078431372549,0.07701624589892124
HistGradientBoosting+sigmoid,0.2845528455284553,0.9436274509803921,0.07737263252009736
HistGradientBoosting+sigmoid,0.28560830860534125,0.9436274509803921,0.07753737467085167
HistGradientBoosting+sigmoid,0.2858203414996288,0.9436274509803921,0.0778215944123367
HistGradientBoosting+sigmoid,0.2862453531598513,0.9436274509803921,0.07788793677288308
HistGradientBoosting+sigmoid,0.2864583333333333,0.9436274509803921,0.0788029233524963
HistGradientBoosting+sigmoid,0.2865671641791045,0.9411764705882353,0.08260775644652583
HistGradientBoosting+sigmoid,0.286034353995519,0.9387254901960784,0.08270414937995096
HistGradientBoosting+sigmoid,0.2868913857677903,0.9387254901960784,0.08404464446767183
HistGradientBoosting+sigmoid,0.2873218304576144,0.9387254901960784,0.08424697255308007
HistGradientBoosting+sigmoid,0.2877535687453043,0.9387254901960784,0.08496975256194439
HistGradientBoosting+sigmoid,0.2879699248120301,0.9387254901960784,0.08535307226082499
HistGradientBoosting+sigmoid,0.2887537993920973,0.9313725490196079,0.08561973438824279
HistGradientBoosting+sigmoid,0.28821292775665397,0.928921568627451,0.0856724739128596
HistGradientBoosting+sigmoid,0.2888719512195122,0.928921568627451,0.08601026610673716
HistGradientBoosting+sigmoid,0.2877862595419847,0.9240196078431373,0.08765782125958621
HistGradientBoosting+sigmoid,0.28888888888888886,0.9240196078431373,0.08850271120268587
HistGradientBoosting+sigmoid,0.29,0.9240196078431373,0.08901556259817951
HistGradientBoosting+sigmoid,0.29022324865280985,0.9240196078431373,0.08968889428965676
HistGradientBoosting+sigmoid,0.2917956656346749,0.9240196078431373,0.09097674464968929
HistGradientBoosting+sigmoid,0.29224806201550385,0.9240196078431373,0.09139926275489518
HistGradientBoosting+sigmoid,0.2924747866563227,0.9240196078431373,0.0921793246883928
HistGradientBoosting+sigmoid,0.29292929292929293,0.9240196078431373,0.09298406336369373
HistGradientBoosting+sigmoid,0.2931570762052877,0.9240196078431373,0.0931456187805747
HistGradientBoosting+sigmoid,0.2933852140077821,0.9240196078431373,0.09324196192719414
HistGradientBoosting+sigmoid,0.29407176287051484,0.9240196078431373,0.09338057483108747
HistGradientBoosting+sigmoid,0.2939796716184519,0.9215686274509803,0.09465356270444603
HistGradientBoosting+sigmoid,0.2946708463949843,0.9215686274509803,0.09547714434240683
HistGradientBoosting+sigmoid,0.2953652788688138,0.9215686274509803,0.09600568595278759
HistGradientBoosting+sigmoid,0.29559748427672955,0.9215686274509803,0.0962107687108021
HistGradientBoosting+sigmoid,0.29550827423167847,0.9191176470588235,0.09789140349841186
HistGradientBoosting+sigmoid,0.29706115965051627,0.9166666666666666,0.09848974373154151
HistGradientBoosting+sigmoid,0.2972972972972973,0.9166666666666666,0.09990607327888949
HistGradientBoosting+sigmoid,0.2975338106603023,0.9166666666666666,0.10050229614904514
HistGradientBoosting+sigmoid,0.2974481658692185,0.9142156862745098,0.10071081287420042
HistGradientBoosting+sigmoid,0.29768555466879487,0.9142156862745098,0.10213039149750142
HistGradientBoosting+sigmoid,0.2979233226837061,0.9142156862745098,0.10264922450866458
HistGradientBoosting+sigmoid,0.2986389111289031,0.9142156862745098,0.1036932017390383
HistGradientBoosting+sigmoid,0.2988782051282051,0.9142156862745098,0.10376679364495452
HistGradientBoosting+sigmoid,0.2991178829190056,0.9142156862745098,0.10471179609137803
HistGradientBoosting+sigmoid,0.2995983935742972,0.9142156862745098,0.10509254193388484
HistGradientBoosting+sigmoid,0.29983922829581994,0.9142156862745098,0.10714464102991754
HistGradientBoosting+sigmoid,0.30097087378640774,0.9117647058823529,0.1075055667872631
HistGradientBoosting+sigmoid,0.30170316301703165,0.9117647058823529,0.10950656736966628
HistGradientBoosting+sigmoid,0.30211726384364823,0.9093137254901961,0.11005649299153053
HistGradientBoosting+sigmoid,0.3023634881825591,0.9093137254901961,0.11018154602383191
HistGradientBoosting+sigmoid,0.30261011419249595,0.9093137254901961,0.11023769859966874
HistGradientBoosting+sigmoid,0.30352748154224773,0.9068627450980392,0.11059437703945636
HistGradientBoosting+sigmoid,0.3040262941659819,0.9068627450980392,0.11075470252992037
HistGradientBoosting+sigmoid,0.30445544554455445,0.9044117647058824,0.11121485283205697
HistGradientBoosting+sigmoid,0.3049586776859504,0.9044117647058824,0.11154392478276741
HistGradientBoosting+sigmoid,0.30571665285832644,0.9044117647058824,0.11161297139179609
HistGradientBoosting+sigmoid,0.3062240663900415,0.9044117647058824,0.11204034321235727
HistGradientBoosting+sigmoid,0.3064784053156146,0.9044117647058824,0.11256474678261681
HistGradientBoosting+sigmoid,0.30692243536280234,0.9019607843137255,0.11283457421718768
HistGradientBoosting+sigmoid,0.3082077051926298,0.9019607843137255,0.11313172661171868
HistGradientBoosting+sigmoid,0.30976430976430974,0.9019607843137255,0.11326525776793951
HistGradientBoosting+sigmoid,0.3112807463952502,0.8995098039215687,0.11359655125689687
HistGradientBoosting+sigmoid,0.31180968564146133,0.8995098039215687,0.11410037138677505
HistGradientBoosting+sigmoid,0.3126064735945486,0.8995098039215687,0.11426069687723905
HistGradientBoosting+sigmoid,0.3134073441502989,0.8995098039215687,0.11429575090229394
HistGradientBoosting+sigmoid,0.31394354148845166,0.8995098039215687,0.11494960697092634
HistGradientBoosting+sigmoid,0.3150214592274678,0.8995098039215687,0.11511896573911477
HistGradientBoosting+sigmoid,0.31551724137931036,0.8970588235294118,0.11599385932993038
HistGradientBoosting+sigmoid,0.3160621761658031,0.8970588235294118,0.11638804365164851
HistGradientBoosting+sigmoid,0.3163353500432152,0.8970588235294118,0.11646736117057425
HistGradientBoosting+sigmoid,0.317157712305026,0.8970588235294118,0.11657472592303335
HistGradientBoosting+sigmoid,0.3177083333333333,0.8970588235294118,0.11699170240838645
HistGradientBoosting+sigmoid,0.3190932868352223,0.8970588235294118,0.11701667582566277
HistGradientBoosting+sigmoid,0.31961471103327493,0.8946078431372549,0.11712659687600709
HistGradientBoosting+sigmoid,0.31985940246045697,0.8921568627450981,0.11724096604103264
HistGradientBoosting+sigmoid,0.32098765432098764,0.8921568627450981,0.11727891415255283
HistGradientBoosting+sigmoid,0.3215547703180212,0.8921568627450981,0.11742081711556555
HistGradientBoosting+sigmoid,0.3218390804597701,0.8921568627450981,0.11759146541358267
HistGradientBoosting+sigmoid,0.3241317898486198,0.8921568627450981,0.11769839116071223
HistGradientBoosting+sigmoid,0.325,0.8921568627450981,0.1179910554703813
HistGradientBoosting+sigmoid,0.3261455525606469,0.8897058823529411,0.11801258543465233
HistGradientBoosting+sigmoid,0.32643884892086333,0.8897058823529411,0.11832252558921695
HistGradientBoosting+sigmoid,0.32673267326732675,0.8897058823529411,0.11845085754906393
HistGradientBoosting+sigmoid,0.327321911632101,0.8897058823529411,0.11849922300762333
HistGradientBoosting+sigmoid,0.32791327913279134,0.8897058823529411,0.11859632089745549
HistGradientBoosting+sigmoid,0.3296903460837887,0.8872549019607843,0.1187272094525047
HistGradientBoosting+sigmoid,0.3302919708029197,0.8872549019607843,0.1187566463879195
HistGradientBoosting+sigmoid,0.3345724907063197,0.8823529411764706,0.11888154109981579
HistGradientBoosting+sigmoid,0.33457943925233646,0.8774509803921569,0.11897894374299907
HistGradientBoosting+sigmoid,0.3345829428303655,0.875,0.11904103225992536
HistGradientBoosting+sigmoid,0.33458646616541354,0.8725490196078431,0.11961304246464351
HistGradientBoosting+sigmoid,0.3339604891815616,0.8700980392156863,0.11971799041024354
HistGradientBoosting+sigmoid,0.3342749529190207,0.8700980392156863,0.1202850273492424
HistGradientBoosting+sigmoid,0.33364750235626767,0.8676470588235294,0.12042917662385937
HistGradientBoosting+sigmoid,0.3345971563981043,0.8651960784313726,0.12116023679949366
HistGradientBoosting+sigmoid,0.33715377268385865,0.8651960784313726,0.12154401446659635
HistGradientBoosting+sigmoid,0.33747609942638623,0.8651960784313726,0.12185177583644635
HistGradientBoosting+sigmoid,0.3381226053639847,0.8651960784313726,0.12269698520745927
HistGradientBoosting+sigmoid,0.33844678811121764,0.8651960784313726,0.1232239251003411
HistGradientBoosting+sigmoid,0.34009661835748795,0.8627450980392157,0.12329220224048172
HistGradientBoosting+sigmoid,0.3404255319148936,0.8627450980392157,0.12370998791419718
HistGradientBoosting+sigmoid,0.3414161008729389,0.8627450980392157,0.12444172948941608
HistGradientBoosting+sigmoid,0.34210526315789475,0.8602941176470589,0.12455476908600377
HistGradientBoosting+sigmoid,0.34310850439882695,0.8602941176470589,0.12476590054786234
HistGradientBoosting+sigmoid,0.34411764705882353,0.8602941176470589,0.1248024709551848
HistGradientBoosting+sigmoid,0.3458128078817734,0.8602941176470589,0.12486050194641239
HistGradientBoosting+sigmoid,0.3482587064676617,0.8578431372549019,0.12493514785854705
HistGradientBoosting+sigmoid,0.34860557768924305,0.8578431372549019,0.12499054049648402
HistGradientBoosting+sigmoid,0.3514056224899598,0.8578431372549019,0.12500735775334834
HistGradientBoosting+sigmoid,0.35246727089627394,0.8578431372549019,0.12515858333222155
HistGradientBoosting+sigmoid,0.3528225806451613,0.8578431372549019,0.12523058974543275
HistGradientBoosting+sigmoid,0.354251012145749,0.8578431372549019,0.1258984549357091
HistGradientBoosting+sigmoid,0.35496957403651114,0.8578431372549019,0.1260902599033275
HistGradientBoosting+sigmoid,0.3564154786150713,0.8578431372549019,0.1261410545286992
HistGradientBoosting+sigmoid,0.35787321063394684,0.8578431372549019,0.12661318738982077
HistGradientBoosting+sigmoid,0.35823950870010235,0.8578431372549019,0.1268910947338491
HistGradientBoosting+sigmoid,0.3597122302158273,0.8578431372549019,0.12720211238428447
HistGradientBoosting+sigmoid,0.3620331950207469,0.8553921568627451,0.12746041799235458
HistGradientBoosting+sigmoid,0.3618352450469239,0.8504901960784313,0.1278157166063694
HistGradientBoosting+sigmoid,0.36221294363256784,0.8504901960784313,0.12791896622708995
HistGradientBoosting+sigmoid,0.3638275499474238,0.8480392156862745,0.12800071585562034
HistGradientBoosting+sigmoid,0.3651804670912951,0.8431372549019608,0.12827641732505865
HistGradientBoosting+sigmoid,0.36909871244635195,0.8431372549019608,0.1283929421144143
HistGradientBoosting+sigmoid,0.37431991294885747,0.8431372549019608,0.12846969372287345
HistGradientBoosting+sigmoid,0.37554585152838427,0.8431372549019608,0.12874245392849715
HistGradientBoosting+sigmoid,0.37677984665936476,0.8431372549019608,0.12929537456090198
HistGradientBoosting+sigmoid,0.3765093304061471,0.8406862745098039,0.12945930777130263
HistGradientBoosting+sigmoid,0.37679558011049724,0.8357843137254902,0.13055605299064366
HistGradientBoosting+sigmoid,0.377212389380531,0.8357843137254902,0.13077820310624785
HistGradientBoosting+sigmoid,0.37846836847946724,0.8357843137254902,0.1311228935761047
HistGradientBoosting+sigmoid,0.3783482142857143,0.8308823529411765,0.13145723129617773
HistGradientBoosting+sigmoid,0.3778026905829596,0.8259803921568627,0.13193491053524362
HistGradientBoosting+sigmoid,0.37907761529808776,0.8259803921568627,0.1333402181232517
HistGradientBoosting+sigmoid,0.37993235625704624,0.8259803921568627,0.13748268332951755
HistGradientBoosting+sigmoid,0.38009049773755654,0.8235294117647058,0.1397818682298638
HistGradientBoosting+sigmoid,0.38052095130237823,0.8235294117647058,0.14124513520249837
HistGradientBoosting+sigmoid,0.38095238095238093,0.8235294117647058,0.1438331534957368
HistGradientBoosting+sigmoid,0.3813847900113507,0.8235294117647058,0.14394736218104232
HistGradientBoosting+sigmoid,0.3822525597269625,0.8235294117647058,0.14521106261633676
HistGradientBoosting+sigmoid,0.3831242873432155,0.8235294117647058,0.14789230227854197
HistGradientBoosting+sigmoid,0.3835616438356164,0.8235294117647058,0.15162632655015582
HistGradientBoosting+sigmoid,0.3841743119266055,0.821078431372549,0.15190244216041215
HistGradientBoosting+sigmoid,0.38569753810082064,0.8063725490196079,0.15201269953988472
HistGradientBoosting+sigmoid,0.3870588235294118,0.8063725490196079,0.1523843491978342
HistGradientBoosting+sigmoid,0.38797169811320753,0.8063725490196079,0.15243054114333723
HistGradientBoosting+sigmoid,0.3884297520661157,0.8063725490196079,0.15254133619847046
HistGradientBoosting+sigmoid,0.3909415971394517,0.803921568627451,0.15359676391527968
HistGradientBoosting+sigmoid,0.3914081145584726,0.803921568627451,0.1559681898277924
HistGradientBoosting+sigmoid,0.39438339438339437,0.7916666666666666,0.15607844720726496
HistGradientBoosting+sigmoid,0.3948339483394834,0.7867647058823529,0.15645009686521444
HistGradientBoosting+sigmoid,0.3958076448828607,0.7867647058823529,0.1565886215293065
HistGradientBoosting+sigmoid,0.3972772277227723,0.7867647058823529,0.1566070838658507
HistGradientBoosting+sigmoid,0.3989962358845671,0.7794117647058824,0.157415591004927
HistGradientBoosting+sigmoid,0.39949748743718594,0.7794117647058824,0.1602697311296331
HistGradientBoosting+sigmoid,0.40025252525252525,0.7769607843137255,0.16067981691713495
HistGradientBoosting+sigmoid,0.4012658227848101,0.7769607843137255,0.16076267251820933
HistGradientBoosting+sigmoid,0.4033078880407125,0.7769607843137255,0.16185121250384502
HistGradientBoosting+sigmoid,0.40382165605095544,0.7769607843137255,0.16218223122525008
HistGradientBoosting+sigmoid,0.40433673469387754,0.7769607843137255,0.16248988110450105
HistGradientBoosting+sigmoid,0.4074550128534704,0.7769607843137255,0.16327077121088573
HistGradientBoosting+sigmoid,0.40850515463917525,0.7769607843137255,0.16390943981154174
HistGradientBoosting+sigmoid,0.4095607235142119,0.7769607843137255,0.1645360302961487
HistGradientBoosting+sigmoid,0.40932642487046633,0.7745098039215687,0.1661051104058175
HistGradientBoosting+sigmoid,0.4098573281452659,0.7745098039215687,0.16675536516367542
HistGradientBoosting+sigmoid,0.4114583333333333,0.7745098039215687,0.16743340117717032
HistGradientBoosting+sigmoid,0.41199478487614083,0.7745098039215687,0.17111485101910043
HistGradientBoosting+sigmoid,0.412303664921466,0.7720588235294118,0.1725344097261412
HistGradientBoosting+sigmoid,0.41338582677165353,0.7720588235294118,0.1733220770195536
HistGradientBoosting+sigmoid,0.41392904073587383,0.7720588235294118,0.17334148772015298
HistGradientBoosting+sigmoid,0.422972972972973,0.7671568627450981,0.17345970749731357
HistGradientBoosting+sigmoid,0.4256480218281037,0.7647058823529411,0.17385813222905955
HistGradientBoosting+sigmoid,0.426812585499316,0.7647058823529411,0.1740263994601643
HistGradientBoosting+sigmoid,0.42857142857142855,0.7647058823529411,0.17448555065892113
HistGradientBoosting+sigmoid,0.4289655172413793,0.7622549019607843,0.17474648011055527
HistGradientBoosting+sigmoid,0.42955801104972374,0.7622549019607843,0.17483854048556846
HistGradientBoosting+sigmoid,0.4307479224376731,0.7622549019607843,0.1795307326393464
HistGradientBoosting+sigmoid,0.43194444444444446,0.7622549019607843,0.18404840161086986
HistGradientBoosting+sigmoid,0.4325452016689847,0.7622549019607843,0.1846323703385886
HistGradientBoosting+sigmoid,0.4331476323119777,0.7622549019607843,0.18771179370933877
HistGradientBoosting+sigmoid,0.44079885877318115,0.7573529411764706,0.1883159442387051
HistGradientBoosting+sigmoid,0.4446043165467626,0.7573529411764706,0.18851259519622018
HistGradientBoosting+sigmoid,0.4458874458874459,0.7573529411764706,0.1894609275072169
HistGradientBoosting+sigmoid,0.4497816593886463,0.7573529411764706,0.1894681030578134
HistGradientBoosting+sigmoid,0.4480234260614934,0.75,0.18966401852177925
HistGradientBoosting+sigmoid,0.4485294117647059,0.7475490196078431,0.19199833954341586
HistGradientBoosting+sigmoid,0.4491899852724595,0.7475490196078431,0.1941681777917761
HistGradientBoosting+sigmoid,0.4498525073746313,0.7475490196078431,0.19612160885118846
HistGradientBoosting+sigmoid,0.4505169867060561,0.7475490196078431,0.19686108808009742
HistGradientBoosting+sigmoid,0.4495548961424332,0.7426470588235294,0.19877090087214958
HistGradientBoosting+sigmoid,0.4487369985141159,0.7401960784313726,0.19910163919544488
HistGradientBoosting+sigmoid,0.45007451564828616,0.7401960784313726,0.1996855671579473
HistGradientBoosting+sigmoid,0.45345345345345345,0.7401960784313726,0.20059463170033834
HistGradientBoosting+sigmoid,0.45413533834586467,0.7401960784313726,0.20181622726217177
HistGradientBoosting+sigmoid,0.45481927710843373,0.7401960784313726,0.20306405070549435
HistGradientBoosting+sigmoid,0.45468277945619334,0.7377450980392157,0.20352560141439144
HistGradientBoosting+sigmoid,0.45537065052950076,0.7377450980392157,0.20746736746773506
HistGradientBoosting+sigmoid,0.45606060606060606,0.7377450980392157,0.20817918127628154
HistGradientBoosting+sigmoid,0.45662100456621,0.7352941176470589,0.2088770671078152
HistGradientBoosting+sigmoid,0.4573170731707317,0.7352941176470589,0.20930260218897612
HistGradientBoosting+sigmoid,0.4580152671755725,0.7352941176470589,0.2149311141326901
HistGradientBoosting+sigmoid,0.45871559633027525,0.7352941176470589,0.21500706382571377
HistGradientBoosting+sigmoid,0.4601226993865031,0.7352941176470589,0.2177734245248104
HistGradientBoosting+sigmoid,0.46,0.7328431372549019,0.21784737865179846
HistGradientBoosting+sigmoid,0.4591679506933744,0.7303921568627451,0.21906075603252148
HistGradientBoosting+sigmoid,0.45987654320987653,0.7303921568627451,0.21916464070336636
HistGradientBoosting+sigmoid,0.46273291925465837,0.7303921568627451,0.22042279793642364
HistGradientBoosting+sigmoid,0.46021840873634945,0.7230392156862745,0.22078221009126123
HistGradientBoosting+sigmoid,0.458528951486698,0.7181372549019608,0.22447686491450322
HistGradientBoosting+sigmoid,0.4599686028257457,0.7181372549019608,0.22473171094064717
HistGradientBoosting+sigmoid,0.4662379421221865,0.7107843137254902,0.2253358614700135
HistGradientBoosting+sigmoid,0.46905537459283386,0.7058823529411765,0.2255325124275286
HistGradientBoosting+sigmoid,0.46895424836601307,0.7034313725490197,0.22648084473852534
HistGradientBoosting+sigmoid,0.469721767594108,0.7034313725490197,0.22648802028912182
HistGradientBoosting+sigmoid,0.46875,0.6985294117647058,0.2266913943426495
HistGradientBoosting+sigmoid,0.4718543046357616,0.6985294117647058,0.22800196277495985
HistGradientBoosting+sigmoid,0.4757929883138564,0.6985294117647058,0.22886417433367137
HistGradientBoosting+sigmoid,0.474036850921273,0.6936274509803921,0.23053160982777512
HistGradientBoosting+sigmoid,0.4756302521008403,0.6936274509803921,0.23088962709154384
HistGradientBoosting+sigmoid,0.4772344013490725,0.6936274509803921,0.23139382138648668
HistGradientBoosting+sigmoid,0.47715736040609136,0.6911764705882353,0.2348361122103264
HistGradientBoosting+sigmoid,0.47877758913412566,0.6911764705882353,0.23810594154540385
HistGradientBoosting+sigmoid,0.48034188034188036,0.6887254901960784,0.2396054526512318
HistGradientBoosting+sigmoid,0.4811643835616438,0.6887254901960784,0.23964015106778658
HistGradientBoosting+sigmoid,0.48198970840480276,0.6887254901960784,0.24051799134201268
HistGradientBoosting+sigmoid,0.48109965635738833,0.6862745098039216,0.24211758271705666
HistGradientBoosting+sigmoid,0.4835924006908463,0.6862745098039216,0.24264954781606732
HistGradientBoosting+sigmoid,0.4844290657439446,0.6862745098039216,0.24297821884470552
HistGradientBoosting+sigmoid,0.4852173913043478,0.6838235294117647,0.24376653884776314
HistGradientBoosting+sigmoid,0.48776223776223776,0.6838235294117647,0.24443911629339077
HistGradientBoosting+sigmoid,0.48771929824561405,0.6813725490196079,0.2445380532655491
HistGradientBoosting+sigmoid,0.48857644991212656,0.6813725490196079,0.24471955300090684
HistGradientBoosting+sigmoid,0.48939929328621906,0.678921568627451,0.24659234404905175
HistGradientBoosting+sigmoid,0.49113475177304966,0.678921568627451,0.24712422647647184
HistGradientBoosting+sigmoid,0.496415770609319,0.678921568627451,0.2480050702004847
HistGradientBoosting+sigmoid,0.4981949458483754,0.6764705882352942,0.24823569859123162
HistGradientBoosting+sigmoid,0.49909584086799275,0.6764705882352942,0.24845192853519268
HistGradientBoosting+sigmoid,0.5018315018315018,0.6715686274509803,0.24949397764142703
HistGradientBoosting+sigmoid,0.5046382189239332,0.6666666666666666,0.24950185787505896
HistGradientBoosting+sigmoid,0.5046904315196998,0.6593137254901961,0.24953557204365648
HistGradientBoosting+sigmoid,0.5056818181818182,0.6544117647058824,0.25057517157790904
HistGradientBoosting+sigmoid,0.5066413662239089,0.6544117647058824,0.25079254806516393
HistGradientBoosting+sigmoid,0.5216535433070866,0.6495098039215687,0.2514115468567913
HistGradientBoosting+sigmoid,0.5226824457593688,0.6495098039215687,0.2519040201799237
HistGradientBoosting+sigmoid,0.5249500998003992,0.6446078431372549,0.2521202501238847
HistGradientBoosting+sigmoid,0.5313131313131313,0.6446078431372549,0.2524152395956186
HistGradientBoosting+sigmoid,0.532520325203252,0.6421568627450981,0.2525065077391881
HistGradientBoosting+sigmoid,0.5346938775510204,0.6421568627450981,0.2526918014738039
HistGradientBoosting+sigmoid,0.5348360655737705,0.6397058823529411,0.25303773077329267
HistGradientBoosting+sigmoid,0.5349794238683128,0.6372549019607843,0.2531622992301191
HistGradientBoosting+sigmoid,0.5360824742268041,0.6372549019607843,0.25317017946375103
HistGradientBoosting+sigmoid,0.5371900826446281,0.6372549019607843,0.2538409936741715
HistGradientBoosting+sigmoid,0.5362318840579711,0.6348039215686274,0.25412500218383144
HistGradientBoosting+sigmoid,0.5343035343035343,0.6299019607843137,0.2543451879691144
HistGradientBoosting+sigmoid,0.5354166666666667,0.6299019607843137,0.2545829702207386
HistGradientBoosting+sigmoid,0.5365344467640919,0.6299019607843137,0.2551219871107793
HistGradientBoosting+sigmoid,0.5399159663865546,0.6299019607843137,0.25684600640608174
HistGradientBoosting+sigmoid,0.5410526315789473,0.6299019607843137,0.25711279799959613
HistGradientBoosting+sigmoid,0.5456475583864119,0.6299019607843137,0.2576171840393652
HistGradientBoosting+sigmoid,0.5479744136460555,0.6299019607843137,0.2588606263198595
HistGradientBoosting+sigmoid,0.5491452991452992,0.6299019607843137,0.2603368461295068
HistGradientBoosting+sigmoid,0.550321199143469,0.6299019607843137,0.26102835694497944
HistGradientBoosting+sigmoid,0.5517241379310345,0.6274509803921569,0.2615673738350202
HistGradientBoosting+sigmoid,0.5553145336225597,0.6274509803921569,0.26411456657059057
HistGradientBoosting+sigmoid,0.5565217391304348,0.6274509803921569,0.26434738322475304
HistGradientBoosting+sigmoid,0.5589519650655022,0.6274509803921569,0.2702531808875976
HistGradientBoosting+sigmoid,0.5614035087719298,0.6274509803921569,0.27154101206504283
HistGradientBoosting+sigmoid,0.5604395604395604,0.625,0.2715539346898528
HistGradientBoosting+sigmoid,0.5607064017660044,0.6225490196078431,0.2729737473197664
HistGradientBoosting+sigmoid,0.5644444444444444,0.6225490196078431,0.27488044745833246
HistGradientBoosting+sigmoid,0.5657015590200446,0.6225490196078431,0.27500438474367356
HistGradientBoosting+sigmoid,0.5659090909090909,0.6102941176470589,0.2753912248928451
HistGradientBoosting+sigmoid,0.5671981776765376,0.6102941176470589,0.2756834684232798
HistGradientBoosting+sigmoid,0.5678160919540229,0.6053921568627451,0.2758937441092162
HistGradientBoosting+sigmoid,0.5668202764976958,0.6029411764705882,0.27641917733300914
HistGradientBoosting+sigmoid,0.5671296296296297,0.6004901960784313,0.27700207259159065
HistGradientBoosting+sigmoid,0.5674418604651162,0.5980392156862745,0.2774711761841881
HistGradientBoosting+sigmoid,0.5714285714285714,0.5980392156862745,0.2796700615627891
HistGradientBoosting+sigmoid,0.5704057279236276,0.5857843137254902,0.27972358567070676
HistGradientBoosting+sigmoid,0.5697115384615384,0.5808823529411765,0.28396468563809424
HistGradientBoosting+sigmoid,0.5686746987951807,0.5784313725490197,0.29305295207992493
HistGradientBoosting+sigmoid,0.5700483091787439,0.5784313725490197,0.2959928365690328
HistGradientBoosting+sigmoid,0.5717761557177615,0.5759803921568627,0.29704718096210464
HistGradientBoosting+sigmoid,0.5707317073170731,0.5735294117647058,0.29813105051107985
HistGradientBoosting+sigmoid,0.5721271393643031,0.5735294117647058,0.29834259147547276
HistGradientBoosting+sigmoid,0.5735294117647058,0.5735294117647058,0.2996637423345986
HistGradientBoosting+sigmoid,0.5753086419753086,0.571078431372549,0.300452132462502
HistGradientBoosting+sigmoid,0.5767326732673267,0.571078431372549,0.3008212253254576
HistGradientBoosting+sigmoid,0.5781637717121588,0.571078431372549,0.30100664341220723
HistGradientBoosting+sigmoid,0.5785536159600998,0.5686274509803921,0.3013719327904062
HistGradientBoosting+sigmoid,0.58,0.5686274509803921,0.30691253684365455
HistGradientBoosting+sigmoid,0.5789473684210527,0.5661764705882353,0.30744828866202406
HistGradientBoosting+sigmoid,0.5822784810126582,0.5637254901960784,0.3087561433795017
HistGradientBoosting+sigmoid,0.5812182741116751,0.5612745098039216,0.31361589255599037
HistGradientBoosting+sigmoid,0.5871794871794872,0.5612745098039216,0.3792198674502385
HistGradientBoosting+sigmoid,0.5973684210526315,0.5563725490196079,0.37998867503252143
HistGradientBoosting+sigmoid,0.598404255319149,0.5514705882352942,0.38030816117583816
HistGradientBoosting+sigmoid,0.5989304812834224,0.5490196078431373,0.3808886752903473
HistGradientBoosting+sigmoid,0.6,0.5441176470588235,0.38217105435780535
HistGradientBoosting+sigmoid,0.6016483516483516,0.5367647058823529,0.3845950414369174
HistGradientBoosting+sigmoid,0.6011080332409973,0.5318627450980392,0.399815271243231
HistGradientBoosting+sigmoid,0.601123595505618,0.5245098039215687,0.40301893631697633
HistGradientBoosting+sigmoid,0.603988603988604,0.5196078431372549,0.4038181825141975
HistGradientBoosting+sigmoid,0.6091954022988506,0.5196078431372549,0.40410723004257604
HistGradientBoosting+sigmoid,0.6133720930232558,0.5171568627450981,0.4047181827720234
HistGradientBoosting+sigmoid,0.6122448979591837,0.5147058823529411,0.40600056183948147
HistGradientBoosting+sigmoid,0.6176470588235294,0.5147058823529411,0.4071137524755557
HistGradientBoosting+sigmoid,0.616519174041298,0.5122549019607843,0.4085451332719913
HistGradientBoosting+sigmoid,0.6153846153846154,0.5098039215686274,0.4087551703241479
HistGradientBoosting+sigmoid,0.6160714285714286,0.5073529411764706,0.41416661570057794
HistGradientBoosting+sigmoid,0.6197604790419161,0.5073529411764706,0.4180140447995271
HistGradientBoosting+sigmoid,0.6186186186186187,0.5049019607843137,0.4272725327215095
HistGradientBoosting+sigmoid,0.6204819277108434,0.5049019607843137,0.4383256963870445
HistGradientBoosting+sigmoid,0.622356495468278,0.5049019607843137,0.4395412882419966
HistGradientBoosting+sigmoid,0.6219512195121951,0.5,0.4513393829636101
HistGradientBoosting+sigmoid,0.6273291925465838,0.4950980392156863,0.4676465878992639
HistGradientBoosting+sigmoid,0.6269592476489029,0.49019607843137253,0.4709145415971204
HistGradientBoosting+sigmoid,0.6435643564356436,0.47794117647058826,0.47173318481801046
HistGradientBoosting+sigmoid,0.6454849498327759,0.4730392156862745,0.4726730653307582
HistGradientBoosting+sigmoid,0.6442953020134228,0.47058823529411764,0.47400914322794074
HistGradientBoosting+sigmoid,0.6474576271186441,0.4681372549019608,0.47504063844856087
HistGradientBoosting+sigmoid,0.6496598639455783,0.4681372549019608,0.4805019210319698
HistGradientBoosting+sigmoid,0.6517241379310345,0.4632352941176471,0.483025063188047
HistGradientBoosting+sigmoid,0.6559139784946236,0.4485294117647059,0.48384440751363816
HistGradientBoosting+sigmoid,0.6570397111913358,0.44607843137254904,0.4847853598979912
HistGradientBoosting+sigmoid,0.6568265682656826,0.4362745098039216,0.48612190572593345
HistGradientBoosting+sigmoid,0.6567164179104478,0.43137254901960786,0.48659089484742296
HistGradientBoosting+sigmoid,0.6578947368421053,0.42892156862745096,0.4926101075850926
HistGradientBoosting+sigmoid,0.6553030303030303,0.42401960784313725,0.5017874824434776
HistGradientBoosting+sigmoid,0.6590038314176245,0.4215686274509804,0.5020813737166894
HistGradientBoosting+sigmoid,0.6614785992217899,0.4166666666666667,0.507879356114518
HistGradientBoosting+sigmoid,0.6640625,0.4166666666666667,0.5138910476513222
HistGradientBoosting+sigmoid,0.6653543307086615,0.41421568627450983,0.5141885133663139
HistGradientBoosting+sigmoid,0.6613545816733067,0.4068627450980392,0.5377880907597833
HistGradientBoosting+sigmoid,0.66,0.40441176470588236,0.5419736977597159
HistGradientBoosting+sigmoid,0.6612903225806451,0.4019607843137255,0.5442133121852792
HistGradientBoosting+sigmoid,0.6611570247933884,0.39215686274509803,0.5517802863765039
HistGradientBoosting+sigmoid,0.6625,0.3897058823529412,0.5535276436706993
HistGradientBoosting+sigmoid,0.6610878661087866,0.3872549019607843,0.5537095437014047
HistGradientBoosting+sigmoid,0.6596638655462185,0.38480392156862747,0.5575740562708126
HistGradientBoosting+sigmoid,0.6608695652173913,0.37254901960784315,0.5612764349153637
HistGradientBoosting+sigmoid,0.672645739910314,0.36764705882352944,0.561631399982304
HistGradientBoosting+sigmoid,0.680365296803653,0.36519607843137253,0.5647650244877208
HistGradientBoosting+sigmoid,0.6915887850467289,0.3627450980392157,0.5715709883364622
HistGradientBoosting+sigmoid,0.6904761904761905,0.3553921568627451,0.5735014249405208
HistGradientBoosting+sigmoid,0.7009803921568627,0.35049019607843135,0.5747065911146538
HistGradientBoosting+sigmoid,0.7079207920792079,0.35049019607843135,0.5813818143086302
HistGradientBoosting+sigmoid,0.7064676616915423,0.3480392156862745,0.5859055511787151
HistGradientBoosting+sigmoid,0.7035175879396985,0.3431372549019608,0.5864593544255359
HistGradientBoosting+sigmoid,0.7070707070707071,0.3431372549019608,0.587902807628252
HistGradientBoosting+sigmoid,0.7055837563451777,0.34068627450980393,0.5898807543884653
HistGradientBoosting+sigmoid,0.7202072538860104,0.34068627450980393,0.5948180021433646
HistGradientBoosting+sigmoid,0.7301587301587301,0.3382352941176471,0.598649299624942
HistGradientBoosting+sigmoid,0.7297297297297297,0.33088235294117646,0.5995056948530261
HistGradientBoosting+sigmoid,0.73224043715847,0.3284313725490196,0.599819168457011
HistGradientBoosting+sigmoid,0.7307692307692307,0.32598039215686275,0.6023300852797463
HistGradientBoosting+sigmoid,0.7292817679558011,0.3235294117647059,0.6025944787634864
HistGradientBoosting+sigmoid,0.7318435754189944,0.32107843137254904,0.6026091445133397
HistGradientBoosting+sigmoid,0.7383720930232558,0.3112745098039216,0.6101348323783514
HistGradientBoosting+sigmoid,0.7368421052631579,0.3088235294117647,0.6103773492773349
HistGradientBoosting+sigmoid,0.7349397590361446,0.29901960784313725,0.6107084844046429
HistGradientBoosting+sigmoid,0.7423312883435583,0.2965686274509804,0.6117479285394
HistGradientBoosting+sigmoid,0.7407407407407407,0.29411764705882354,0.6129847019656812
HistGradientBoosting+sigmoid,0.7391304347826086,0.2916666666666667,0.6146596020262352
HistGradientBoosting+sigmoid,0.7435897435897436,0.28431372549019607,0.6150791781722019
HistGradientBoosting+sigmoid,0.738255033557047,0.2696078431372549,0.6153183413948523
HistGradientBoosting+sigmoid,0.7552447552447552,0.2647058823529412,0.6157919226833087
HistGradientBoosting+sigmoid,0.7588652482269503,0.2622549019607843,0.6165114970822818
HistGradientBoosting+sigmoid,0.7608695652173914,0.25735294117647056,0.6166751713126194
HistGradientBoosting+sigmoid,0.7591240875912408,0.2549019607843137,0.6184427544615266
HistGradientBoosting+sigmoid,0.7703703703703704,0.2549019607843137,0.6185866312964775
HistGradientBoosting+sigmoid,0.792,0.2426470588235294,0.6187976570609083
HistGradientBoosting+sigmoid,0.825,0.2426470588235294,0.6223937558908773
HistGradientBoosting+sigmoid,0.8205128205128205,0.23529411764705882,0.6228133320368442
HistGradientBoosting+sigmoid,0.8189655172413793,0.23284313725490197,0.624245650946924
HistGradientBoosting+sigmoid,0.8141592920353983,0.22549019607843138,0.6257045553887892
HistGradientBoosting+sigmoid,0.8288288288288288,0.22549019607843138,0.6286043865428615
HistGradientBoosting+sigmoid,0.8333333333333334,0.22058823529411764,0.6293640314136258
HistGradientBoosting+sigmoid,0.8411214953271028,0.22058823529411764,0.6303481979412539
HistGradientBoosting+sigmoid,0.839622641509434,0.2181372549019608,0.6362795318954896
HistGradientBoosting+sigmoid,0.8476190476190476,0.2181372549019608,0.6363606910192505
HistGradientBoosting+sigmoid,0.8431372549019608,0.2107843137254902,0.6376451970632441
HistGradientBoosting+sigmoid,0.8333333333333334,0.19607843137254902,0.6377536219847303
HistGradientBoosting+sigmoid,0.8297872340425532,0.19117647058823528,0.6382125860752971
HistGradientBoosting+sigmoid,0.8351648351648352,0.18627450980392157,0.639716980642933
HistGradientBoosting+sigmoid,0.8333333333333334,0.18382352941176472,0.6438802979848389
HistGradientBoosting+sigmoid,0.8522727272727273,0.18382352941176472,0.6471179740578309
HistGradientBoosting+sigmoid,0.8604651162790697,0.18137254901960784,0.6477018886213631
HistGradientBoosting+sigmoid,0.8690476190476191,0.17892156862745098,0.6478980101453663
HistGradientBoosting+sigmoid,0.8641975308641975,0.1715686274509804,0.6516144518494812
HistGradientBoosting+sigmoid,0.875,0.1715686274509804,0.6544594573916165
HistGradientBoosting+sigmoid,0.8734177215189873,0.16911764705882354,0.6588026411205019
HistGradientBoosting+sigmoid,0.868421052631579,0.16176470588235295,0.6589034519829643
HistGradientBoosting+sigmoid,0.8840579710144928,0.14950980392156862,0.6639972884968111
HistGradientBoosting+sigmoid,0.8805970149253731,0.14460784313725492,0.6647339750747377
HistGradientBoosting+sigmoid,0.8939393939393939,0.14460784313725492,0.6844191554186628
HistGradientBoosting+sigmoid,0.9076923076923077,0.14460784313725492,0.6862811671155433
HistGradientBoosting+sigmoid,0.9047619047619048,0.13970588235294118,0.7070892937891663
HistGradientBoosting+sigmoid,0.9193548387096774,0.13970588235294118,0.7072553589838738
HistGradientBoosting+sigmoid,0.9180327868852459,0.13725490196078433,0.7130976948060681
HistGradientBoosting+sigmoid,0.9322033898305084,0.13480392156862744,0.7255162755358663
HistGradientBoosting+sigmoid,0.9310344827586207,0.1323529411764706,0.7374754805927602
HistGradientBoosting+sigmoid,0.9298245614035088,0.12990196078431374,0.7547390204416442
HistGradientBoosting+sigmoid,0.9285714285714286,0.12745098039215685,0.7615562540433048
HistGradientBoosting+sigmoid,0.9272727272727272,0.125,0.7617323805231422
HistGradientBoosting+sigmoid,0.9230769230769231,0.11764705882352941,0.7660699494690886
HistGradientBoosting+sigmoid,0.9215686274509803,0.11519607843137254,0.7676335334325027
HistGradientBoosting+sigmoid,0.9183673469387755,0.11029411764705882,0.7678176888899381
HistGradientBoosting+sigmoid,0.9166666666666666,0.10784313725490197,0.7730666049207183
HistGradientBoosting+sigmoid,0.9361702127659575,0.10784313725490197,0.7789895231335447
HistGradientBoosting+sigmoid,0.9565217391304348,0.10784313725490197,0.7808301030499325
HistGradientBoosting+sigmoid,0.9555555555555556,0.1053921568627451,0.7843444209033917
HistGradientBoosting+sigmoid,0.9545454545454546,0.10294117647058823,0.7855308688413629
HistGradientBoosting+sigmoid,0.9534883720930233,0.10049019607843138,0.7952366635406601
HistGradientBoosting+sigmoid,0.9761904761904762,0.10049019607843138,0.8014275999064396
HistGradientBoosting+sigmoid,0.975609756097561,0.09803921568627451,0.8019755983815037
HistGradientBoosting+sigmoid,1.0,0.09558823529411764,0.8400451830894718
HistGradientBoosting+sigmoid,1.0,0.09313725490196079,0.9051228495343834
HistGradientBoosting+sigmoid,1.0,0.09068627450980392,0.9142509018136397
HistGradientBoosting+sigmoid,1.0,0.08823529411764706,0.9150084954441006
HistGradientBoosting+sigmoid,1.0,0.08333333333333333,0.9177680189995683
HistGradientBoosting+sigmoid,1.0,0.08088235294117647,0.9181997136087636
HistGradientBoosting+sigmoid,1.0,0.0784313725490196,0.9192279985723563
HistGradientBoosting+sigmoid,1.0,0.07598039215686274,0.9231096236869246
HistGradientBoosting+sigmoid,1.0,0.07352941176470588,0.9239444999622887
HistGradientBoosting+sigmoid,1.0,0.07107843137254902,0.924977930602194
HistGradientBoosting+sigmoid,1.0,0.06862745098039216,0.9274867915660433
HistGradientBoosting+sigmoid,1.0,0.0661764705882353,0.9342410903096834
HistGradientBoosting+sigmoid,1.0,0.06372549019607843,0.9377087793240856
HistGradientBoosting+sigmoid,1.0,0.061274509803921566,0.9397712137891702
HistGradientBoosting+sigmoid,1.0,0.058823529411764705,0.9427866175402841
HistGradientBoosting+sigmoid,1.0,0.05392156862745098,0.9438346866491667
HistGradientBoosting+sigmoid,1.0,0.051470588235294115,0.9438699399795206
HistGradientBoosting+sigmoid,1.0,0.049019607843137254,0.9449348121615108
HistGradientBoosting+sigmoid,1.0,0.04656862745098039,0.9455757522035754
HistGradientBoosting+sigmoid,1.0,0.041666666666666664,0.9459286001697468
HistGradientBoosting+sigmoid,1.0,0.03431372549019608,0.9461328195702196
HistGradientBoosting+sigmoid,1.0,0.029411764705882353,0.9473788847840638
HistGradientBoosting+sigmoid,1.0,0.02696078431372549,0.9481337452923491
HistGradientBoosting+sigmoid,1.0,0.022058823529411766,0.9487447466328853
HistGradientBoosting+sigmoid,1.0,0.0196078431372549,0.9627140922452617
HistGradientBoosting+sigmoid,1.0,0.01715686274509804,0.9793255824164214
HistGradientBoosting+sigmoid,1.0,0.014705882352941176,0.979360053390076
HistGradientBoosting+sigmoid,1.0,0.012254901960784314,0.9798151430337915
HistGradientBoosting+sigmoid,1.0,0.004901960784313725,0.9828774787722875
HistGradientBoosting+sigmoid,1.0,0.0024509803921568627,0.98453049300826
