model,fpr,tpr,threshold
ProductionV2,0.0,0.0,inf
ProductionV2,0.0,0.0024509803921568627,0.9910240397046733
ProductionV2,0.0,0.01715686274509804,0.9861425212529132
ProductionV2,0.0,0.022058823529411766,0.9852215359239723
ProductionV2,0.0,0.041666666666666664,0.9763752801139102
ProductionV2,0.0,0.04656862745098039,0.9737333670670654
ProductionV2,0.0,0.0661764705882353,0.9703555041681168
ProductionV2,0.0,0.07352941176470588,0.9684620381525457
ProductionV2,0.0,0.09558823529411764,0.8893485811463973
ProductionV2,0.000628140703517588,0.09803921568627451,0.888494863591406
ProductionV2,0.000628140703517588,0.1053921568627451,0.8680874632602759
ProductionV2,0.001256281407035176,0.1053921568627451,0.8583382665665897
ProductionV2,0.001256281407035176,0.11519607843137254,0.8402190113732023
ProductionV2,0.0018844221105527637,0.11764705882352941,0.8356736721563562
ProductionV2,0.0018844221105527637,0.12254901960784313,0.8215973569771163
ProductionV2,0.0018844221105527637,0.125,0.8140291268443294
ProductionV2,0.0018844221105527637,0.12990196078431374,0.8001965951219487
ProductionV2,0.002512562814070352,0.12990196078431374,0.7813066034345731
ProductionV2,0.002512562814070352,0.13480392156862744,0.775546004688846
ProductionV2,0.00314070351758794,0.13480392156862744,0.7729525427275599
ProductionV2,0.0037688442211055275,0.13725490196078433,0.7703280634599856
ProductionV2,0.0043969849246231155,0.13725490196078433,0.7697461901267518
ProductionV2,0.005653266331658292,0.13725490196078433,0.7653708662204131
ProductionV2,0.005653266331658292,0.14215686274509803,0.7474823159281848
ProductionV2,0.006909547738693468,0.14215686274509803,0.7428526835273627
ProductionV2,0.006909547738693468,0.14460784313725492,0.7413336027166463
ProductionV2,0.007537688442211055,0.14460784313725492,0.7332008154990362
ProductionV2,0.007537688442211055,0.14705882352941177,0.7318682141005258
ProductionV2,0.008165829145728644,0.14705882352941177,0.7314927423425527
ProductionV2,0.008793969849246231,0.1568627450980392,0.7309938376930947
ProductionV2,0.008793969849246231,0.15931372549019607,0.730993214759467
ProductionV2,0.010050251256281407,0.15931372549019607,0.7278480953821719
ProductionV2,0.010050251256281407,0.1642156862745098,0.7242576463442819
ProductionV2,0.010050251256281407,0.16911764705882354,0.7186810132207989
ProductionV2,0.010678391959798994,0.16911764705882354,0.717233853961952
ProductionV2,0.010678391959798994,0.17892156862745098,0.7166578161233655
ProductionV2,0.010678391959798994,0.18382352941176472,0.715443255140938
ProductionV2,0.011306532663316583,0.18627450980392157,0.7089024785379962
ProductionV2,0.011306532663316583,0.18872549019607843,0.7049165209612325
ProductionV2,0.011306532663316583,0.19607843137254902,0.7043402151874293
ProductionV2,0.013819095477386936,0.19607843137254902,0.6979105017759314
ProductionV2,0.013819095477386936,0.19852941176470587,0.6964473105803589
ProductionV2,0.015703517587939697,0.19852941176470587,0.69045376165597
ProductionV2,0.016331658291457288,0.2034313725490196,0.6904096591299032
ProductionV2,0.018844221105527637,0.2034313725490196,0.6868008758455432
ProductionV2,0.018844221105527637,0.2107843137254902,0.677378208861889
ProductionV2,0.018844221105527637,0.21568627450980393,0.675580344998216
ProductionV2,0.020100502512562814,0.21568627450980393,0.6748038657674985
ProductionV2,0.0207286432160804,0.22058823529411764,0.6657675314239214
ProductionV2,0.0207286432160804,0.22549019607843138,0.663210700684948
ProductionV2,0.02135678391959799,0.22549019607843138,0.662837808254748
ProductionV2,0.02135678391959799,0.23039215686274508,0.6625610596855886
ProductionV2,0.02198492462311558,0.23039215686274508,0.6617037777224747
ProductionV2,0.022613065326633167,0.23284313725490197,0.660971141384215
ProductionV2,0.022613065326633167,0.23529411764705882,0.6596359049118112
ProductionV2,0.022613065326633167,0.2426470588235294,0.6584696466958734
ProductionV2,0.02386934673366834,0.2426470588235294,0.6571798138993519
ProductionV2,0.02512562814070352,0.24509803921568626,0.6570310848778109
ProductionV2,0.02512562814070352,0.25,0.6503924569054887
ProductionV2,0.026381909547738693,0.25,0.6468918521165911
ProductionV2,0.026381909547738693,0.25735294117647056,0.644025452787232
ProductionV2,0.026381909547738693,0.25980392156862747,0.6433604323583962
ProductionV2,0.028266331658291458,0.2647058823529412,0.6375926319707172
ProductionV2,0.029522613065326633,0.27205882352941174,0.6372737117341329
ProductionV2,0.03015075376884422,0.27205882352941174,0.6355520249112991
ProductionV2,0.031407035175879394,0.27450980392156865,0.6353720849227712
ProductionV2,0.031407035175879394,0.2818627450980392,0.6319403837808981
ProductionV2,0.032663316582914576,0.2818627450980392,0.6276944740697225
ProductionV2,0.03329145728643216,0.28921568627450983,0.6236476733457953
ProductionV2,0.03329145728643216,0.29411764705882354,0.6202825219742848
ProductionV2,0.03329145728643216,0.29901960784313725,0.6183008966427436
ProductionV2,0.03329145728643216,0.30392156862745096,0.6164681075683198
ProductionV2,0.034547738693467334,0.30392156862745096,0.6144611338176941
ProductionV2,0.035175879396984924,0.3088235294117647,0.61337363095076
ProductionV2,0.035804020100502515,0.3088235294117647,0.6128027751139737
ProductionV2,0.035804020100502515,0.3112745098039216,0.6102397249087267
ProductionV2,0.0364321608040201,0.3112745098039216,0.6101152074399764
ProductionV2,0.03706030150753769,0.3137254901960784,0.6049275779672927
ProductionV2,0.03706030150753769,0.31862745098039214,0.6040270239670092
ProductionV2,0.038316582914572864,0.31862745098039214,0.6032114738232496
ProductionV2,0.03957286432160804,0.32107843137254904,0.6029000165317886
ProductionV2,0.03957286432160804,0.32598039215686275,0.6002605894846967
ProductionV2,0.03957286432160804,0.33088235294117646,0.5947591714506054
ProductionV2,0.042085427135678394,0.33578431372549017,0.5941141708507058
ProductionV2,0.04271356783919598,0.33578431372549017,0.5930368045279073
ProductionV2,0.04271356783919598,0.34068627450980393,0.5889554877564708
ProductionV2,0.04396984924623116,0.3431372549019608,0.5854574776574955
ProductionV2,0.04396984924623116,0.35049019607843135,0.5754824295037291
ProductionV2,0.04459798994974874,0.35294117647058826,0.5739566312300939
ProductionV2,0.04459798994974874,0.3553921568627451,0.5711936012122542
ProductionV2,0.04522613065326633,0.3553921568627451,0.5709866789542596
ProductionV2,0.04522613065326633,0.35784313725490197,0.5688719118265289
ProductionV2,0.04648241206030151,0.3602941176470588,0.5642864782940036
ProductionV2,0.04962311557788945,0.36519607843137253,0.5641936151835935
ProductionV2,0.05087939698492462,0.375,0.5625029997011433
ProductionV2,0.05087939698492462,0.37745098039215685,0.5607579795153648
ProductionV2,0.052763819095477386,0.37745098039215685,0.5462106422862145
ProductionV2,0.052763819095477386,0.3799019607843137,0.5431315011834308
ProductionV2,0.05402010050251256,0.3799019607843137,0.5413268750895464
ProductionV2,0.05464824120603015,0.3872549019607843,0.5364760983388507
ProductionV2,0.055904522613065326,0.3872549019607843,0.5358121601861232
ProductionV2,0.0571608040201005,0.39215686274509803,0.5350257435253731
ProductionV2,0.059045226130653265,0.3946078431372549,0.5319636606197623
ProductionV2,0.059045226130653265,0.39950980392156865,0.5291895969263742
ProductionV2,0.059045226130653265,0.40441176470588236,0.5238616430004375
ProductionV2,0.06155778894472362,0.4068627450980392,0.5218948591606529
ProductionV2,0.06281407035175879,0.4068627450980392,0.5217175173794667
ProductionV2,0.06407035175879397,0.4166666666666667,0.5118810506602727
ProductionV2,0.06469849246231156,0.41911764705882354,0.5092107433037438
ProductionV2,0.06469849246231156,0.42401960784313725,0.5084855666401555
ProductionV2,0.06469849246231156,0.4264705882352941,0.505918701153385
ProductionV2,0.06532663316582915,0.42892156862745096,0.5047766218622218
ProductionV2,0.06532663316582915,0.43137254901960786,0.5042924108977455
ProductionV2,0.06595477386934673,0.43137254901960786,0.5033821687802016
ProductionV2,0.06721105527638191,0.4362745098039216,0.5026221257645315
ProductionV2,0.0678391959798995,0.4362745098039216,0.5002208407479292
ProductionV2,0.06846733668341709,0.44362745098039214,0.498337356799048
ProductionV2,0.06909547738693467,0.4485294117647059,0.49477168790306497
ProductionV2,0.07035175879396985,0.4534313725490196,0.49367579940989986
ProductionV2,0.07160804020100503,0.45588235294117646,0.4904878460112086
ProductionV2,0.07160804020100503,0.4583333333333333,0.48640824154314394
ProductionV2,0.0728643216080402,0.4632352941176471,0.47877830854285364
ProductionV2,0.07349246231155779,0.4681372549019608,0.47803224593191906
ProductionV2,0.07412060301507538,0.4681372549019608,0.47644935708396535
ProductionV2,0.07412060301507538,0.47058823529411764,0.47458339889193546
ProductionV2,0.07600502512562814,0.47794117647058826,0.4628844943148262
ProductionV2,0.07600502512562814,0.4803921568627451,0.4587667239239034
ProductionV2,0.07977386934673367,0.48284313725490197,0.45767243827348036
ProductionV2,0.08040201005025126,0.4877450980392157,0.45652785656371625
ProductionV2,0.08040201005025126,0.49264705882352944,0.44938811251829097
ProductionV2,0.08165829145728644,0.5024509803921569,0.44475394082970937
ProductionV2,0.0835427135678392,0.5024509803921569,0.44433370656684656
ProductionV2,0.08479899497487438,0.5024509803921569,0.4408644716574836
ProductionV2,0.08542713567839195,0.5049019607843137,0.4377468690175237
ProductionV2,0.08668341708542714,0.5049019607843137,0.43709444052631535
ProductionV2,0.08731155778894473,0.5049019607843137,0.4320535519024106
ProductionV2,0.08731155778894473,0.5073529411764706,0.4290461655560109
ProductionV2,0.08793969849246232,0.5147058823529411,0.42135940045782416
ProductionV2,0.08919597989949749,0.5147058823529411,0.4197686519088334
ProductionV2,0.09108040201005026,0.5171568627450981,0.41612188493148144
ProductionV2,0.09170854271356783,0.5171568627450981,0.4146257614880352
ProductionV2,0.09296482412060302,0.5196078431372549,0.413476319582679
ProductionV2,0.09296482412060302,0.5245098039215687,0.40854582169826903
ProductionV2,0.0942211055276382,0.5269607843137255,0.40447702739507474
ProductionV2,0.09547738693467336,0.5269607843137255,0.38481139994487584
ProductionV2,0.09736180904522614,0.5269607843137255,0.38318943072099826
ProductionV2,0.09798994974874371,0.5318627450980392,0.3818426899874508
ProductionV2,0.10050251256281408,0.5367647058823529,0.37557352712295095
ProductionV2,0.10113065326633165,0.5367647058823529,0.3720664856029254
ProductionV2,0.10175879396984924,0.5392156862745098,0.36735185060767356
ProductionV2,0.10238693467336683,0.5392156862745098,0.3667639815009816
ProductionV2,0.10238693467336683,0.5416666666666666,0.3664111836394329
ProductionV2,0.10301507537688442,0.5416666666666666,0.36593744907165343
ProductionV2,0.10427135678391959,0.5465686274509803,0.365506161273391
ProductionV2,0.10427135678391959,0.5490196078431373,0.36319481951190286
ProductionV2,0.10552763819095477,0.5490196078431373,0.35244907587116303
ProductionV2,0.10741206030150753,0.5490196078431373,0.35112458180714584
ProductionV2,0.10866834170854271,0.5563725490196079,0.35078282966225116
ProductionV2,0.1099246231155779,0.5563725490196079,0.34599545217523997
ProductionV2,0.11118090452261306,0.5563725490196079,0.34597196194493046
ProductionV2,0.11180904522613065,0.5563725490196079,0.3420396642200652
ProductionV2,0.11306532663316583,0.5563725490196079,0.3418090206555261
ProductionV2,0.11557788944723618,0.5661764705882353,0.3406389965400243
ProductionV2,0.11620603015075377,0.571078431372549,0.3402466608213951
ProductionV2,0.11746231155778894,0.5735294117647058,0.33866911559197044
ProductionV2,0.11871859296482412,0.5735294117647058,0.3368496726457594
ProductionV2,0.12060301507537688,0.5735294117647058,0.3316822188522505
ProductionV2,0.12060301507537688,0.5759803921568627,0.3265667474409935
ProductionV2,0.12248743718592965,0.5784313725490197,0.3265441043590939
ProductionV2,0.12311557788944724,0.5784313725490197,0.32286469657061867
ProductionV2,0.12311557788944724,0.5808823529411765,0.3225918814380461
ProductionV2,0.12374371859296482,0.5808823529411765,0.32018556665218556
ProductionV2,0.125,0.5808823529411765,0.3181221750447433
ProductionV2,0.12562814070351758,0.5808823529411765,0.3176983981490592
ProductionV2,0.12688442211055276,0.5808823529411765,0.2996930402257617
ProductionV2,0.12814070351758794,0.5808823529411765,0.2947091283926984
ProductionV2,0.13190954773869346,0.5808823529411765,0.2945804778273186
ProductionV2,0.13379396984924624,0.5931372549019608,0.2880560573623857
ProductionV2,0.13442211055276382,0.5931372549019608,0.28770353691799117
ProductionV2,0.1350502512562814,0.5955882352941176,0.28601500211658343
ProductionV2,0.135678391959799,0.5955882352941176,0.28433987638078295
ProductionV2,0.135678391959799,0.5980392156862745,0.27897494107924325
ProductionV2,0.13819095477386933,0.6029411764705882,0.27469817154401166
ProductionV2,0.1407035175879397,0.6029411764705882,0.2731850415732421
ProductionV2,0.14133165829145727,0.6151960784313726,0.2685935262849687
ProductionV2,0.14258793969849246,0.6200980392156863,0.2669406724169405
ProductionV2,0.14510050251256282,0.625,0.2665158728090256
ProductionV2,0.14698492462311558,0.6299019607843137,0.2659924971049028
ProductionV2,0.14761306532663315,0.6299019607843137,0.26534368115384893
ProductionV2,0.14824120603015076,0.6323529411764706,0.2649153620177849
ProductionV2,0.14824120603015076,0.6348039215686274,0.26491306037214224
ProductionV2,0.14949748743718594,0.6348039215686274,0.26232814663652926
ProductionV2,0.15012562814070352,0.6348039215686274,0.2618765062393236
ProductionV2,0.15263819095477388,0.6348039215686274,0.26059476294192413
ProductionV2,0.15452261306532664,0.6348039215686274,0.2591768294920719
ProductionV2,0.15829145728643215,0.6348039215686274,0.2590950485227463
ProductionV2,0.16017587939698494,0.6421568627450981,0.2580014686752561
ProductionV2,0.16080402010050251,0.6470588235294118,0.2575528725748038
ProductionV2,0.1620603015075377,0.6519607843137255,0.2572487665266814
ProductionV2,0.16331658291457288,0.6519607843137255,0.2555869743992485
ProductionV2,0.16457286432160803,0.6544117647058824,0.25354145244113735
ProductionV2,0.1670854271356784,0.6544117647058824,0.2506518384471821
ProductionV2,0.17336683417085427,0.6642156862745098,0.24588881445821817
ProductionV2,0.17462311557788945,0.6666666666666666,0.24518261368430708
ProductionV2,0.17525125628140703,0.6715686274509803,0.24395419232873639
ProductionV2,0.1765075376884422,0.6715686274509803,0.24311894457802125
ProductionV2,0.1777638190954774,0.6715686274509803,0.2422392617571335
ProductionV2,0.17839195979899497,0.6715686274509803,0.24206622886018989
ProductionV2,0.17839195979899497,0.6740196078431373,0.2404118719211435
ProductionV2,0.17964824120603015,0.6740196078431373,0.24024880323985012
ProductionV2,0.18027638190954773,0.6740196078431373,0.2401453214579875
ProductionV2,0.18090452261306533,0.6764705882352942,0.23747921792635382
ProductionV2,0.1815326633165829,0.6764705882352942,0.2371025926581567
ProductionV2,0.1827889447236181,0.6764705882352942,0.2339292224098299
ProductionV2,0.18341708542713567,0.6764705882352942,0.23072546117729323
ProductionV2,0.18530150753768845,0.678921568627451,0.23005896690182454
ProductionV2,0.1878140703517588,0.678921568627451,0.22576756254311878
ProductionV2,0.18907035175879397,0.6813725490196079,0.2256979322239559
ProductionV2,0.18969849246231155,0.6813725490196079,0.22380151863400957
ProductionV2,0.19095477386934673,0.6838235294117647,0.22156300688201333
ProductionV2,0.19158291457286433,0.6838235294117647,0.22141354223898435
ProductionV2,0.19472361809045227,0.6838235294117647,0.22085237245722428
ProductionV2,0.19535175879396985,0.6838235294117647,0.2204002419282603
ProductionV2,0.19535175879396985,0.6862745098039216,0.2175609718013764
ProductionV2,0.19597989949748743,0.6862745098039216,0.217548136954764
ProductionV2,0.1972361809045226,0.6862745098039216,0.21663349058746892
ProductionV2,0.19912060301507536,0.6862745098039216,0.21498266719108286
ProductionV2,0.20037688442211055,0.6862745098039216,0.2141385401218799
ProductionV2,0.20037688442211055,0.6911764705882353,0.2139260526486021
ProductionV2,0.20037688442211055,0.6936274509803921,0.21311817510431966
ProductionV2,0.20100502512562815,0.6936274509803921,0.21307896167003937
ProductionV2,0.20100502512562815,0.6985294117647058,0.21244205279544276
ProductionV2,0.2028894472361809,0.7009803921568627,0.2119702853308295
ProductionV2,0.20351758793969849,0.7009803921568627,0.21153460905112847
ProductionV2,0.20351758793969849,0.7058823529411765,0.2108114910578615
ProductionV2,0.20603015075376885,0.7083333333333334,0.21071635271190514
ProductionV2,0.2079145728643216,0.7083333333333334,0.20934234535437954
ProductionV2,0.20854271356783918,0.7107843137254902,0.20933637160932864
ProductionV2,0.21042713567839197,0.7132352941176471,0.20788346250689518
ProductionV2,0.21168341708542712,0.7132352941176471,0.2060443290213063
ProductionV2,0.21231155778894473,0.7132352941176471,0.20478131754075204
ProductionV2,0.21419597989949749,0.7132352941176471,0.20472644575841428
ProductionV2,0.217964824120603,0.7132352941176471,0.1964990209260313
ProductionV2,0.2198492462311558,0.7156862745098039,0.19450120660742545
ProductionV2,0.22047738693467336,0.7156862745098039,0.19444506517685903
ProductionV2,0.2242462311557789,0.7205882352941176,0.19440592525735878
ProductionV2,0.2242462311557789,0.7230392156862745,0.1926377288496244
ProductionV2,0.22487437185929648,0.7303921568627451,0.1906353898249263
ProductionV2,0.22550251256281406,0.7303921568627451,0.18847316943397885
ProductionV2,0.2292713567839196,0.7303921568627451,0.1881960041279912
ProductionV2,0.2305276381909548,0.7328431372549019,0.1861079866972888
ProductionV2,0.23555276381909548,0.7328431372549019,0.18253718174293135
ProductionV2,0.23618090452261306,0.7352941176470589,0.1815779403595278
ProductionV2,0.23743718592964824,0.7352941176470589,0.1799887593193804
ProductionV2,0.23869346733668342,0.7401960784313726,0.17970532834718583
ProductionV2,0.239321608040201,0.7426470588235294,0.1768264232895981
ProductionV2,0.24057788944723618,0.7450980392156863,0.17651007879328018
ProductionV2,0.24560301507537688,0.7450980392156863,0.176096918073298
ProductionV2,0.24623115577889448,0.7450980392156863,0.17592248594400312
ProductionV2,0.24623115577889448,0.7475490196078431,0.1754851900845954
ProductionV2,0.24748743718592964,0.7475490196078431,0.17481093452920116
ProductionV2,0.2550251256281407,0.7524509803921569,0.17457269815223608
ProductionV2,0.2562814070351759,0.7524509803921569,0.17437545204893506
ProductionV2,0.25753768844221103,0.7549019607843137,0.17414549205135876
ProductionV2,0.2613065326633166,0.7573529411764706,0.17328520399077255
ProductionV2,0.2663316582914573,0.7622549019607843,0.17286958264965074
ProductionV2,0.26695979899497485,0.7622549019607843,0.17262974845189527
ProductionV2,0.26821608040201006,0.7622549019607843,0.17245880400173869
ProductionV2,0.26884422110552764,0.7647058823529411,0.1708426298825986
ProductionV2,0.2707286432160804,0.7647058823529411,0.17077812001347872
ProductionV2,0.27324120603015073,0.7671568627450981,0.17056317853794206
ProductionV2,0.2776381909547739,0.7696078431372549,0.16960749566116956
ProductionV2,0.27889447236180903,0.7696078431372549,0.16802919436594052
ProductionV2,0.28015075376884424,0.7696078431372549,0.1679853821243336
ProductionV2,0.2807788944723618,0.7696078431372549,0.16708903488861562
ProductionV2,0.28266331658291455,0.7696078431372549,0.16577125423674482
ProductionV2,0.2832914572864322,0.7696078431372549,0.16576946608079876
ProductionV2,0.2870603015075377,0.7720588235294118,0.16403229163548336
ProductionV2,0.292713567839196,0.7720588235294118,0.16182620929573252
ProductionV2,0.2964824120603015,0.7720588235294118,0.1616148848222753
ProductionV2,0.29962311557788945,0.7720588235294118,0.16133400337932813
ProductionV2,0.30339195979899497,0.7720588235294118,0.16046526615449572
ProductionV2,0.30402010050251255,0.7720588235294118,0.16042579172132862
ProductionV2,0.30527638190954776,0.7720588235294118,0.16020209632406923
ProductionV2,0.30590452261306533,0.7720588235294118,0.16014111241994325
ProductionV2,0.30778894472361806,0.7745098039215687,0.15998002978725065
ProductionV2,0.3103015075376884,0.7745098039215687,0.15873292162334926
ProductionV2,0.31155778894472363,0.7745098039215687,0.15821106741242918
ProductionV2,0.3165829145728643,0.7818627450980392,0.15810694811647924
ProductionV2,0.3178391959798995,0.7818627450980392,0.1567572591452531
ProductionV2,0.3203517587939699,0.7867647058823529,0.1565340075306468
ProductionV2,0.32097989949748745,0.7867647058823529,0.15601333606714074
ProductionV2,0.3222361809045226,0.7867647058823529,0.15599289962304497
ProductionV2,0.3241206030150754,0.7867647058823529,0.15530462543128576
ProductionV2,0.32537688442211055,0.7892156862745098,0.15440486522949481
ProductionV2,0.32663316582914576,0.7892156862745098,0.15418286100096368
ProductionV2,0.3285175879396985,0.7892156862745098,0.1538148180327286
ProductionV2,0.3285175879396985,0.7916666666666666,0.1517218862300834
ProductionV2,0.33040201005025127,0.7941176470588235,0.15071300462570023
ProductionV2,0.3316582914572864,0.7941176470588235,0.1502079685725876
ProductionV2,0.33668341708542715,0.8014705882352942,0.1497423725160809
ProductionV2,0.3379396984924623,0.8014705882352942,0.1495047145427961
ProductionV2,0.3398241206030151,0.8014705882352942,0.14945106922772758
ProductionV2,0.34108040201005024,0.8014705882352942,0.14760037273575913
ProductionV2,0.34296482412060303,0.8014705882352942,0.14567792810461289
ProductionV2,0.3479899497487437,0.8014705882352942,0.14450381923032166
ProductionV2,0.3479899497487437,0.803921568627451,0.14416659070730878
ProductionV2,0.34861809045226133,0.803921568627451,0.14373217503400332
ProductionV2,0.3530150753768844,0.803921568627451,0.14350878588182198
ProductionV2,0.3555276381909548,0.8088235294117647,0.14319695335614527
ProductionV2,0.35678391959798994,0.8088235294117647,0.1425256665849485
ProductionV2,0.3574120603015075,0.8112745098039216,0.14218776551634985
ProductionV2,0.36180904522613067,0.8137254901960784,0.1421473548886631
ProductionV2,0.36432160804020103,0.8137254901960784,0.14145802604620167
ProductionV2,0.36746231155778897,0.8137254901960784,0.14041638572410636
ProductionV2,0.36809045226130654,0.8137254901960784,0.14022632385483655
ProductionV2,0.3699748743718593,0.8137254901960784,0.13972863089152257
ProductionV2,0.3731155778894472,0.8186274509803921,0.1396961430689565
ProductionV2,0.3787688442211055,0.8235294117647058,0.13968880535364206
ProductionV2,0.3793969849246231,0.8235294117647058,0.1394422651743433
ProductionV2,0.38253768844221103,0.8259803921568627,0.13930624210210646
ProductionV2,0.3850502512562814,0.8308823529411765,0.13728864749041345
ProductionV2,0.3863065326633166,0.8308823529411765,0.1370729515656257
ProductionV2,0.38819095477386933,0.8357843137254902,0.13550336756990852
ProductionV2,0.3888190954773869,0.8406862745098039,0.13524041933598271
ProductionV2,0.3913316582914573,0.8406862745098039,0.13516052682844668
ProductionV2,0.39195979899497485,0.8406862745098039,0.1342493435012886
ProductionV2,0.39384422110552764,0.8455882352941176,0.13410974201907333
ProductionV2,0.3957286432160804,0.8480392156862745,0.13381288368168762
ProductionV2,0.396356783919598,0.8504901960784313,0.13365360456629963
ProductionV2,0.4001256281407035,0.8504901960784313,0.13268277192038355
ProductionV2,0.40138190954773867,0.8529411764705882,0.13231696623782527
ProductionV2,0.40326633165829145,0.8529411764705882,0.13102099957098667
ProductionV2,0.4045226130653266,0.8529411764705882,0.12997917125471573
ProductionV2,0.40891959798994976,0.8578431372549019,0.12980561944883942
ProductionV2,0.40954773869346733,0.8578431372549019,0.12965906338132346
ProductionV2,0.4108040201005025,0.8578431372549019,0.1293833803790576
ProductionV2,0.4114321608040201,0.8578431372549019,0.12862067362624405
ProductionV2,0.4126884422110553,0.8578431372549019,0.1278646585626952
ProductionV2,0.41708542713567837,0.8578431372549019,0.12767203075190872
ProductionV2,0.41896984924623115,0.8627450980392157,0.12698209594914697
ProductionV2,0.42085427135678394,0.8627450980392157,0.12661335650598407
ProductionV2,0.4214824120603015,0.8627450980392157,0.1263355525980834
ProductionV2,0.42336683417085424,0.8627450980392157,0.12609978800920812
ProductionV2,0.4296482412060301,0.8627450980392157,0.1254730351196849
ProductionV2,0.43090452261306533,0.8627450980392157,0.12311812816592062
ProductionV2,0.43467336683417085,0.8627450980392157,0.1225138873175099
ProductionV2,0.4353015075376884,0.8627450980392157,0.12160251104033713
ProductionV2,0.43844221105527637,0.8627450980392157,0.12128201065300437
ProductionV2,0.44095477386934673,0.8627450980392157,0.12095432953168686
ProductionV2,0.4415829145728643,0.8627450980392157,0.12081737352636927
ProductionV2,0.44409547738693467,0.8627450980392157,0.12045684220529575
ProductionV2,0.44472361809045224,0.8627450980392157,0.12031038629982194
ProductionV2,0.4491206030150754,0.8627450980392157,0.12025174596010772
ProductionV2,0.45037688442211055,0.8627450980392157,0.12017177197408464
ProductionV2,0.4535175879396985,0.8627450980392157,0.11947060824973837
ProductionV2,0.4585427135678392,0.8627450980392157,0.11940546096366288
ProductionV2,0.4591708542713568,0.8627450980392157,0.1194028418313021
ProductionV2,0.4591708542713568,0.8651960784313726,0.11861472820336422
ProductionV2,0.46042713567839194,0.8651960784313726,0.11843462057186964
ProductionV2,0.4610552763819096,0.8676470588235294,0.11732785950121263
ProductionV2,0.4623115577889447,0.8676470588235294,0.11706292617299602
ProductionV2,0.4629396984924623,0.8676470588235294,0.11695966877884038
ProductionV2,0.4641959798994975,0.8676470588235294,0.11690711655080457
ProductionV2,0.46545226130653267,0.8676470588235294,0.11686745459487548
ProductionV2,0.46733668341708545,0.8676470588235294,0.1165174603011399
ProductionV2,0.4692211055276382,0.8700980392156863,0.11638003991080895
ProductionV2,0.47173366834170855,0.8700980392156863,0.11508893520158081
ProductionV2,0.4723618090452261,0.8700980392156863,0.11503802805117003
ProductionV2,0.47361809045226133,0.8700980392156863,0.11465873730830876
ProductionV2,0.47675879396984927,0.8700980392156863,0.11384922302723187
ProductionV2,0.4792713567839196,0.8700980392156863,0.11365273388794668
ProductionV2,0.4798994974874372,0.8700980392156863,0.11334430884270522
ProductionV2,0.4824120603015075,0.8700980392156863,0.11305855813128855
ProductionV2,0.4836683417085427,0.8700980392156863,0.11267812852276704
ProductionV2,0.48555276381909546,0.8700980392156863,0.11255996544866254
ProductionV2,0.49246231155778897,0.8725490196078431,0.11241333188804202
ProductionV2,0.49309045226130654,0.8725490196078431,0.11184484701494861
ProductionV2,0.4943467336683417,0.8774509803921569,0.11088978543353063
ProductionV2,0.4956030150753769,0.8799019607843137,0.11075111391547213
ProductionV2,0.49874371859296485,0.8823529411764706,0.11070467807335511
ProductionV2,0.4993718592964824,0.8823529411764706,0.11052869577837346
ProductionV2,0.4993718592964824,0.8848039215686274,0.10954675135105744
ProductionV2,0.5006281407035176,0.8848039215686274,0.10941595338704099
ProductionV2,0.503140703517588,0.8848039215686274,0.10920250532153147
ProductionV2,0.5037688442211056,0.8848039215686274,0.1076227398915286
ProductionV2,0.5037688442211056,0.8872549019607843,0.10534554924706512
ProductionV2,0.5043969849246231,0.8872549019607843,0.10487200104361556
ProductionV2,0.5050251256281407,0.8897058823529411,0.10475047144033614
ProductionV2,0.507537688442211,0.8897058823529411,0.1025028912466398
ProductionV2,0.5081658291457286,0.8921568627450981,0.10246404021903605
ProductionV2,0.5094221105527639,0.8921568627450981,0.10185196530356339
ProductionV2,0.5125628140703518,0.8921568627450981,0.10143510936791823
ProductionV2,0.5138190954773869,0.8921568627450981,0.10141654886179978
ProductionV2,0.5150753768844221,0.8921568627450981,0.10027115130822958
ProductionV2,0.5169597989949749,0.8921568627450981,0.09870719222912222
ProductionV2,0.5194723618090452,0.8921568627450981,0.09768381019392984
ProductionV2,0.5232412060301508,0.8946078431372549,0.0971706928438366
ProductionV2,0.5251256281407035,0.8946078431372549,0.09707372121109356
ProductionV2,0.5263819095477387,0.8970588235294118,0.09597570292513682
ProductionV2,0.5276381909547738,0.8970588235294118,0.09533144611196517
ProductionV2,0.5295226130653267,0.8970588235294118,0.09530426202745824
ProductionV2,0.5301507537688442,0.8970588235294118,0.09494316471790112
ProductionV2,0.5332914572864321,0.8995098039215687,0.09334439290165568
ProductionV2,0.5345477386934674,0.9019607843137255,0.09288371030839031
ProductionV2,0.5358040201005025,0.9019607843137255,0.09246877481311018
ProductionV2,0.5376884422110553,0.9019607843137255,0.09239528063604578
ProductionV2,0.5383165829145728,0.9019607843137255,0.0911585913522356
ProductionV2,0.5433417085427136,0.9068627450980392,0.08866780383895334
ProductionV2,0.5452261306532663,0.9068627450980392,0.08643360406187982
ProductionV2,0.5458542713567839,0.9068627450980392,0.08368158551266848
ProductionV2,0.5471105527638191,0.9068627450980392,0.0832730478209084
ProductionV2,0.550251256281407,0.9093137254901961,0.08316386773402876
ProductionV2,0.5515075376884422,0.9093137254901961,0.0815393869395281
ProductionV2,0.553391959798995,0.9117647058823529,0.08089989236441067
ProductionV2,0.5546482412060302,0.9117647058823529,0.0805453882798411
ProductionV2,0.5552763819095478,0.9117647058823529,0.0804609107281968
ProductionV2,0.5603015075376885,0.9117647058823529,0.07966825697309962
ProductionV2,0.5653266331658291,0.9117647058823529,0.0790292019446193
ProductionV2,0.5665829145728644,0.9142156862745098,0.07882323318469908
ProductionV2,0.5678391959798995,0.9142156862745098,0.07860319931230055
ProductionV2,0.5703517587939698,0.9215686274509803,0.07758137561010486
ProductionV2,0.571608040201005,0.9215686274509803,0.07629441728883815
ProductionV2,0.5778894472361809,0.9215686274509803,0.07395382331174043
ProductionV2,0.5797738693467337,0.9215686274509803,0.0738792926333826
ProductionV2,0.5816582914572864,0.9240196078431373,0.07348495633674279
ProductionV2,0.5841708542713567,0.9264705882352942,0.07337916575907405
ProductionV2,0.5841708542713567,0.928921568627451,0.07288135841322428
ProductionV2,0.5879396984924623,0.928921568627451,0.07269151643657014
ProductionV2,0.5910804020100503,0.928921568627451,0.07105626304329818
ProductionV2,0.5948492462311558,0.928921568627451,0.07018822261213534
ProductionV2,0.6005025125628141,0.9313725490196079,0.07018297068511033
ProductionV2,0.6023869346733668,0.9313725490196079,0.07011662977971035
ProductionV2,0.6030150753768844,0.9313725490196079,0.07007309438524359
ProductionV2,0.6042713567839196,0.9313725490196079,0.06991800957516256
ProductionV2,0.6074120603015075,0.9313725490196079,0.06949956962557091
ProductionV2,0.6080402010050251,0.9313725490196079,0.06938163935310944
ProductionV2,0.6092964824120602,0.9313725490196079,0.06887092199860731
ProductionV2,0.6105527638190955,0.9313725490196079,0.06779369518144708
ProductionV2,0.6124371859296482,0.9313725490196079,0.06769725685997809
ProductionV2,0.6149497487437185,0.9338235294117647,0.06769378127773924
ProductionV2,0.6162060301507538,0.9338235294117647,0.06637484556823377
ProductionV2,0.6180904522613065,0.9338235294117647,0.06587325134811821
ProductionV2,0.6206030150753769,0.9338235294117647,0.06586127747244772
ProductionV2,0.621859296482412,0.9338235294117647,0.06567054909308226
ProductionV2,0.628140703517588,0.9338235294117647,0.06484304949594215
ProductionV2,0.6312814070351759,0.9338235294117647,0.0641932641828849
ProductionV2,0.632537688442211,0.9338235294117647,0.063692217589515
ProductionV2,0.6381909547738693,0.9338235294117647,0.06192670952091827
ProductionV2,0.6394472361809045,0.9338235294117647,0.061647510992472225
ProductionV2,0.6400753768844221,0.9362745098039216,0.06162111653024857
ProductionV2,0.6407035175879398,0.9362745098039216,0.06140737136420026
ProductionV2,0.6419597989949749,0.9387254901960784,0.06093153315163608
ProductionV2,0.6463567839195979,0.9411764705882353,0.060821792439862306
ProductionV2,0.6476130653266332,0.9411764705882353,0.060742901985205947
ProductionV2,0.6520100502512562,0.9436274509803921,0.06049533936210089
ProductionV2,0.6538944723618091,0.9436274509803921,0.06037450274126448
ProductionV2,0.6721105527638191,0.9485294117647058,0.060348413204375735
ProductionV2,0.6746231155778895,0.9485294117647058,0.060261831279635136
ProductionV2,0.6771356783919598,0.9509803921568627,0.05979108462076889
ProductionV2,0.6790201005025126,0.9534313725490197,0.05978941251289117
ProductionV2,0.6865577889447236,0.9558823529411765,0.05932306106718743
ProductionV2,0.6871859296482412,0.9558823529411765,0.058629367492024825
ProductionV2,0.6922110552763819,0.9583333333333334,0.058599589554178516
ProductionV2,0.699748743718593,0.9583333333333334,0.058524208313656144
ProductionV2,0.7010050251256281,0.9583333333333334,0.058173802696662835
ProductionV2,0.7028894472361809,0.9607843137254902,0.05774526741361873
ProductionV2,0.7041457286432161,0.9632352941176471,0.05714187995917804
ProductionV2,0.7079145728643216,0.9632352941176471,0.05693457116446061
ProductionV2,0.7110552763819096,0.9632352941176471,0.056535110991684
ProductionV2,0.7129396984924623,0.9632352941176471,0.055955821287715986
ProductionV2,0.7154522613065326,0.9632352941176471,0.05498817583656276
ProductionV2,0.717964824120603,0.9632352941176471,0.054740288864856164
ProductionV2,0.7217336683417085,0.9632352941176471,0.053729367813180405
ProductionV2,0.7261306532663316,0.9656862745098039,0.05267281486196312
ProductionV2,0.7273869346733668,0.9656862745098039,0.05113618521792692
ProductionV2,0.7273869346733668,0.9681372549019608,0.051126618376736634
ProductionV2,0.7298994974874372,0.9681372549019608,0.05101255340933686
ProductionV2,0.7317839195979899,0.9681372549019608,0.05057800080191735
ProductionV2,0.7324120603015075,0.9681372549019608,0.04973505857171901
ProductionV2,0.7342964824120602,0.9681372549019608,0.0485778684353105
ProductionV2,0.7374371859296482,0.9681372549019608,0.04781067932984601
ProductionV2,0.7456030150753769,0.9705882352941176,0.047433451801344596
ProductionV2,0.746859296482412,0.9705882352941176,0.047363455237360644
ProductionV2,0.7474874371859297,0.9705882352941176,0.04733008256870493
ProductionV2,0.7537688442211056,0.9730392156862745,0.046770799322171264
ProductionV2,0.7550251256281407,0.9730392156862745,0.046083287600824877
ProductionV2,0.7562814070351759,0.9730392156862745,0.04369686321622065
ProductionV2,0.7581658291457286,0.9730392156862745,0.04300675618834556
ProductionV2,0.760678391959799,0.9730392156862745,0.042521092745810084
ProductionV2,0.7644472361809045,0.9730392156862745,0.04073470379233876
ProductionV2,0.7644472361809045,0.9754901960784313,0.04041502045008883
ProductionV2,0.7694723618090452,0.9779411764705882,0.03969055795081677
ProductionV2,0.7707286432160804,0.9779411764705882,0.03928256742755713
ProductionV2,0.7782663316582915,0.9779411764705882,0.039148187444998726
ProductionV2,0.7795226130653267,0.9779411764705882,0.03901623899456061
ProductionV2,0.7814070351758794,0.9779411764705882,0.0387624067598077
ProductionV2,0.7845477386934674,0.9779411764705882,0.038479345414914295
ProductionV2,0.7858040201005025,0.9779411764705882,0.03842996336462182
ProductionV2,0.7908291457286433,0.9779411764705882,0.03819887304489268
ProductionV2,0.7914572864321608,0.9779411764705882,0.038147905010767445
ProductionV2,0.7933417085427136,0.9779411764705882,0.03800477208159516
ProductionV2,0.7964824120603015,0.9779411764705882,0.03774196048520651
ProductionV2,0.7977386934673367,0.9779411764705882,0.037617483990952286
ProductionV2,0.7977386934673367,0.9803921568627451,0.03711759838253601
ProductionV2,0.8021356783919598,0.9803921568627451,0.03694504702285242
ProductionV2,0.8096733668341709,0.9803921568627451,0.03674533145591203
ProductionV2,0.8159547738693468,0.9803921568627451,0.03671559958781725
ProductionV2,0.8165829145728644,0.9828431372549019,0.03657575295940906
ProductionV2,0.8178391959798995,0.9828431372549019,0.035998163251443976
ProductionV2,0.8190954773869347,0.9828431372549019,0.03561578848516371
ProductionV2,0.8228643216080402,0.9828431372549019,0.035563839388845414
ProductionV2,0.8260050251256281,0.9828431372549019,0.035515555892097365
ProductionV2,0.8310301507537688,0.9828431372549019,0.035408960626854225
ProductionV2,0.8316582914572864,0.9828431372549019,0.035226664232509086
ProductionV2,0.8360552763819096,0.9828431372549019,0.03499977151092577
ProductionV2,0.8391959798994975,0.9828431372549019,0.0349586149249083
ProductionV2,0.8417085427135679,0.9828431372549019,0.03487594192563999
ProductionV2,0.8442211055276382,0.9828431372549019,0.03429378413608595
ProductionV2,0.8448492462311558,0.9828431372549019,0.03424803486682983
ProductionV2,0.8492462311557789,0.9828431372549019,0.03387756459391091
ProductionV2,0.8530150753768844,0.9828431372549019,0.033593457938140336
ProductionV2,0.8555276381909548,0.9828431372549019,0.03346783975191497
ProductionV2,0.8567839195979899,0.9828431372549019,0.03315178496943227
ProductionV2,0.8605527638190955,0.9828431372549019,0.0330877424245932
ProductionV2,0.8611809045226131,0.9828431372549019,0.03307849716705798
ProductionV2,0.8630653266331658,0.9828431372549019,0.03282449796659792
ProductionV2,0.867462311557789,0.9828431372549019,0.03281707966926913
ProductionV2,0.8699748743718593,0.9828431372549019,0.03255465310433204
ProductionV2,0.8712311557788944,0.9828431372549019,0.0325306113276271
ProductionV2,0.871859296482412,0.9828431372549019,0.03210132488741786
ProductionV2,0.8756281407035176,0.9828431372549019,0.03200837727077482
ProductionV2,0.878140703517588,0.9828431372549019,0.03179476531090979
ProductionV2,0.8793969849246231,0.9828431372549019,0.03178867964634167
ProductionV2,0.8800251256281407,0.9828431372549019,0.03145451987339045
ProductionV2,0.882537688442211,0.9828431372549019,0.03118541485283621
ProductionV2,0.8837939698492462,0.9828431372549019,0.031084519729471592
ProductionV2,0.8875628140703518,0.9828431372549019,0.030900619117441425
ProductionV2,0.8881909547738693,0.9828431372549019,0.03078407269161172
ProductionV2,0.8919597989949749,0.9852941176470589,0.030694152308896834
ProductionV2,0.8944723618090452,0.9852941176470589,0.030589208248431234
ProductionV2,0.8976130653266332,0.9852941176470589,0.03058113567429632
ProductionV2,0.8976130653266332,0.9877450980392157,0.030561081654846736
ProductionV2,0.8982412060301508,0.9877450980392157,0.030076949534092966
ProductionV2,0.8994974874371859,0.9877450980392157,0.030070608543704105
ProductionV2,0.9001256281407035,0.9877450980392157,0.02999268434379197
ProductionV2,0.9026381909547738,0.9877450980392157,0.029155117232786496
ProductionV2,0.9089195979899497,0.9877450980392157,0.028887849362423116
ProductionV2,0.9126884422110553,0.9877450980392157,0.028328471202704604
ProductionV2,0.9139447236180904,0.9877450980392157,0.028156935275197834
ProductionV2,0.9195979899497487,0.9877450980392157,0.028117935866030785
ProductionV2,0.9214824120603015,0.9877450980392157,0.02799388192797421
ProductionV2,0.9227386934673367,0.9877450980392157,0.027840579565346732
ProductionV2,0.9239949748743719,0.9877450980392157,0.02767132290649684
ProductionV2,0.9271356783919598,0.9877450980392157,0.02763615859739728
ProductionV2,0.9327889447236181,0.9877450980392157,0.027617550716757974
ProductionV2,0.9334170854271356,0.9877450980392157,0.027415791277802404
ProductionV2,0.9334170854271356,0.9901960784313726,0.027211075762307708
ProductionV2,0.9346733668341709,0.9901960784313726,0.02684556225778171
ProductionV2,0.9365577889447236,0.9901960784313726,0.026487918772938303
ProductionV2,0.9403266331658291,0.9901960784313726,0.025603335262329593
ProductionV2,0.9428391959798995,0.9901960784313726,0.02541117406321143
ProductionV2,0.9447236180904522,0.9901960784313726,0.025180988709280202
ProductionV2,0.9472361809045227,0.9901960784313726,0.024552936945527758
ProductionV2,0.949748743718593,0.9926470588235294,0.02437287320419297
ProductionV2,0.9510050251256281,0.9926470588235294,0.024146120600565948
ProductionV2,0.9547738693467337,0.9926470588235294,0.023740912097230733
ProductionV2,0.9560301507537688,0.9926470588235294,0.023569369278009705
ProductionV2,0.9579145728643216,0.9926470588235294,0.023532515963564624
ProductionV2,0.9591708542713567,0.9926470588235294,0.022677333875002346
ProductionV2,0.960427135678392,0.9950980392156863,0.02259643332734648
ProductionV2,0.9610552763819096,0.9975490196078431,0.022131512645843465
ProductionV2,0.9616834170854272,0.9975490196078431,0.02114003709347856
ProductionV2,0.964824120603015,0.9975490196078431,0.02095633139432192
ProductionV2,0.9660804020100503,0.9975490196078431,0.02089944126022528
ProductionV2,0.9685929648241206,0.9975490196078431,0.02080285101516367
ProductionV2,0.9692211055276382,0.9975490196078431,0.020522623325476365
ProductionV2,0.9711055276381909,0.9975490196078431,0.02018582575965419
ProductionV2,0.9717336683417085,0.9975490196078431,0.01977141606907799
ProductionV2,0.9729899497487438,0.9975490196078431,0.019669279978573706
ProductionV2,0.9736180904522613,0.9975490196078431,0.019604435813706383
ProductionV2,0.9773869346733668,0.9975490196078431,0.019247213378680142
ProductionV2,0.9780150753768844,0.9975490196078431,0.018786007559750417
ProductionV2,0.9798994974874372,0.9975490196078431,0.01782562581364784
ProductionV2,0.9811557788944724,0.9975490196078431,0.016732684189626236
ProductionV2,0.9899497487437185,0.9975490196078431,0.01618594695729026
ProductionV2,0.9912060301507538,0.9975490196078431,0.015525124795372255
ProductionV2,0.9930904522613065,0.9975490196078431,0.014166600944025593
ProductionV2,0.9943467336683417,0.9975490196078431,0.014018036694539642
ProductionV2,0.9949748743718593,0.9975490196078431,0.014012760297812338
ProductionV2,0.996859296482412,1.0,0.013243417389321532
ProductionV2,0.9974874371859297,1.0,0.012266803503628222
ProductionV2,0.9987437185929648,1.0,0.01178491125867393
ProductionV2,1.0,1.0,0.010044596757124193
DummyPrior,0.0,0.0,inf
DummyPrior,1.0,1.0,0.20375
LogisticRegression,0.0,0.0,inf
LogisticRegression,0.000628140703517588,0.0,0.9849320194221644
LogisticRegression,0.011306532663316583,0.0,0.9183977782900737
LogisticRegression,0.01256281407035176,0.0,0.9173140117340894
LogisticRegression,0.01256281407035176,0.0024509803921568627,0.9173094182295357
LogisticRegression,0.015703517587939697,0.0024509803921568627,0.9123184003347805
LogisticRegression,0.015703517587939697,0.004901960784313725,0.908842409982737
LogisticRegression,0.016331658291457288,0.004901960784313725,0.9083932755494569
LogisticRegression,0.016331658291457288,0.012254901960784314,0.8963311760669198
LogisticRegression,0.016959798994974875,0.012254901960784314,0.890515671209686
LogisticRegression,0.016959798994974875,0.01715686274509804,0.8851718876144213
LogisticRegression,0.01821608040201005,0.01715686274509804,0.8838009371037069
LogisticRegression,0.01821608040201005,0.0196078431372549,0.8796025442747137
LogisticRegression,0.019472361809045227,0.0196078431372549,0.8766520245337319
LogisticRegression,0.019472361809045227,0.022058823529411766,0.8746495509331679
LogisticRegression,0.020100502512562814,0.022058823529411766,0.8745909656329948
LogisticRegression,0.02135678391959799,0.022058823529411766,0.8744930625322043
LogisticRegression,0.02198492462311558,0.022058823529411766,0.8700078310364021
LogisticRegression,0.02198492462311558,0.024509803921568627,0.8687383538380326
LogisticRegression,0.024497487437185928,0.024509803921568627,0.853305325664378
LogisticRegression,0.025753768844221106,0.024509803921568627,0.8475951735967694
LogisticRegression,0.028266331658291458,0.024509803921568627,0.8383054521191128
LogisticRegression,0.029522613065326633,0.024509803921568627,0.835844220622345
LogisticRegression,0.03015075376884422,0.024509803921568627,0.8323557838330796
LogisticRegression,0.03015075376884422,0.029411764705882353,0.8304446350258098
LogisticRegression,0.03077889447236181,0.03431372549019608,0.8294353731402291
LogisticRegression,0.03077889447236181,0.0392156862745098,0.8276156695684516
LogisticRegression,0.031407035175879394,0.04656862745098039,0.8262419337191172
LogisticRegression,0.035175879396984924,0.04656862745098039,0.8212644373413995
LogisticRegression,0.035175879396984924,0.049019607843137254,0.8208354555484147
LogisticRegression,0.0364321608040201,0.049019607843137254,0.8156459275426674
LogisticRegression,0.0364321608040201,0.051470588235294115,0.8144690703862396
LogisticRegression,0.03768844221105527,0.051470588235294115,0.8128339002566596
LogisticRegression,0.038316582914572864,0.051470588235294115,0.8118248946215608
LogisticRegression,0.038316582914572864,0.05392156862745098,0.8088753666788265
LogisticRegression,0.03957286432160804,0.05392156862745098,0.8071076277218386
LogisticRegression,0.04082914572864322,0.05392156862745098,0.8022172276176408
LogisticRegression,0.042085427135678394,0.05392156862745098,0.8012489996747673
LogisticRegression,0.042085427135678394,0.056372549019607844,0.800274604955847
LogisticRegression,0.04271356783919598,0.056372549019607844,0.7992666293763059
LogisticRegression,0.04334170854271357,0.061274509803921566,0.7984306217051961
LogisticRegression,0.04396984924623116,0.061274509803921566,0.7983176987911462
LogisticRegression,0.04459798994974874,0.0661764705882353,0.7925768606743083
LogisticRegression,0.04585427135678392,0.0661764705882353,0.7883186036570804
LogisticRegression,0.04585427135678392,0.07107843137254902,0.786410938036631
LogisticRegression,0.0471105527638191,0.07107843137254902,0.7862758378653891
LogisticRegression,0.04773869346733668,0.07107843137254902,0.7837098826972428
LogisticRegression,0.048994974874371856,0.07352941176470588,0.7832319837303333
LogisticRegression,0.048994974874371856,0.08088235294117647,0.7766383040494078
LogisticRegression,0.05025125628140704,0.08088235294117647,0.7756075986030934
LogisticRegression,0.05087939698492462,0.08088235294117647,0.7749751464766835
LogisticRegression,0.05087939698492462,0.0857843137254902,0.7707638882468834
LogisticRegression,0.05087939698492462,0.09313725490196079,0.7643450033034869
LogisticRegression,0.05150753768844221,0.09558823529411764,0.7612026209194592
LogisticRegression,0.052135678391959796,0.09558823529411764,0.7601447206211979
LogisticRegression,0.052135678391959796,0.09803921568627451,0.759642900852849
LogisticRegression,0.052763819095477386,0.09803921568627451,0.7590955411575513
LogisticRegression,0.052763819095477386,0.10049019607843138,0.7570389356617944
LogisticRegression,0.05402010050251256,0.1053921568627451,0.7536701392487462
LogisticRegression,0.05402010050251256,0.11274509803921569,0.7528262258732463
LogisticRegression,0.05527638190954774,0.11274509803921569,0.7507015606984447
LogisticRegression,0.055904522613065326,0.11519607843137254,0.7471590215881677
LogisticRegression,0.055904522613065326,0.12009803921568628,0.7464157746256982
LogisticRegression,0.0571608040201005,0.12009803921568628,0.7449635171464378
LogisticRegression,0.0571608040201005,0.125,0.7442547255639858
LogisticRegression,0.0571608040201005,0.12745098039215685,0.7427555121738485
LogisticRegression,0.05841708542713568,0.12745098039215685,0.738916674888219
LogisticRegression,0.05841708542713568,0.12990196078431374,0.736753694008922
LogisticRegression,0.059045226130653265,0.12990196078431374,0.736056929518322
LogisticRegression,0.059045226130653265,0.13970588235294118,0.7305134321876676
LogisticRegression,0.06030150753768844,0.13970588235294118,0.7279874057235957
LogisticRegression,0.06030150753768844,0.14460784313725492,0.726869158249849
LogisticRegression,0.06155778894472362,0.14460784313725492,0.7225345054726944
LogisticRegression,0.06155778894472362,0.14705882352941177,0.7181110749615204
LogisticRegression,0.06281407035175879,0.14705882352941177,0.7180502216281094
LogisticRegression,0.06344221105527638,0.14950980392156862,0.7158833665279406
LogisticRegression,0.06407035175879397,0.14950980392156862,0.7157808633619681
LogisticRegression,0.06407035175879397,0.15441176470588236,0.7139959616804813
LogisticRegression,0.06407035175879397,0.16176470588235295,0.7113962552779866
LogisticRegression,0.06469849246231156,0.16176470588235295,0.7103013568006729
LogisticRegression,0.06595477386934673,0.16176470588235295,0.7089071793265669
LogisticRegression,0.06595477386934673,0.16666666666666666,0.7069704360605293
LogisticRegression,0.06721105527638191,0.16666666666666666,0.7058467540707949
LogisticRegression,0.06721105527638191,0.16911764705882354,0.7044012439031361
LogisticRegression,0.0678391959798995,0.16911764705882354,0.703604534081845
LogisticRegression,0.0678391959798995,0.17892156862745098,0.7013524540388014
LogisticRegression,0.0678391959798995,0.18627450980392157,0.695666852636421
LogisticRegression,0.06846733668341709,0.19362745098039216,0.6945377264025132
LogisticRegression,0.07035175879396985,0.19852941176470587,0.6934239661317257
LogisticRegression,0.07035175879396985,0.20098039215686275,0.6922468875659732
LogisticRegression,0.07097989949748744,0.2034313725490196,0.6911718879662451
LogisticRegression,0.07160804020100503,0.2034313725490196,0.6889106881480294
LogisticRegression,0.07160804020100503,0.20588235294117646,0.6866593564795251
LogisticRegression,0.07160804020100503,0.2107843137254902,0.6820730827224166
LogisticRegression,0.07160804020100503,0.21323529411764705,0.681827573209943
LogisticRegression,0.07160804020100503,0.2181372549019608,0.6809570756309834
LogisticRegression,0.07160804020100503,0.22303921568627452,0.6797761281767674
LogisticRegression,0.0722361809045226,0.22303921568627452,0.6786115170244872
LogisticRegression,0.0722361809045226,0.22549019607843138,0.6774704258472514
LogisticRegression,0.0722361809045226,0.23284313725490197,0.6763414893436364
LogisticRegression,0.0722361809045226,0.23774509803921567,0.6751560552514569
LogisticRegression,0.07349246231155779,0.23774509803921567,0.671785456811187
LogisticRegression,0.07349246231155779,0.24019607843137256,0.6671968484268201
LogisticRegression,0.07600502512562814,0.24019607843137256,0.6648905294243668
LogisticRegression,0.07600502512562814,0.2426470588235294,0.6625763106847341
LogisticRegression,0.07726130653266332,0.2426470588235294,0.6608607853350233
LogisticRegression,0.07788944723618091,0.24509803921568626,0.6602542765887655
LogisticRegression,0.07914572864321608,0.24509803921568626,0.6591139316929343
LogisticRegression,0.07977386934673367,0.24754901960784315,0.6568262418050133
LogisticRegression,0.07977386934673367,0.25,0.6545312461945227
LogisticRegression,0.08040201005025126,0.25,0.6513194601794801
LogisticRegression,0.08103015075376885,0.25245098039215685,0.6501000129341501
LogisticRegression,0.08103015075376885,0.25735294117647056,0.6499196754498708
LogisticRegression,0.08165829145728644,0.25735294117647056,0.6477377678886295
LogisticRegression,0.08165829145728644,0.2622549019607843,0.6476032723254136
LogisticRegression,0.08165829145728644,0.26715686274509803,0.6463691129059416
LogisticRegression,0.08228643216080402,0.26715686274509803,0.6453682745346402
LogisticRegression,0.08228643216080402,0.2696078431372549,0.6452799074796116
LogisticRegression,0.08228643216080402,0.27450980392156865,0.6440886914284557
LogisticRegression,0.08228643216080402,0.2769607843137255,0.6429916274162729
LogisticRegression,0.0829145728643216,0.2769607843137255,0.6429496700633018
LogisticRegression,0.08417085427135679,0.27941176470588236,0.6418017137920548
LogisticRegression,0.08417085427135679,0.2818627450980392,0.6406126504677744
LogisticRegression,0.08479899497487438,0.2818627450980392,0.6395082656541737
LogisticRegression,0.08479899497487438,0.28431372549019607,0.637208433801578
LogisticRegression,0.08479899497487438,0.28921568627450983,0.6365399188545374
LogisticRegression,0.08605527638190955,0.2916666666666667,0.6349023061401194
LogisticRegression,0.08605527638190955,0.2965686274509804,0.6325899716840976
LogisticRegression,0.08731155778894473,0.2965686274509804,0.6310044877482746
LogisticRegression,0.08731155778894473,0.30392156862745096,0.630271520545226
LogisticRegression,0.08919597989949749,0.30392156862745096,0.6290306783038095
LogisticRegression,0.08982412060301508,0.3112745098039216,0.6279470439212047
LogisticRegression,0.09108040201005026,0.3112745098039216,0.6274478515315243
LogisticRegression,0.09108040201005026,0.3137254901960784,0.6267505833286963
LogisticRegression,0.09233668341708542,0.3137254901960784,0.6256166340839016
LogisticRegression,0.09296482412060302,0.3137254901960784,0.6250685355869571
LogisticRegression,0.09296482412060302,0.31862745098039214,0.6244648407222501
LogisticRegression,0.09547738693467336,0.3235294117647059,0.6221735387180553
LogisticRegression,0.09736180904522614,0.3235294117647059,0.6202918311785404
LogisticRegression,0.09798994974874371,0.3284313725490196,0.6198767665101333
LogisticRegression,0.0986180904522613,0.3284313725490196,0.6178946449376767
LogisticRegression,0.09987437185929648,0.33088235294117646,0.617574614241066
LogisticRegression,0.10050251256281408,0.3333333333333333,0.615491706006051
LogisticRegression,0.10113065326633165,0.3333333333333333,0.6152671729897815
LogisticRegression,0.10238693467336683,0.3333333333333333,0.612954534759008
LogisticRegression,0.10301507537688442,0.3333333333333333,0.6117109688609393
LogisticRegression,0.10301507537688442,0.33578431372549017,0.6106641040438664
LogisticRegression,0.10301507537688442,0.3431372549019608,0.6106367924623936
LogisticRegression,0.10364321608040201,0.34558823529411764,0.6095286721852919
LogisticRegression,0.10489949748743718,0.3480392156862745,0.6094389187634192
LogisticRegression,0.10552763819095477,0.35294117647058826,0.6083140399112992
LogisticRegression,0.10552763819095477,0.3553921568627451,0.6081960773006686
LogisticRegression,0.10552763819095477,0.3627450980392157,0.6057225068121731
LogisticRegression,0.10615577889447236,0.36519607843137253,0.6048806370924883
LogisticRegression,0.10741206030150753,0.375,0.6025945849412987
LogisticRegression,0.10866834170854271,0.375,0.602392747111497
LogisticRegression,0.1092964824120603,0.37745098039215685,0.6003040461709135
LogisticRegression,0.1099246231155779,0.37745098039215685,0.6000042326778358
LogisticRegression,0.1099246231155779,0.3799019607843137,0.5980091124375354
LogisticRegression,0.11118090452261306,0.3799019607843137,0.5963796431112216
LogisticRegression,0.11243718592964824,0.38235294117647056,0.5952130170506833
LogisticRegression,0.11243718592964824,0.3872549019607843,0.5944674435463306
LogisticRegression,0.11369346733668342,0.3872549019607843,0.5940283842030796
LogisticRegression,0.11369346733668342,0.3946078431372549,0.5921966044167157
LogisticRegression,0.11494974874371859,0.3946078431372549,0.5916728062867277
LogisticRegression,0.11809045226130653,0.39950980392156865,0.591098869250641
LogisticRegression,0.11871859296482412,0.4019607843137255,0.5899503911390477
LogisticRegression,0.11871859296482412,0.40441176470588236,0.5897393600035934
LogisticRegression,0.1199748743718593,0.40931372549019607,0.5876861108760546
LogisticRegression,0.12060301507537688,0.40931372549019607,0.5869490964366598
LogisticRegression,0.12123115577889447,0.41421568627450983,0.5854181138911645
LogisticRegression,0.12123115577889447,0.4166666666666667,0.5848115246062667
LogisticRegression,0.12185929648241206,0.4166666666666667,0.5845811678976116
LogisticRegression,0.12311557788944724,0.4215686274509804,0.5831464904511445
LogisticRegression,0.12374371859296482,0.42401960784313725,0.5822093271067741
LogisticRegression,0.125,0.4338235294117647,0.580871331429336
LogisticRegression,0.12625628140703518,0.4338235294117647,0.5786064349484598
LogisticRegression,0.12688442211055276,0.4362745098039216,0.5785927282918755
LogisticRegression,0.12688442211055276,0.4387254901960784,0.5774543235210231
LogisticRegression,0.12751256281407036,0.4387254901960784,0.5773551386426926
LogisticRegression,0.12876884422110552,0.4485294117647059,0.5751210844667739
LogisticRegression,0.12876884422110552,0.4534313725490196,0.5740255584143947
LogisticRegression,0.12939698492462312,0.4534313725490196,0.5739398754250042
LogisticRegression,0.1300251256281407,0.4583333333333333,0.5728839573674569
LogisticRegression,0.1306532663316583,0.46078431372549017,0.5717371774437271
LogisticRegression,0.13128140703517588,0.46078431372549017,0.5716015932621964
LogisticRegression,0.13128140703517588,0.4632352941176471,0.5709716037009558
LogisticRegression,0.13379396984924624,0.46568627450980393,0.570643844817507
LogisticRegression,0.1350502512562814,0.4681372549019608,0.5692601092601998
LogisticRegression,0.1350502512562814,0.47058823529411764,0.5689537301496683
LogisticRegression,0.13881909547738694,0.4730392156862745,0.5684008347735222
LogisticRegression,0.13944723618090452,0.4730392156862745,0.5669155239526513
LogisticRegression,0.14007537688442212,0.4803921568627451,0.566155015662614
LogisticRegression,0.1407035175879397,0.4803921568627451,0.5645679384232135
LogisticRegression,0.1407035175879397,0.48284313725490197,0.5639064763689279
LogisticRegression,0.14195979899497488,0.48284313725490197,0.5632999603108392
LogisticRegression,0.14258793969849246,0.4852941176470588,0.5622174542886963
LogisticRegression,0.14384422110552764,0.49019607843137253,0.5616553062200076
LogisticRegression,0.14510050251256282,0.49019607843137253,0.5604260825098517
LogisticRegression,0.1457286432160804,0.49264705882352944,0.5598641736819792
LogisticRegression,0.14698492462311558,0.4950980392156863,0.5594015949730071
LogisticRegression,0.14949748743718594,0.5,0.5582211617953782
LogisticRegression,0.1507537688442211,0.5049019607843137,0.5571454328007549
LogisticRegression,0.1513819095477387,0.5049019607843137,0.5563863704543587
LogisticRegression,0.15263819095477388,0.5122549019607843,0.5560139431445666
LogisticRegression,0.15389447236180903,0.5147058823529411,0.5548869102776752
LogisticRegression,0.1551507537688442,0.5147058823529411,0.5538045114139664
LogisticRegression,0.15577889447236182,0.5147058823529411,0.5517649772437123
LogisticRegression,0.1564070351758794,0.5196078431372549,0.5515929518076449
LogisticRegression,0.157035175879397,0.5220588235294118,0.5494508725324113
LogisticRegression,0.15891959798994976,0.5245098039215687,0.5493793498643031
LogisticRegression,0.15891959798994976,0.5294117647058824,0.5471637914442808
LogisticRegression,0.16017587939698494,0.5294117647058824,0.5471346264070667
LogisticRegression,0.1620603015075377,0.5294117647058824,0.544946362716455
LogisticRegression,0.16268844221105527,0.5294117647058824,0.5448163373255757
LogisticRegression,0.16394472361809045,0.5294117647058824,0.5437288081691674
LogisticRegression,0.16457286432160803,0.5294117647058824,0.543608247300797
LogisticRegression,0.16645728643216082,0.5294117647058824,0.5427271501450344
LogisticRegression,0.16771356783919597,0.5294117647058824,0.5424961040984283
LogisticRegression,0.16834170854271358,0.5343137254901961,0.5415591302808739
LogisticRegression,0.16959798994974876,0.5343137254901961,0.5413375212843209
LogisticRegression,0.16959798994974876,0.5367647058823529,0.5405062404762572
LogisticRegression,0.1708542713567839,0.5367647058823529,0.5401740258720877
LogisticRegression,0.17336683417085427,0.5416666666666666,0.5393878752413516
LogisticRegression,0.17525125628140703,0.5416666666666666,0.5390650770783939
LogisticRegression,0.1765075376884422,0.5416666666666666,0.5372151243906601
LogisticRegression,0.17839195979899497,0.5416666666666666,0.5367910079420694
LogisticRegression,0.17964824120603015,0.5416666666666666,0.5350409592953652
LogisticRegression,0.17964824120603015,0.5441176470588235,0.53360042898268
LogisticRegression,0.18027638190954773,0.5465686274509803,0.5328654617364038
LogisticRegression,0.1815326633165829,0.5514705882352942,0.5306887136968793
LogisticRegression,0.1827889447236181,0.5514705882352942,0.5287164625581391
LogisticRegression,0.18404522613065327,0.5563725490196079,0.5285107973497924
LogisticRegression,0.1865577889447236,0.5563725490196079,0.5276803563862568
LogisticRegression,0.1884422110552764,0.5588235294117647,0.5273079690180792
LogisticRegression,0.19095477386934673,0.5588235294117647,0.5264868747327281
LogisticRegression,0.19283919597989949,0.5661764705882353,0.5263317950457105
LogisticRegression,0.19409547738693467,0.5686274509803921,0.5253995703814459
LogisticRegression,0.19472361809045227,0.5735294117647058,0.5251791013249519
LogisticRegression,0.1978643216080402,0.5735294117647058,0.5242562300992619
LogisticRegression,0.1984924623115578,0.5784313725490197,0.5241517893003796
LogisticRegression,0.19912060301507536,0.5906862745098039,0.5230493180080689
LogisticRegression,0.19974874371859297,0.5931372549019608,0.5219708627822841
LogisticRegression,0.20100502512562815,0.5931372549019608,0.5197921248096813
LogisticRegression,0.2028894472361809,0.5931372549019608,0.5187873130373939
LogisticRegression,0.20477386934673367,0.5980392156862745,0.5175588417262964
LogisticRegression,0.20477386934673367,0.6004901960784313,0.5166552459443344
LogisticRegression,0.20540201005025124,0.6004901960784313,0.5153248569521459
LogisticRegression,0.20603015075376885,0.6029411764705882,0.5145225723266238
LogisticRegression,0.20665829145728642,0.6029411764705882,0.5130902595821056
LogisticRegression,0.2079145728643216,0.6078431372549019,0.5123893697078143
LogisticRegression,0.20854271356783918,0.6078431372549019,0.511863819349915
LogisticRegression,0.20854271356783918,0.6102941176470589,0.5117423995029012
LogisticRegression,0.2091708542713568,0.6102941176470589,0.5112040588124769
LogisticRegression,0.21168341708542712,0.6127450980392157,0.510855138808954
LogisticRegression,0.2135678391959799,0.6127450980392157,0.5102557156885018
LogisticRegression,0.21608040201005024,0.6127450980392157,0.5091209981791348
LogisticRegression,0.21670854271356785,0.6127450980392157,0.5086195839091495
LogisticRegression,0.2185929648241206,0.625,0.5081216879350461
LogisticRegression,0.21922110552763818,0.625,0.5074943264614219
LogisticRegression,0.21922110552763818,0.6274509803921569,0.5071695990562034
LogisticRegression,0.22173366834170855,0.6274509803921569,0.5070376207738109
LogisticRegression,0.22298994974874373,0.6274509803921569,0.5063836842285802
LogisticRegression,0.2236180904522613,0.6299019607843137,0.5059873641682722
LogisticRegression,0.22738693467336685,0.6299019607843137,0.5031236883341088
LogisticRegression,0.2305276381909548,0.6323529411764706,0.5009381484792553
LogisticRegression,0.23241206030150754,0.6348039215686274,0.5007863113127877
LogisticRegression,0.2342964824120603,0.6348039215686274,0.4987525727745241
LogisticRegression,0.23743718592964824,0.6397058823529411,0.4987023903359718
LogisticRegression,0.23743718592964824,0.6421568627450981,0.4980211638379792
LogisticRegression,0.23806532663316582,0.6421568627450981,0.4966185144397966
LogisticRegression,0.239321608040201,0.6446078431372549,0.49545323330243723
LogisticRegression,0.24120603015075376,0.6446078431372549,0.49536053561984644
LogisticRegression,0.2443467336683417,0.6495098039215687,0.4945347560162289
LogisticRegression,0.24623115577889448,0.6495098039215687,0.4943816478810645
LogisticRegression,0.24874371859296482,0.6544117647058824,0.4934203906836779
LogisticRegression,0.2518844221105528,0.6544117647058824,0.49322606498240534
LogisticRegression,0.2537688442211055,0.6617647058823529,0.4924511874409118
LogisticRegression,0.2556532663316583,0.6642156862745098,0.4921964656941761
LogisticRegression,0.25753768844221103,0.6642156862745098,0.4913877655985166
LogisticRegression,0.2600502512562814,0.6642156862745098,0.4910918412562048
LogisticRegression,0.2613065326633166,0.6642156862745098,0.4903678810631116
LogisticRegression,0.2619346733668342,0.6642156862745098,0.49001158163556946
LogisticRegression,0.2657035175879397,0.6642156862745098,0.48935542521398195
LogisticRegression,0.2675879396984925,0.6642156862745098,0.48895794219063465
LogisticRegression,0.2701005025125628,0.6642156862745098,0.4873234366594634
LogisticRegression,0.27261306532663315,0.6715686274509803,0.48682444548776416
LogisticRegression,0.27261306532663315,0.6740196078431373,0.4855952848644673
LogisticRegression,0.27638190954773867,0.6740196078431373,0.48529186701784616
LogisticRegression,0.2770100502512563,0.6740196078431373,0.4846914287910316
LogisticRegression,0.2770100502512563,0.6764705882352942,0.4833316429662897
LogisticRegression,0.27889447236180903,0.6813725490196079,0.4832607833166607
LogisticRegression,0.28015075376884424,0.6813725490196079,0.48255896967395173
LogisticRegression,0.28266331658291455,0.6862745098039216,0.48123025251924734
LogisticRegression,0.28266331658291455,0.6887254901960784,0.4811274542018034
LogisticRegression,0.2851758793969849,0.6887254901960784,0.48008722772644846
LogisticRegression,0.2864321608040201,0.6887254901960784,0.4792431035333102
LogisticRegression,0.2870603015075377,0.6887254901960784,0.4792003415159384
LogisticRegression,0.2870603015075377,0.6911764705882353,0.4788946254223032
LogisticRegression,0.28831658291457285,0.6911764705882353,0.4782960340555952
LogisticRegression,0.28957286432160806,0.6936274509803921,0.47810842487049915
LogisticRegression,0.29020100502512564,0.6936274509803921,0.4771711171152613
LogisticRegression,0.29208542713567837,0.696078431372549,0.47716314234541524
LogisticRegression,0.2952261306532663,0.696078431372549,0.4761657122504251
LogisticRegression,0.2971105527638191,0.6985294117647058,0.47613030885301943
LogisticRegression,0.2971105527638191,0.7009803921568627,0.47553966134827114
LogisticRegression,0.29962311557788945,0.7009803921568627,0.4750839728898373
LogisticRegression,0.3015075376884422,0.7009803921568627,0.4741529414648409
LogisticRegression,0.3027638190954774,0.7009803921568627,0.47300566690564905
LogisticRegression,0.30527638190954776,0.7034313725490197,0.47217638440298726
LogisticRegression,0.30527638190954776,0.7058823529411765,0.47118093894196006
LogisticRegression,0.3071608040201005,0.7083333333333334,0.47092829601237995
LogisticRegression,0.30778894472361806,0.7107843137254902,0.4702006992630028
LogisticRegression,0.30778894472361806,0.7132352941176471,0.46900318292329507
LogisticRegression,0.31155778894472363,0.7132352941176471,0.4667766453200519
LogisticRegression,0.31532663316582915,0.7181372549019608,0.46625219057758976
LogisticRegression,0.3178391959798995,0.7181372549019608,0.4651333618530175
LogisticRegression,0.31909547738693467,0.7181372549019608,0.4647025080740474
LogisticRegression,0.31972361809045224,0.7181372549019608,0.464279489647206
LogisticRegression,0.3222361809045226,0.7181372549019608,0.46354315373651594
LogisticRegression,0.32537688442211055,0.7181372549019608,0.4632118388411867
LogisticRegression,0.32663316582914576,0.7181372549019608,0.4626295910056095
LogisticRegression,0.32726130653266333,0.7230392156862745,0.46230790585364606
LogisticRegression,0.3285175879396985,0.7230392156862745,0.46152147592845466
LogisticRegression,0.33479899497487436,0.7230392156862745,0.460557964989885
LogisticRegression,0.3360552763819096,0.7230392156862745,0.4595010629737786
LogisticRegression,0.3379396984924623,0.7254901960784313,0.45937212497743324
LogisticRegression,0.3391959798994975,0.7254901960784313,0.45848770072411565
LogisticRegression,0.3391959798994975,0.7279411764705882,0.4581337420228376
LogisticRegression,0.34108040201005024,0.7279411764705882,0.4574819804320833
LogisticRegression,0.34233668341708545,0.7303921568627451,0.45745404665388245
LogisticRegression,0.3435929648241206,0.7303921568627451,0.45553722885521597
LogisticRegression,0.34673366834170855,0.7328431372549019,0.4554642936887269
LogisticRegression,0.34673366834170855,0.7352941176470589,0.4549689744869667
LogisticRegression,0.3479899497487437,0.7377450980392157,0.45362172748650925
LogisticRegression,0.3555276381909548,0.7377450980392157,0.45170759829755747
LogisticRegression,0.3586683417085427,0.7377450980392157,0.4514333682170588
LogisticRegression,0.3592964824120603,0.7401960784313726,0.45073745829370904
LogisticRegression,0.3599246231155779,0.7401960784313726,0.45061462244163925
LogisticRegression,0.3636934673366834,0.7401960784313726,0.44979489687647145
LogisticRegression,0.36432160804020103,0.7401960784313726,0.4494202593131315
LogisticRegression,0.36809045226130654,0.7401960784313726,0.4487530546071047
LogisticRegression,0.36809045226130654,0.7426470588235294,0.4486243305088783
LogisticRegression,0.3693467336683417,0.7426470588235294,0.4482874998147258
LogisticRegression,0.3699748743718593,0.75,0.4478836786433123
LogisticRegression,0.37185929648241206,0.75,0.447408805839818
LogisticRegression,0.3743718592964824,0.7524509803921569,0.44689292149291393
LogisticRegression,0.37625628140703515,0.7524509803921569,0.44632724797402845
LogisticRegression,0.3793969849246231,0.7524509803921569,0.44597399884376865
LogisticRegression,0.3812814070351759,0.7549019607843137,0.44539907218666913
LogisticRegression,0.38379396984924624,0.7549019607843137,0.44503427400908546
LogisticRegression,0.3850502512562814,0.7549019607843137,0.44436866388506174
LogisticRegression,0.3863065326633166,0.7573529411764706,0.4433911225195352
LogisticRegression,0.38944723618090454,0.7598039215686274,0.44317716290035186
LogisticRegression,0.39195979899497485,0.7622549019607843,0.4424118069086326
LogisticRegression,0.39384422110552764,0.7622549019607843,0.44132163874072416
LogisticRegression,0.39824120603015073,0.7647058823529411,0.4404567361924198
LogisticRegression,0.4020100502512563,0.7671568627450981,0.4394677519280951
LogisticRegression,0.4057788944723618,0.7671568627450981,0.4385035106639735
LogisticRegression,0.40703517587939697,0.7671568627450981,0.43761555267888486
LogisticRegression,0.40703517587939697,0.7696078431372549,0.4373200856442039
LogisticRegression,0.40703517587939697,0.7745098039215687,0.4371706398601801
LogisticRegression,0.4082914572864322,0.7769607843137255,0.4365521890237714
LogisticRegression,0.4108040201005025,0.7794117647058824,0.4365498118624796
LogisticRegression,0.4120603015075377,0.7794117647058824,0.43576509102272826
LogisticRegression,0.4120603015075377,0.7818627450980392,0.4351207062024254
LogisticRegression,0.41331658291457285,0.7867647058823529,0.4347503345334212
LogisticRegression,0.4139447236180904,0.7867647058823529,0.43460282973833547
LogisticRegression,0.41520100502512564,0.7892156862745098,0.4339164167972063
LogisticRegression,0.4164572864321608,0.7892156862745098,0.43349826542880115
LogisticRegression,0.4164572864321608,0.7916666666666666,0.43307298859986604
LogisticRegression,0.417713567839196,0.7941176470588235,0.43295257513645724
LogisticRegression,0.4214824120603015,0.7941176470588235,0.43265549103340745
LogisticRegression,0.4221105527638191,0.7941176470588235,0.43206957964262155
LogisticRegression,0.4239949748743719,0.7941176470588235,0.43160197394132094
LogisticRegression,0.4277638190954774,0.7965686274509803,0.4311565792956052
LogisticRegression,0.42902010050251255,0.7965686274509803,0.43071023088718796
LogisticRegression,0.4321608040201005,0.7990196078431373,0.42970768548999266
LogisticRegression,0.43467336683417085,0.8063725490196079,0.4293623924510371
LogisticRegression,0.43467336683417085,0.8088235294117647,0.42876710702363896
LogisticRegression,0.439070351758794,0.8112745098039216,0.4278154533445881
LogisticRegression,0.4415829145728643,0.8112745098039216,0.4275700598546257
LogisticRegression,0.44597989949748745,0.8112745098039216,0.42592533053669246
LogisticRegression,0.4484924623115578,0.8161764705882353,0.4257796265655332
LogisticRegression,0.4510050251256281,0.8161764705882353,0.424037369853968
LogisticRegression,0.45226130653266333,0.8161764705882353,0.42399113744584016
LogisticRegression,0.45414572864321606,0.8186274509803921,0.42220463715621986
LogisticRegression,0.45603015075376885,0.8186274509803921,0.4221516238344791
LogisticRegression,0.45603015075376885,0.821078431372549,0.4219807072667808
LogisticRegression,0.4566582914572864,0.8235294117647058,0.4212179906033941
LogisticRegression,0.4585427135678392,0.8235294117647058,0.4204201701516543
LogisticRegression,0.45979899497487436,0.8235294117647058,0.42026814476107494
LogisticRegression,0.4648241206030151,0.8308823529411765,0.4194841751324045
LogisticRegression,0.46608040201005024,0.8308823529411765,0.41919308073239275
LogisticRegression,0.46796482412060303,0.8308823529411765,0.4186377806771957
LogisticRegression,0.4729899497487437,0.8333333333333334,0.41838698465583657
LogisticRegression,0.47550251256281406,0.8382352941176471,0.4177523452519759
LogisticRegression,0.47675879396984927,0.8382352941176471,0.41736270700024214
LogisticRegression,0.4792713567839196,0.8382352941176471,0.4165081952745854
LogisticRegression,0.4792713567839196,0.8406862745098039,0.4160415212581267
LogisticRegression,0.48555276381909546,0.8406862745098039,0.4155346074948438
LogisticRegression,0.4880653266331658,0.8406862745098039,0.41463182810145566
LogisticRegression,0.48932160804020103,0.8431372549019608,0.4142948035085567
LogisticRegression,0.4943467336683417,0.8455882352941176,0.4137088296064403
LogisticRegression,0.4962311557788945,0.8455882352941176,0.4125691717728112
LogisticRegression,0.5,0.8455882352941176,0.41006442697951223
LogisticRegression,0.5012562814070352,0.8455882352941176,0.4091243853675677
LogisticRegression,0.503140703517588,0.8480392156862745,0.40824589574564074
LogisticRegression,0.5050251256281407,0.8529411764705882,0.40816663482771576
LogisticRegression,0.5069095477386935,0.8553921568627451,0.4074053095917506
LogisticRegression,0.507537688442211,0.8553921568627451,0.40649786416942396
LogisticRegression,0.510678391959799,0.8553921568627451,0.40642987312903417
LogisticRegression,0.5113065326633166,0.8553921568627451,0.40568849767495696
LogisticRegression,0.5131909547738693,0.8553921568627451,0.4053853343677632
LogisticRegression,0.5169597989949749,0.8578431372549019,0.40483124928341796
LogisticRegression,0.5194723618090452,0.8578431372549019,0.40461640521699827
LogisticRegression,0.5207286432160804,0.8578431372549019,0.4036222962918255
LogisticRegression,0.5207286432160804,0.8602941176470589,0.4034778140962442
LogisticRegression,0.5238693467336684,0.8602941176470589,0.4031668257351748
LogisticRegression,0.5257537688442211,0.8602941176470589,0.4028055378229067
LogisticRegression,0.5307788944723618,0.8602941176470589,0.40150462889213895
LogisticRegression,0.532035175879397,0.8602941176470589,0.400997316481894
LogisticRegression,0.535175879396985,0.8602941176470589,0.40010371856226096
LogisticRegression,0.5370603015075377,0.8602941176470589,0.3998446939209337
LogisticRegression,0.5414572864321608,0.8602941176470589,0.39834826225994024
LogisticRegression,0.5477386934673367,0.8602941176470589,0.3981870557846112
LogisticRegression,0.550251256281407,0.8627450980392157,0.39720876178187275
LogisticRegression,0.5521356783919598,0.8627450980392157,0.3965954161379703
LogisticRegression,0.5540201005025126,0.8676470588235294,0.3965317492399398
LogisticRegression,0.5577889447236181,0.8676470588235294,0.39487880883472964
LogisticRegression,0.5596733668341709,0.8700980392156863,0.39484522122338794
LogisticRegression,0.5640703517587939,0.8700980392156863,0.39400040473586534
LogisticRegression,0.5653266331658291,0.8700980392156863,0.3932282689051979
LogisticRegression,0.5672110552763819,0.8700980392156863,0.3930977182774103
LogisticRegression,0.5678391959798995,0.8725490196078431,0.3923996282815415
LogisticRegression,0.5709798994974874,0.8725490196078431,0.39208446764219257
LogisticRegression,0.5772613065326633,0.875,0.391352947791979
LogisticRegression,0.5778894472361809,0.875,0.39080116139907906
LogisticRegression,0.5816582914572864,0.8774509803921569,0.39038968563989324
LogisticRegression,0.585427135678392,0.8774509803921569,0.38961094998636137
LogisticRegression,0.585427135678392,0.8799019607843137,0.38946257904181175
LogisticRegression,0.5873115577889447,0.8799019607843137,0.3892050349917343
LogisticRegression,0.5885678391959799,0.8799019607843137,0.3886975453223757
LogisticRegression,0.5904522613065326,0.8799019607843137,0.3878717648038068
LogisticRegression,0.5904522613065326,0.8848039215686274,0.3876271108559317
LogisticRegression,0.592964824120603,0.8897058823529411,0.387611279767137
LogisticRegression,0.5979899497487438,0.8897058823529411,0.3870080832579694
LogisticRegression,0.5998743718592965,0.8897058823529411,0.3860199262351727
LogisticRegression,0.5998743718592965,0.8921568627450981,0.3857948268755556
LogisticRegression,0.6036432160804021,0.8921568627450981,0.3853213357639424
LogisticRegression,0.6048994974874372,0.8946078431372549,0.38507192635514853
LogisticRegression,0.6055276381909548,0.8946078431372549,0.38484568039839545
LogisticRegression,0.6067839195979899,0.8946078431372549,0.3844310047058999
LogisticRegression,0.6105527638190955,0.8946078431372549,0.38363733890372226
LogisticRegression,0.6149497487437185,0.8970588235294118,0.383532538190914
LogisticRegression,0.6168341708542714,0.8995098039215687,0.3828445452875018
LogisticRegression,0.6199748743718593,0.8995098039215687,0.3819954811238028
LogisticRegression,0.6206030150753769,0.8995098039215687,0.3819561284841651
LogisticRegression,0.6212311557788944,0.9044117647058824,0.3812605778842713
LogisticRegression,0.6231155778894473,0.9044117647058824,0.38046078231789016
LogisticRegression,0.6256281407035176,0.9044117647058824,0.3792962982723824
LogisticRegression,0.628140703517588,0.9044117647058824,0.37892846875429875
LogisticRegression,0.6293969849246231,0.9044117647058824,0.3786022088955702
LogisticRegression,0.6312814070351759,0.9044117647058824,0.3776702402379064
LogisticRegression,0.6344221105527639,0.9044117647058824,0.3773985672295474
LogisticRegression,0.6369346733668342,0.9044117647058824,0.3769295700335056
LogisticRegression,0.6375628140703518,0.9044117647058824,0.37604692988489885
LogisticRegression,0.6400753768844221,0.9044117647058824,0.37587110435392895
LogisticRegression,0.6438442211055276,0.9044117647058824,0.37442639893921487
LogisticRegression,0.6444723618090452,0.9044117647058824,0.37434610654991735
LogisticRegression,0.6463567839195979,0.9044117647058824,0.3734286351424963
LogisticRegression,0.6463567839195979,0.9068627450980392,0.3732513014752897
LogisticRegression,0.6482412060301508,0.9068627450980392,0.3728236000506044
LogisticRegression,0.6532663316582915,0.9093137254901961,0.3728086788855842
LogisticRegression,0.6557788944723618,0.9093137254901961,0.371955134838184
LogisticRegression,0.660175879396985,0.9117647058823529,0.37130361089816655
LogisticRegression,0.6658291457286433,0.9117647058823529,0.3711938009655312
LogisticRegression,0.667713567839196,0.9117647058823529,0.3704840108840145
LogisticRegression,0.667713567839196,0.9142156862745098,0.37025657643890564
LogisticRegression,0.6695979899497487,0.9142156862745098,0.36978616494236144
LogisticRegression,0.6771356783919598,0.9142156862745098,0.3690152866835194
LogisticRegression,0.6790201005025126,0.9142156862745098,0.3679726952640506
LogisticRegression,0.6827889447236181,0.9191176470588235,0.36702336222160614
LogisticRegression,0.6846733668341709,0.9191176470588235,0.3663665287315301
LogisticRegression,0.6853015075376885,0.9215686274509803,0.3660851302991685
LogisticRegression,0.6878140703517588,0.9240196078431373,0.365466090008893
LogisticRegression,0.6909547738693468,0.9240196078431373,0.36476332682654417
LogisticRegression,0.6928391959798995,0.9240196078431373,0.3646237440602363
LogisticRegression,0.6959798994974874,0.9240196078431373,0.3639116264932722
LogisticRegression,0.6978643216080402,0.9240196078431373,0.3631648494624654
LogisticRegression,0.699748743718593,0.9240196078431373,0.3622779671100933
LogisticRegression,0.7010050251256281,0.9264705882352942,0.36170846904016557
LogisticRegression,0.7010050251256281,0.928921568627451,0.36134579327739985
LogisticRegression,0.7022613065326633,0.928921568627451,0.3608700187725254
LogisticRegression,0.707286432160804,0.928921568627451,0.36081123452261327
LogisticRegression,0.7091708542713567,0.928921568627451,0.36025462515034923
LogisticRegression,0.7116834170854272,0.928921568627451,0.35946445795535503
LogisticRegression,0.7160804020100503,0.928921568627451,0.3592653599833647
LogisticRegression,0.7173366834170855,0.928921568627451,0.35877397814622847
LogisticRegression,0.7185929648241206,0.928921568627451,0.35806130466836295
LogisticRegression,0.7223618090452262,0.928921568627451,0.35772240196980515
LogisticRegression,0.7223618090452262,0.9313725490196079,0.3571385924694406
LogisticRegression,0.7242462311557789,0.9338235294117647,0.35666057876343216
LogisticRegression,0.7273869346733668,0.9338235294117647,0.35618238686432074
LogisticRegression,0.7286432160804021,0.9338235294117647,0.3552652635207744
LogisticRegression,0.7324120603015075,0.9338235294117647,0.35464534081653937
LogisticRegression,0.7330402010050251,0.9338235294117647,0.3538778170192026
LogisticRegression,0.7342964824120602,0.9362745098039216,0.3538664877125862
LogisticRegression,0.7349246231155779,0.9387254901960784,0.35377647972401605
LogisticRegression,0.7374371859296482,0.9387254901960784,0.3531112897419691
LogisticRegression,0.7380653266331658,0.9387254901960784,0.3524731614732028
LogisticRegression,0.7418341708542714,0.9387254901960784,0.3516167745372988
LogisticRegression,0.742462311557789,0.9387254901960784,0.3515802593206736
LogisticRegression,0.7437185929648241,0.9387254901960784,0.35108234042730363
LogisticRegression,0.746859296482412,0.9387254901960784,0.3508074251544457
LogisticRegression,0.7474874371859297,0.9411764705882353,0.35027377322367653
LogisticRegression,0.7512562814070352,0.9436274509803921,0.34969404362461637
LogisticRegression,0.7543969849246231,0.9436274509803921,0.34932720076523943
LogisticRegression,0.7550251256281407,0.9436274509803921,0.3489331409695011
LogisticRegression,0.7550251256281407,0.946078431372549,0.3483082899520506
LogisticRegression,0.757537688442211,0.946078431372549,0.3478498755445816
LogisticRegression,0.7619346733668342,0.946078431372549,0.34759489475177985
LogisticRegression,0.7619346733668342,0.9485294117647058,0.3473971096517918
LogisticRegression,0.7631909547738693,0.9485294117647058,0.34637547215636066
LogisticRegression,0.7669597989949749,0.9509803921568627,0.3462590514043472
LogisticRegression,0.7701005025125628,0.9509803921568627,0.3449256276172619
LogisticRegression,0.7726130653266332,0.9509803921568627,0.34490401305148066
LogisticRegression,0.7738693467336684,0.9509803921568627,0.3440190234508725
LogisticRegression,0.7757537688442211,0.9534313725490197,0.3435946399362212
LogisticRegression,0.7776381909547738,0.9534313725490197,0.34343552046689885
LogisticRegression,0.7788944723618091,0.9534313725490197,0.34226610476199176
LogisticRegression,0.7826633165829145,0.9534313725490197,0.3419700164246939
LogisticRegression,0.7864321608040201,0.9534313725490197,0.34094003834985837
LogisticRegression,0.789572864321608,0.9534313725490197,0.3405075227311654
LogisticRegression,0.7914572864321608,0.9534313725490197,0.3396164568090894
LogisticRegression,0.7964824120603015,0.9534313725490197,0.33694285361141024
LogisticRegression,0.7977386934673367,0.9534313725490197,0.3363384364449696
LogisticRegression,0.8008793969849246,0.9534313725490197,0.3355362248205353
LogisticRegression,0.8015075376884422,0.9534313725490197,0.3350689334842093
LogisticRegression,0.8046482412060302,0.9534313725490197,0.33413250908140607
LogisticRegression,0.8065326633165829,0.9534313725490197,0.3338018121496349
LogisticRegression,0.8109296482412061,0.9534313725490197,0.3327317251470546
LogisticRegression,0.8140703517587939,0.9534313725490197,0.3325370862190519
LogisticRegression,0.8165829145728644,0.9534313725490197,0.33192551448500723
LogisticRegression,0.8178391959798995,0.9534313725490197,0.3317408870688644
LogisticRegression,0.8209798994974874,0.9534313725490197,0.33133389157604587
LogisticRegression,0.8234924623115578,0.9534313725490197,0.3305743800165351
LogisticRegression,0.824748743718593,0.9558823529411765,0.3305250825739106
LogisticRegression,0.8285175879396985,0.9558823529411765,0.32993902673190245
LogisticRegression,0.8297738693467337,0.9583333333333334,0.3293115381189725
LogisticRegression,0.8310301507537688,0.9583333333333334,0.32922603511718745
LogisticRegression,0.8316582914572864,0.9583333333333334,0.32875741668444586
LogisticRegression,0.8329145728643216,0.9583333333333334,0.3281002656409674
LogisticRegression,0.8347989949748744,0.9583333333333334,0.3278804961590079
LogisticRegression,0.8347989949748744,0.9607843137254902,0.32742125270508127
LogisticRegression,0.8373115577889447,0.9607843137254902,0.3265377793418041
LogisticRegression,0.8379396984924623,0.9632352941176471,0.3256845837982453
LogisticRegression,0.8410804020100503,0.9632352941176471,0.32519790069273463
LogisticRegression,0.8423366834170855,0.9632352941176471,0.324480197741458
LogisticRegression,0.8442211055276382,0.9632352941176471,0.3238608760659161
LogisticRegression,0.8448492462311558,0.9632352941176471,0.3232781302770053
LogisticRegression,0.8467336683417085,0.9632352941176471,0.3230393258087047
LogisticRegression,0.8498743718592965,0.9632352941176471,0.3225267211420514
LogisticRegression,0.8511306532663316,0.9656862745098039,0.32207839277452593
LogisticRegression,0.8542713567839196,0.9656862745098039,0.3217513111311654
LogisticRegression,0.8555276381909548,0.9656862745098039,0.3213575018386629
LogisticRegression,0.8574120603015075,0.9656862745098039,0.3211954514280776
LogisticRegression,0.8624371859296482,0.9656862745098039,0.3204660008841774
LogisticRegression,0.8636934673366834,0.9656862745098039,0.3202057735358359
LogisticRegression,0.8655778894472361,0.9656862745098039,0.31986708225683497
LogisticRegression,0.8662060301507538,0.9656862745098039,0.3191834088287798
LogisticRegression,0.8680904522613065,0.9656862745098039,0.3179088880967882
LogisticRegression,0.8687185929648241,0.9656862745098039,0.31790354857357894
LogisticRegression,0.8693467336683417,0.9681372549019608,0.31676375044287597
LogisticRegression,0.8699748743718593,0.9681372549019608,0.3166264335745122
LogisticRegression,0.871859296482412,0.9681372549019608,0.31562082898969224
LogisticRegression,0.8756281407035176,0.9681372549019608,0.3153520771346279
LogisticRegression,0.8768844221105527,0.9681372549019608,0.3144801332313818
LogisticRegression,0.8787688442211056,0.9681372549019608,0.31328999878501934
LogisticRegression,0.8819095477386935,0.9681372549019608,0.31281169237894785
LogisticRegression,0.882537688442211,0.9681372549019608,0.31264904039650876
LogisticRegression,0.8844221105527639,0.9681372549019608,0.31220545628080565
LogisticRegression,0.8907035175879398,0.9681372549019608,0.3115456899030504
LogisticRegression,0.8932160804020101,0.9681372549019608,0.3104686527889428
LogisticRegression,0.8938442211055276,0.9681372549019608,0.3102824976658052
LogisticRegression,0.8951005025125628,0.9681372549019608,0.30962761217987284
LogisticRegression,0.8969849246231156,0.9681372549019608,0.3084120765949142
LogisticRegression,0.8994974874371859,0.9705882352941176,0.3082966507632668
LogisticRegression,0.9013819095477387,0.9705882352941176,0.3072138141754057
LogisticRegression,0.9020100502512562,0.9705882352941176,0.3071991895551143
LogisticRegression,0.9032663316582915,0.9730392156862745,0.30598896200181325
LogisticRegression,0.9038944723618091,0.9730392156862745,0.3054236754186295
LogisticRegression,0.9064070351758794,0.9730392156862745,0.3047814047424272
LogisticRegression,0.9076633165829145,0.9730392156862745,0.3043895361116932
LogisticRegression,0.9082914572864321,0.9730392156862745,0.3040213916206849
LogisticRegression,0.9082914572864321,0.9754901960784313,0.3039780552627965
LogisticRegression,0.9095477386934674,0.9754901960784313,0.30363295189246
LogisticRegression,0.9114321608040201,0.9754901960784313,0.3029037446209608
LogisticRegression,0.9126884422110553,0.9754901960784313,0.3028611354949179
LogisticRegression,0.9133165829145728,0.9754901960784313,0.3023743436651105
LogisticRegression,0.914572864321608,0.9779411764705882,0.3023271807727577
LogisticRegression,0.9164572864321608,0.9779411764705882,0.3017033878292047
LogisticRegression,0.9170854271356784,0.9779411764705882,0.30129897789970655
LogisticRegression,0.9183417085427136,0.9779411764705882,0.3011748607919333
LogisticRegression,0.9195979899497487,0.9779411764705882,0.2993954548038854
LogisticRegression,0.9233668341708543,0.9779411764705882,0.29754462603545234
LogisticRegression,0.925251256281407,0.9779411764705882,0.29656818715548583
LogisticRegression,0.9265075376884422,0.9779411764705882,0.2961879681639978
LogisticRegression,0.928391959798995,0.9779411764705882,0.2959525964602481
LogisticRegression,0.9290201005025126,0.9779411764705882,0.2955936042250469
LogisticRegression,0.9302763819095478,0.9779411764705882,0.2952224090127109
LogisticRegression,0.9327889447236181,0.9779411764705882,0.29481008996720187
LogisticRegression,0.9340452261306532,0.9779411764705882,0.29365002750487246
LogisticRegression,0.9353015075376885,0.9779411764705882,0.2930274842603052
LogisticRegression,0.9365577889447236,0.9803921568627451,0.29268104420873986
LogisticRegression,0.9390703517587939,0.9803921568627451,0.2919336123751237
LogisticRegression,0.9396984924623115,0.9803921568627451,0.29171393784938876
LogisticRegression,0.9415829145728644,0.9803921568627451,0.2908421440304604
LogisticRegression,0.9422110552763819,0.9803921568627451,0.28975308651189036
LogisticRegression,0.9422110552763819,0.9828431372549019,0.28917374096436077
LogisticRegression,0.9453517587939698,0.9828431372549019,0.2855100695416222
LogisticRegression,0.9478643216080402,0.9828431372549019,0.28542110693392825
LogisticRegression,0.949748743718593,0.9828431372549019,0.2848060080455053
LogisticRegression,0.9510050251256281,0.9828431372549019,0.28377182969796694
LogisticRegression,0.9566582914572864,0.9828431372549019,0.28171029088826727
LogisticRegression,0.9579145728643216,0.9828431372549019,0.28133063347271553
LogisticRegression,0.9585427135678392,0.9828431372549019,0.2806829419719596
LogisticRegression,0.9610552763819096,0.9828431372549019,0.27965788093816984
LogisticRegression,0.9660804020100503,0.9828431372549019,0.2761804200287158
LogisticRegression,0.9673366834170855,0.9828431372549019,0.27605016161100454
LogisticRegression,0.9692211055276382,0.9828431372549019,0.27480819794862404
LogisticRegression,0.9711055276381909,0.9828431372549019,0.27410415509921954
LogisticRegression,0.9723618090452262,0.9828431372549019,0.2731343599693056
LogisticRegression,0.9729899497487438,0.9828431372549019,0.2721667095403005
LogisticRegression,0.9742462311557789,0.9828431372549019,0.2715215116523346
LogisticRegression,0.9761306532663316,0.9828431372549019,0.270237860212262
LogisticRegression,0.9780150753768844,0.9828431372549019,0.26967561761938075
LogisticRegression,0.9786432160804021,0.9852941176470589,0.26943594080142946
LogisticRegression,0.9798994974874372,0.9852941176470589,0.26791791036451673
LogisticRegression,0.9798994974874372,0.9877450980392157,0.26724913371599524
LogisticRegression,0.9811557788944724,0.9877450980392157,0.26640531385293553
LogisticRegression,0.9811557788944724,0.9901960784313726,0.2660076637960002
LogisticRegression,0.9836683417085427,0.9901960784313726,0.2633964852645236
LogisticRegression,0.9849246231155779,0.9901960784313726,0.2632776644757892
LogisticRegression,0.9855527638190955,0.9901960784313726,0.262740663700117
LogisticRegression,0.9880653266331658,0.9901960784313726,0.2610115056185206
LogisticRegression,0.9886934673366834,0.9926470588235294,0.2601496918708372
LogisticRegression,0.9905778894472361,0.9926470588235294,0.25757534394602005
LogisticRegression,0.9918341708542714,0.9926470588235294,0.25702283889209826
LogisticRegression,0.992462311557789,0.9926470588235294,0.25586838225005787
LogisticRegression,0.9930904522613065,0.9950980392156863,0.2529674608156787
LogisticRegression,0.9943467336683417,0.9950980392156863,0.25082903225193753
LogisticRegression,0.9956030150753769,0.9950980392156863,0.2500657125572009
LogisticRegression,0.9981155778894473,0.9950980392156863,0.2428763754368858
LogisticRegression,0.9981155778894473,1.0,0.23710507115445684
LogisticRegression,1.0,1.0,0.2349288058774699
RandomForest,0.0,0.0,inf
RandomForest,0.0,0.0024509803921568627,0.970696181625745
RandomForest,0.0,0.0196078431372549,0.9534473505472625
RandomForest,0.0,0.02696078431372549,0.9511445726359143
RandomForest,0.0,0.041666666666666664,0.9453236974042858
RandomForest,0.0,0.04656862745098039,0.9447928240497261
RandomForest,0.0,0.058823529411764705,0.9310209716427745
RandomForest,0.0,0.06372549019607843,0.9300798112139743
RandomForest,0.0,0.09803921568627451,0.7985426113752936
RandomForest,0.000628140703517588,0.10049019607843138,0.7949331267079018
RandomForest,0.001256281407035176,0.10049019607843138,0.7861134831362152
RandomForest,0.001256281407035176,0.10784313725490197,0.7637468773193222
RandomForest,0.001256281407035176,0.11274509803921569,0.7618291056739817
RandomForest,0.001256281407035176,0.12009803921568628,0.7554573405950916
RandomForest,0.001256281407035176,0.125,0.7544848476119034
RandomForest,0.001256281407035176,0.12990196078431374,0.7513409521526044
RandomForest,0.0018844221105527637,0.12990196078431374,0.7503224752069781
RandomForest,0.0018844221105527637,0.13480392156862744,0.7283784394687018
RandomForest,0.002512562814070352,0.13480392156862744,0.7128902277766734
RandomForest,0.002512562814070352,0.13725490196078433,0.7082047139174855
RandomForest,0.0037688442211055275,0.13725490196078433,0.7058379077910988
RandomForest,0.0037688442211055275,0.13970588235294118,0.7027004666608477
RandomForest,0.0043969849246231155,0.13970588235294118,0.6992110744457708
RandomForest,0.0043969849246231155,0.14460784313725492,0.6266328889645295
RandomForest,0.005653266331658292,0.14460784313725492,0.6239770171814752
RandomForest,0.00628140703517588,0.14460784313725492,0.6223642359191149
RandomForest,0.00628140703517588,0.14705882352941177,0.6149435066565236
RandomForest,0.009422110552763818,0.14705882352941177,0.5589514264046311
RandomForest,0.01193467336683417,0.16666666666666666,0.5588247811534727
RandomForest,0.013819095477386936,0.1715686274509804,0.5581917139615086
RandomForest,0.014447236180904523,0.17647058823529413,0.5564869716662646
RandomForest,0.014447236180904523,0.19362745098039216,0.5563603264151061
RandomForest,0.01507537688442211,0.20833333333333334,0.555727259223142
RandomForest,0.01507537688442211,0.2181372549019608,0.5554132366914701
RandomForest,0.017587939698492462,0.22794117647058823,0.5553281628518123
RandomForest,0.020100502512562814,0.2647058823529412,0.555201517600654
RandomForest,0.020100502512562814,0.26715686274509803,0.5547786826010779
RandomForest,0.02198492462311558,0.27941176470588236,0.5545684504086899
RandomForest,0.024497487437185928,0.28431372549019607,0.5532802598872324
RandomForest,0.02512562814070352,0.28431372549019607,0.5520994438762885
RandomForest,0.028266331658291458,0.28921568627450983,0.5520600571080496
RandomForest,0.028266331658291458,0.2916666666666667,0.5513072653341099
RandomForest,0.029522613065326633,0.2965686274509804,0.5502001876378443
RandomForest,0.03015075376884422,0.2965686274509804,0.550188949406427
RandomForest,0.0364321608040201,0.32598039215686275,0.5500735423866858
RandomForest,0.0364321608040201,0.3333333333333333,0.5500623041552687
RandomForest,0.03768844221105527,0.34558823529411764,0.54961471364188
RandomForest,0.03768844221105527,0.3480392156862745,0.5495956023696831
RandomForest,0.0414572864321608,0.35049019607843135,0.5494880683907215
RandomForest,0.04459798994974874,0.36764705882352944,0.5494404751947217
RandomForest,0.04522613065326633,0.37254901960784315,0.5494292369633046
RandomForest,0.04522613065326633,0.375,0.5489795898096718
RandomForest,0.0471105527638191,0.3799019607843137,0.5488550011987574
RandomForest,0.0471105527638191,0.38480392156862747,0.548615414867302
RandomForest,0.04773869346733668,0.3872549019607843,0.5485231551853577
RandomForest,0.04773869346733668,0.3897058823529412,0.5484367935552309
RandomForest,0.04836683417085427,0.39215686274509803,0.5478873133044964
RandomForest,0.05025125628140704,0.3946078431372549,0.5443650448867494
RandomForest,0.05150753768844221,0.40441176470588236,0.5432975801098455
RandomForest,0.052135678391959796,0.4068627450980392,0.5427233443452983
RandomForest,0.05339195979899498,0.4068627450980392,0.5338593432100164
RandomForest,0.05339195979899498,0.4117647058823529,0.5258476605426302
RandomForest,0.05464824120603015,0.4166666666666667,0.5242963426621985
RandomForest,0.05527638190954774,0.4215686274509804,0.5226018692038145
RandomForest,0.055904522613065326,0.42401960784313725,0.5224361160806278
RandomForest,0.05778894472361809,0.4362745098039216,0.5214430603893623
RandomForest,0.059045226130653265,0.4387254901960784,0.5210505513233826
RandomForest,0.06030150753768844,0.44362745098039214,0.5208935801386277
RandomForest,0.06155778894472362,0.44607843137254904,0.5208847982001961
RandomForest,0.06281407035175879,0.4534313725490196,0.5198917425089306
RandomForest,0.06344221105527638,0.46078431372549017,0.519342262258196
RandomForest,0.06344221105527638,0.4681372549019608,0.5181100219916039
RandomForest,0.06407035175879397,0.47058823529411764,0.5170537954461171
RandomForest,0.06469849246231156,0.47549019607843135,0.5170425572147
RandomForest,0.06846733668341709,0.47794117647058826,0.5167362005131096
RandomForest,0.06909547738693467,0.47794117647058826,0.5165587041111721
RandomForest,0.07035175879396985,0.48284313725490197,0.5164683214501529
RandomForest,0.07160804020100503,0.49264705882352944,0.5155024775656853
RandomForest,0.07412060301507538,0.4950980392156863,0.5149170035697209
RandomForest,0.07537688442211055,0.4950980392156863,0.49658540097876896
RandomForest,0.07663316582914573,0.4950980392156863,0.43413325118811363
RandomForest,0.07914572864321608,0.5,0.433077024642627
RandomForest,0.07914572864321608,0.5024509803921569,0.42734976006610753
RandomForest,0.08103015075376885,0.5024509803921569,0.4263409339407766
RandomForest,0.08228643216080402,0.5098039215686274,0.4251525576409332
RandomForest,0.08605527638190955,0.5147058823529411,0.42440078852587526
RandomForest,0.08668341708542714,0.5196078431372549,0.4225869053229673
RandomForest,0.08793969849246232,0.5196078431372549,0.42199353439608783
RandomForest,0.08793969849246232,0.5245098039215687,0.40629208858209237
RandomForest,0.08919597989949749,0.5245098039215687,0.38412379772239474
RandomForest,0.08982412060301508,0.5294117647058824,0.38306757117690804
RandomForest,0.09045226130653267,0.5318627450980392,0.3706866786312331
RandomForest,0.09296482412060302,0.5367647058823529,0.36557807525445185
RandomForest,0.0935929648241206,0.5416666666666666,0.3642922984878054
RandomForest,0.09547738693467336,0.5490196078431373,0.36266158490583006
RandomForest,0.09673366834170855,0.553921568627451,0.36136563022982476
RandomForest,0.10113065326633165,0.5612745098039216,0.3600993234372022
RandomForest,0.10301507537688442,0.5637254901960784,0.28097711609003334
RandomForest,0.10301507537688442,0.5661764705882353,0.2809189270552429
RandomForest,0.10427135678391959,0.5686274509803921,0.2786059107456969
RandomForest,0.10427135678391959,0.571078431372549,0.27600248787874015
RandomForest,0.10489949748743718,0.571078431372549,0.2743597472245943
RandomForest,0.10489949748743718,0.5735294117647058,0.27435555045827104
RandomForest,0.10552763819095477,0.5735294117647058,0.2736515796793121
RandomForest,0.10741206030150753,0.5759803921568627,0.2732519260536085
RandomForest,0.10804020100502512,0.5784313725490197,0.272593086456105
RandomForest,0.10804020100502512,0.5833333333333334,0.2718907289431854
RandomForest,0.10866834170854271,0.5833333333333334,0.2712894357859063
RandomForest,0.10866834170854271,0.5857843137254902,0.27059336397723016
RandomForest,0.1099246231155779,0.5882352941176471,0.26887311943244685
RandomForest,0.11055276381909548,0.5882352941176471,0.2681085665407837
RandomForest,0.11306532663316583,0.5882352941176471,0.2659124045035831
RandomForest,0.11369346733668342,0.5931372549019608,0.264861097770232
RandomForest,0.114321608040201,0.5955882352941176,0.2617252841307058
RandomForest,0.11494974874371859,0.5955882352941176,0.2609866850483677
RandomForest,0.11746231155778894,0.5980392156862745,0.2603259958233981
RandomForest,0.11934673366834171,0.5980392156862745,0.25847861028061314
RandomForest,0.12185929648241206,0.5980392156862745,0.257742684515431
RandomForest,0.12751256281407036,0.5980392156862745,0.25676703518524974
RandomForest,0.1300251256281407,0.6053921568627451,0.2567211341488265
RandomForest,0.13128140703517588,0.6053921568627451,0.2565766827611939
RandomForest,0.13379396984924624,0.6102941176470589,0.25644870289241745
RandomForest,0.13379396984924624,0.6151960784313726,0.25622528490117863
RandomForest,0.1350502512562814,0.6151960784313726,0.25575888752146414
RandomForest,0.13630653266331658,0.6176470588235294,0.2557477399373799
RandomForest,0.13693467336683418,0.6176470588235294,0.25560103343101265
RandomForest,0.13819095477386933,0.6200980392156863,0.2554788446637921
RandomForest,0.13881909547738694,0.6225490196078431,0.25542376918287124
RandomForest,0.14007537688442212,0.6225490196078431,0.2550592831469415
RandomForest,0.14258793969849246,0.6274509803921569,0.2547728703668332
RandomForest,0.1457286432160804,0.6299019607843137,0.25463143910958946
RandomForest,0.146356783919598,0.6299019607843137,0.25446152255550886
RandomForest,0.14761306532663315,0.6299019607843137,0.25431674520871933
RandomForest,0.14949748743718594,0.6299019607843137,0.25358760687895543
RandomForest,0.1507537688442211,0.6323529411764706,0.25346543735535243
RandomForest,0.1507537688442211,0.6372549019607843,0.25333407414363424
RandomForest,0.15326633165829145,0.6372549019607843,0.2514896600425609
RandomForest,0.15389447236180903,0.6397058823529411,0.25112158352325326
RandomForest,0.15389447236180903,0.6446078431372549,0.2510249980403358
RandomForest,0.1564070351758794,0.6446078431372549,0.24942195192858027
RandomForest,0.157035175879397,0.6446078431372549,0.24918572398665176
RandomForest,0.15766331658291458,0.6568627450980392,0.2484562044537003
RandomForest,0.15954773869346733,0.6568627450980392,0.2452403932623468
RandomForest,0.1620603015075377,0.6568627450980392,0.24505085707082705
RandomForest,0.16331658291457288,0.6568627450980392,0.24484369604256206
RandomForest,0.16394472361809045,0.6568627450980392,0.2446986429782757
RandomForest,0.16520100502512564,0.6593137254901961,0.24469091301161228
RandomForest,0.16645728643216082,0.6593137254901961,0.2437273952147717
RandomForest,0.16645728643216082,0.6617647058823529,0.24352611232208307
RandomForest,0.16834170854271358,0.6617647058823529,0.24350961504004634
RandomForest,0.17022613065326633,0.6740196078431373,0.24344005943680283
RandomForest,0.17022613065326633,0.6764705882352942,0.2431360184287758
RandomForest,0.17148241206030151,0.678921568627451,0.24310479718668665
RandomForest,0.1727386934673367,0.678921568627451,0.24284691499109093
RandomForest,0.17462311557788945,0.678921568627451,0.2428181719801584
RandomForest,0.17525125628140703,0.6813725490196079,0.24278019633982026
RandomForest,0.1765075376884422,0.6862745098039216,0.24228465577176792
RandomForest,0.1777638190954774,0.6862745098039216,0.24172490143291686
RandomForest,0.17839195979899497,0.6911764705882353,0.24139051624642288
RandomForest,0.17902010050251257,0.6911764705882353,0.23977851319947044
RandomForest,0.1815326633165829,0.6911764705882353,0.23905952236336384
RandomForest,0.18341708542713567,0.6911764705882353,0.23747689547136014
RandomForest,0.18341708542713567,0.6985294117647058,0.23677555246810178
RandomForest,0.18969849246231155,0.6985294117647058,0.23523494650788399
RandomForest,0.19032663316582915,0.6985294117647058,0.2347154040376771
RandomForest,0.1934673366834171,0.7034313725490197,0.23454350344799607
RandomForest,0.1972361809045226,0.7034313725490197,0.23450552780765796
RandomForest,0.1978643216080402,0.7034313725490197,0.2342092156472662
RandomForest,0.19912060301507536,0.7034313725490197,0.23411293294970995
RandomForest,0.20100502512562815,0.7107843137254902,0.2340433773464664
RandomForest,0.2028894472361809,0.7156862745098039,0.2340099872396056
RandomForest,0.20477386934673367,0.7156862745098039,0.23349388422008208
RandomForest,0.2079145728643216,0.7205882352941176,0.23342148988982203
RandomForest,0.2129396984924623,0.7279411764705882,0.2333835142494839
RandomForest,0.2135678391959799,0.7279411764705882,0.23288797368143155
RandomForest,0.21482412060301506,0.7279411764705882,0.23110158910969517
RandomForest,0.21608040201005024,0.7303921568627451,0.23024852752788405
RandomForest,0.21733668341708542,0.7303921568627451,0.23005866949667256
RandomForest,0.2185929648241206,0.7328431372549019,0.22317407469801598
RandomForest,0.2198492462311558,0.7328431372549019,0.22294743807057002
RandomForest,0.22173366834170855,0.7328431372549019,0.2153037863317427
RandomForest,0.22236180904522612,0.7352941176470589,0.21383536164088715
RandomForest,0.2236180904522613,0.7352941176470589,0.21328588139015256
RandomForest,0.22487437185929648,0.7352941176470589,0.21312524499515897
RandomForest,0.2305276381909548,0.7352941176470589,0.21169976556522688
RandomForest,0.23366834170854273,0.7352941176470589,0.21084670398341576
RandomForest,0.2342964824120603,0.7352941176470589,0.20586907637808144
RandomForest,0.23492462311557788,0.7401960784313726,0.20484159119325346
RandomForest,0.23555276381909548,0.7401960784313726,0.203116334720558
RandomForest,0.23743718592964824,0.7426470588235294,0.20225684731557475
RandomForest,0.239321608040201,0.7426470588235294,0.20174032896914434
RandomForest,0.24183417085427136,0.7450980392156863,0.2013667323578738
RandomForest,0.24246231155778894,0.7475490196078431,0.2010109102689183
RandomForest,0.24685929648241206,0.7524509803921569,0.20051536970086592
RandomForest,0.24748743718592964,0.7524509803921569,0.1962857635037799
RandomForest,0.25,0.7524509803921569,0.19447045736602414
RandomForest,0.25125628140703515,0.7524509803921569,0.19102675536039757
RandomForest,0.2537688442211055,0.7524509803921569,0.1891203172452989
RandomForest,0.2556532663316583,0.7524509803921569,0.18627606087315066
RandomForest,0.25816582914572866,0.7524509803921569,0.18352843107854824
RandomForest,0.2594221105527638,0.7524509803921569,0.18247879235082093
RandomForest,0.26256281407035176,0.7524509803921569,0.1790381176926616
RandomForest,0.2638190954773869,0.7524509803921569,0.1768141305354156
RandomForest,0.2657035175879397,0.7573529411764706,0.1765340876777436
RandomForest,0.26695979899497485,0.7573529411764706,0.1757253550499869
RandomForest,0.2694723618090452,0.7598039215686274,0.17506789542723716
RandomForest,0.271356783919598,0.7598039215686274,0.16877497964142585
RandomForest,0.27261306532663315,0.7598039215686274,0.16569855052047877
RandomForest,0.27449748743718594,0.7622549019607843,0.1629499484162275
RandomForest,0.2757537688442211,0.7622549019607843,0.1590664460972242
RandomForest,0.28203517587939697,0.7622549019607843,0.15640559374891072
RandomForest,0.28391959798994976,0.7647058823529411,0.15588907540248034
RandomForest,0.2851758793969849,0.7647058823529411,0.1558297918224552
RandomForest,0.2876884422110553,0.7671568627450981,0.1555154787912098
RandomForest,0.28957286432160806,0.7671568627450981,0.15502609808216464
RandomForest,0.29836683417085424,0.7696078431372549,0.15501993822315743
RandomForest,0.3027638190954774,0.7720588235294118,0.15452918368758722
RandomForest,0.3046482412060301,0.7720588235294118,0.1544172509122918
RandomForest,0.30527638190954776,0.7794117647058824,0.1544169389703023
RandomForest,0.30590452261306533,0.7794117647058824,0.15425056980533164
RandomForest,0.30904522613065327,0.7794117647058824,0.1532065914687556
RandomForest,0.31532663316582915,0.7818627450980392,0.15101610991940242
RandomForest,0.3178391959798995,0.7818627450980392,0.15014830008283864
RandomForest,0.3228643216080402,0.7843137254901961,0.1497747034715681
RandomForest,0.32537688442211055,0.7867647058823529,0.1495279787026916
RandomForest,0.3316582914572864,0.7892156862745098,0.14927916290351573
RandomForest,0.33291457286432163,0.7916666666666666,0.1480176026007136
RandomForest,0.3341708542713568,0.7916666666666666,0.14683381739743845
RandomForest,0.33479899497487436,0.7916666666666666,0.14651913195788155
RandomForest,0.3360552763819096,0.7916666666666666,0.14387772811790703
RandomForest,0.33668341708542715,0.7916666666666666,0.1409948236566221
RandomForest,0.3379396984924623,0.7965686274509803,0.13548901693524748
RandomForest,0.3391959798994975,0.7965686274509803,0.13469514408560668
RandomForest,0.3442211055276382,0.8014705882352942,0.13462120709868372
RandomForest,0.3492462311557789,0.8088235294117647,0.13424761048741318
RandomForest,0.3498743718592965,0.8088235294117647,0.1338836677468877
RandomForest,0.3555276381909548,0.8161764705882353,0.1337520699193608
RandomForest,0.35615577889447236,0.8186274509803921,0.13361360352564172
RandomForest,0.3636934673366834,0.8308823529411765,0.1327457936890779
RandomForest,0.36809045226130654,0.8333333333333334,0.13237219707780737
RandomForest,0.37185929648241206,0.8333333333333334,0.13187665650975502
RandomForest,0.3756281407035176,0.8333333333333334,0.13102591564804214
RandomForest,0.37751256281407036,0.8357843137254902,0.12972940231872998
RandomForest,0.3787688442211055,0.8357843137254902,0.12880664620625068
RandomForest,0.3812814070351759,0.8406862745098039,0.12838091441516983
RandomForest,0.3900753768844221,0.8455882352941176,0.12810879386152443
RandomForest,0.3944723618090452,0.8455882352941176,0.12789325289222572
RandomForest,0.4001256281407035,0.8455882352941176,0.12779177683460058
RandomForest,0.40326633165829145,0.8480392156862745,0.12751965628095518
RandomForest,0.41331658291457285,0.8529411764705882,0.1272962362665482
RandomForest,0.41896984924623115,0.8578431372549019,0.1270241157129028
RandomForest,0.41959798994974873,0.8578431372549019,0.12651663382940606
RandomForest,0.42273869346733667,0.8602941176470589,0.12579952421530802
RandomForest,0.4265075376884422,0.8627450980392157,0.12575531919419258
RandomForest,0.4396984924623116,0.8651960784313726,0.12553977822489384
RandomForest,0.45540201005025127,0.8725490196078431,0.12538502165313223
RandomForest,0.46168341708542715,0.875,0.12523880084776218
RandomForest,0.47173366834170855,0.875,0.12516618161362328
RandomForest,0.4905778894472362,0.8823529411764706,0.12488948108507991
RandomForest,0.49748743718592964,0.8872549019607843,0.12481595267206662
RandomForest,0.49874371859296485,0.8872549019607843,0.12476159968966925
RandomForest,0.5087939698492462,0.8897058823529411,0.12474951218050222
RandomForest,0.5144472361809045,0.8921568627450981,0.12459711263255767
RandomForest,0.5182160804020101,0.8921568627450981,0.12453808253587685
RandomForest,0.5188442211055276,0.8970588235294118,0.12448947913602386
RandomForest,0.5207286432160804,0.8970588235294118,0.12445640611082129
RandomForest,0.5226130653266332,0.8995098039215687,0.12440886207152474
RandomForest,0.5326633165829145,0.9093137254901961,0.12432041210401427
RandomForest,0.5345477386934674,0.9117647058823529,0.12418428555717588
RandomForest,0.5452261306532663,0.9117647058823529,0.12418044319943658
RandomForest,0.5477386934673367,0.9142156862745098,0.12396901355481123
RandomForest,0.5508793969849246,0.9142156862745098,0.1239133215034724
RandomForest,0.5521356783919598,0.9142156862745098,0.1237733525988947
RandomForest,0.5540201005025126,0.9142156862745098,0.12296434223788369
RandomForest,0.5571608040201005,0.9166666666666666,0.12221487560362326
RandomForest,0.5709798994974874,0.9215686274509803,0.12190968202477528
RandomForest,0.571608040201005,0.9215686274509803,0.12164580662255761
RandomForest,0.5772613065326633,0.9240196078431373,0.12134061304370966
RandomForest,0.5785175879396985,0.9240196078431373,0.12093352244316778
RandomForest,0.5785175879396985,0.928921568627451,0.11750032109509434
RandomForest,0.5804020100502513,0.928921568627451,0.11711764407782849
RandomForest,0.5829145728643216,0.928921568627451,0.1166162204948409
RandomForest,0.5841708542713567,0.928921568627451,0.11406740187381326
RandomForest,0.5847989949748744,0.928921568627451,0.11339486984060256
RandomForest,0.5860552763819096,0.928921568627451,0.10724342543763124
RandomForest,0.5891959798994975,0.928921568627451,0.10671158389511255
RandomForest,0.5904522613065326,0.928921568627451,0.10374100988132508
RandomForest,0.5917085427135679,0.9313725490196079,0.1031656785394241
RandomForest,0.5942211055276382,0.9313725490196079,0.09598265846238907
RandomForest,0.5961055276381909,0.9338235294117647,0.09557868125001542
RandomForest,0.5967336683417085,0.9338235294117647,0.095374921467428
RandomForest,0.5992462311557789,0.9338235294117647,0.09456557278323917
RandomForest,0.5998743718592965,0.9338235294117647,0.0930940984383263
RandomForest,0.6011306532663316,0.9338235294117647,0.09160652845484112
RandomForest,0.6017587939698492,0.9338235294117647,0.09048963772606423
RandomForest,0.6017587939698492,0.9362745098039216,0.09037009854407482
RandomForest,0.6036432160804021,0.9362745098039216,0.09004710764390358
RandomForest,0.6067839195979899,0.9362745098039216,0.08990880757827376
RandomForest,0.6086683417085427,0.9387254901960784,0.08957906458715348
RandomForest,0.6099246231155779,0.9387254901960784,0.08943184616752717
RandomForest,0.6130653266331658,0.946078431372549,0.08918959060150376
RandomForest,0.614321608040201,0.946078431372549,0.0887218357372528
RandomForest,0.6162060301507538,0.946078431372549,0.08806856052685999
RandomForest,0.6193467336683417,0.946078431372549,0.0874273082136744
RandomForest,0.621859296482412,0.946078431372549,0.08695034680292782
RandomForest,0.6237437185929648,0.9485294117647058,0.08670809123690441
RandomForest,0.6256281407035176,0.9485294117647058,0.08662305082427686
RandomForest,0.6268844221105527,0.9485294117647058,0.08641683059453734
RandomForest,0.6293969849246231,0.9485294117647058,0.08637501546102687
RandomForest,0.6331658291457286,0.9485294117647058,0.08624033637265345
RandomForest,0.6363065326633166,0.9509803921568627,0.08613275989500346
RandomForest,0.6432160804020101,0.9509803921568627,0.08566500503075249
RandomForest,0.6438442211055276,0.9509803921568627,0.08517578739563916
RandomForest,0.6451005025125628,0.9509803921568627,0.08291697511664803
RandomForest,0.6457286432160804,0.9509803921568627,0.08082346377586787
RandomForest,0.6482412060301508,0.9509803921568627,0.07812100910879204
RandomForest,0.6507537688442211,0.9534313725490197,0.07731069190319749
RandomForest,0.6551507537688442,0.9558823529411765,0.07682040097392408
RandomForest,0.6557788944723618,0.9558823529411765,0.076529140331557
RandomForest,0.6595477386934674,0.9558823529411765,0.07638421428565917
RandomForest,0.664572864321608,0.9583333333333334,0.0763526461096731
RandomForest,0.6670854271356784,0.9583333333333334,0.07214539228436616
RandomForest,0.6689698492462312,0.9583333333333334,0.07138180565265799
RandomForest,0.6714824120603015,0.9583333333333334,0.06692670009871439
RandomForest,0.6746231155778895,0.9607843137254902,0.06670753419174517
RandomForest,0.6790201005025126,0.9632352941176471,0.06568696891454921
RandomForest,0.6802763819095478,0.9632352941176471,0.06547148750346565
RandomForest,0.6846733668341709,0.9632352941176471,0.0654069260568772
RandomForest,0.6922110552763819,0.9656862745098039,0.06532656145756784
RandomForest,0.696608040201005,0.9656862745098039,0.06529499328158177
RandomForest,0.699748743718593,0.9656862745098039,0.06438383223659107
RandomForest,0.7047738693467337,0.9681372549019608,0.06345506656172982
RandomForest,0.7079145728643216,0.9681372549019608,0.06323958515064626
RandomForest,0.7091708542713567,0.9681372549019608,0.06317502370405781
RandomForest,0.7135678391959799,0.9681372549019608,0.06309465910474844
RandomForest,0.7167085427135679,0.9705882352941176,0.06306309092876237
RandomForest,0.7204773869346733,0.9705882352941176,0.060722531412782284
RandomForest,0.7236180904522613,0.9705882352941176,0.05888300390468268
RandomForest,0.7248743718592965,0.9705882352941176,0.056548772327211554
RandomForest,0.7273869346733668,0.9705882352941176,0.05538716363148357
RandomForest,0.7292713567839196,0.9705882352941176,0.0549614341487986
RandomForest,0.7368090452261307,0.9705882352941176,0.054896872702210164
RandomForest,0.7430904522613065,0.9730392156862745,0.05481650810290079
RandomForest,0.746859296482412,0.9754901960784313,0.05478493992691472
RandomForest,0.7474874371859297,0.9754901960784313,0.05432581784484801
RandomForest,0.7512562814070352,0.9754901960784313,0.05414224385930326
RandomForest,0.7550251256281407,0.9779411764705882,0.054114579250890575
RandomForest,0.7562814070351759,0.9779411764705882,0.05352798782835959
RandomForest,0.7594221105527639,0.9779411764705882,0.05303177189354935
RandomForest,0.760678391959799,0.9779411764705882,0.052952970555162585
RandomForest,0.7663316582914573,0.9779411764705882,0.05282656095117208
RandomForest,0.7675879396984925,0.9779411764705882,0.05252724107247763
RandomForest,0.7763819095477387,0.9779411764705882,0.052462679625889186
RandomForest,0.7776381909547738,0.9779411764705882,0.05238231502657981
RandomForest,0.782035175879397,0.9779411764705882,0.05235074685059374
RandomForest,0.7832914572864321,0.9779411764705882,0.05166472071066111
RandomForest,0.7858040201005025,0.9779411764705882,0.05149662113835691
RandomForest,0.7876884422110553,0.9803921568627451,0.05140804896722766
RandomForest,0.789572864321608,0.9803921568627451,0.04958039275121789
RandomForest,0.7920854271356784,0.9828431372549019,0.04886518110510435
RandomForest,0.792713567839196,0.9828431372549019,0.04886080485115358
RandomForest,0.7945979899497487,0.9828431372549019,0.048645323440070026
RandomForest,0.7977386934673367,0.9828431372549019,0.04858868429750819
RandomForest,0.8015075376884422,0.9828431372549019,0.04858076199348158
RandomForest,0.803391959798995,0.9828431372549019,0.04850039739417221
RandomForest,0.8178391959798995,0.9852941176470589,0.048468829218186134
RandomForest,0.8209798994974874,0.9852941176470589,0.04837320288642463
RandomForest,0.821608040201005,0.9852941176470589,0.048308641439836195
RandomForest,0.8234924623115578,0.9852941176470589,0.04822827684052682
RandomForest,0.8366834170854272,0.9852941176470589,0.04819670866454075
RandomForest,0.839824120603015,0.9852941176470589,0.04801765084501439
RandomForest,0.8410804020100503,0.9852941176470589,0.04793535511134258
RandomForest,0.8435929648241206,0.9852941176470589,0.047745530291369
RandomForest,0.8473618090452262,0.9852941176470589,0.04721912583970365
RandomForest,0.8479899497487438,0.9877450980392157,0.04712503790574802
RandomForest,0.8505025125628141,0.9877450980392157,0.04707915693512597
RandomForest,0.8561557788944724,0.9877450980392157,0.04704263161781976
RandomForest,0.867462311557789,0.9901960784313726,0.047013914897326384
RandomForest,0.8731155778894473,0.9901960784313726,0.04701055626890101
RandomForest,0.878140703517588,0.9901960784313726,0.046935724353606274
RandomForest,0.8819095477386935,0.9901960784313726,0.04691982696337075
RandomForest,0.8900753768844221,0.9901960784313726,0.046873945992748696
RandomForest,0.9026381909547738,0.9901960784313726,0.04683742067544249
RandomForest,0.9133165829145728,0.9901960784313726,0.04673051341122901
RandomForest,0.917713567839196,0.9901960784313726,0.04672901994685088
RandomForest,0.9195979899497487,0.9901960784313726,0.04667753099986989
RandomForest,0.9265075376884422,0.9901960784313726,0.04651759030222552
RandomForest,0.9302763819095478,0.9901960784313726,0.046451484340070334
RandomForest,0.9321608040201005,0.9901960784313726,0.046397488142197886
RandomForest,0.9409547738693468,0.9901960784313726,0.04624627339769307
RandomForest,0.946608040201005,0.9926470588235294,0.045852074656815414
RandomForest,0.9516331658291457,0.9950980392156863,0.045712105752237726
RandomForest,0.9723618090452262,0.9950980392156863,0.04567558043493152
RandomForest,0.9767587939698492,0.9950980392156863,0.04556867317071804
RandomForest,0.9792713567839196,0.9950980392156863,0.04556717970633991
RandomForest,0.9798994974874372,0.9975490196078431,0.04544498405627353
RandomForest,0.9836683417085427,0.9975490196078431,0.04535575006171455
RandomForest,0.9861809045226131,1.0,0.04530501515169585
RandomForest,0.989321608040201,1.0,0.04526848983438964
RandomForest,0.9899497487437185,1.0,0.04516008910579803
RandomForest,0.9981155778894473,1.0,0.0450844331571821
RandomForest,0.9993718592964824,1.0,0.044948659461172664
RandomForest,1.0,1.0,0.044677342556640215
GradientBoosting,0.0,0.0,inf
GradientBoosting,0.0,0.0024509803921568627,0.9151494904588271
GradientBoosting,0.0,0.00980392156862745,0.9008225420217513
GradientBoosting,0.0,0.014705882352941176,0.9006950490220381
GradientBoosting,0.0,0.03676470588235294,0.8850839016116797
GradientBoosting,0.0,0.04656862745098039,0.8846229995992391
GradientBoosting,0.0,0.056372549019607844,0.8835259276619369
GradientBoosting,0.0,0.0661764705882353,0.881254284687436
GradientBoosting,0.0,0.07598039215686274,0.8809270530383739
GradientBoosting,0.0,0.0857843137254902,0.8773464197593048
GradientBoosting,0.0,0.09068627450980392,0.8758022930877218
GradientBoosting,0.0,0.09558823529411764,0.8136297121452487
GradientBoosting,0.000628140703517588,0.10049019607843138,0.7895435849014311
GradientBoosting,0.000628140703517588,0.10294117647058823,0.7861365822293405
GradientBoosting,0.000628140703517588,0.11274509803921569,0.7474706939515192
GradientBoosting,0.000628140703517588,0.11764705882352941,0.7346415274811172
GradientBoosting,0.000628140703517588,0.12254901960784313,0.7316813817618164
GradientBoosting,0.000628140703517588,0.12990196078431374,0.723465106235963
GradientBoosting,0.001256281407035176,0.12990196078431374,0.710107540867527
GradientBoosting,0.0018844221105527637,0.1323529411764706,0.7096499849543767
GradientBoosting,0.0018844221105527637,0.13970588235294118,0.6697145159261547
GradientBoosting,0.0043969849246231155,0.13970588235294118,0.6567310491399352
GradientBoosting,0.0043969849246231155,0.14215686274509803,0.6347316941836195
GradientBoosting,0.005025125628140704,0.14215686274509803,0.6168589166354653
GradientBoosting,0.005025125628140704,0.14705882352941177,0.6127367779467989
GradientBoosting,0.005653266331658292,0.15196078431372548,0.604249342114606
GradientBoosting,0.005653266331658292,0.15931372549019607,0.5999084225691824
GradientBoosting,0.008165829145728644,0.18382352941176472,0.5956724982445158
GradientBoosting,0.008165829145728644,0.18627450980392157,0.5944405225266539
GradientBoosting,0.008793969849246231,0.18872549019607843,0.5926544539427061
GradientBoosting,0.011306532663316583,0.18872549019607843,0.5893404396175049
GradientBoosting,0.013819095477386936,0.23774509803921567,0.5870631130569653
GradientBoosting,0.014447236180904523,0.2426470588235294,0.5865310500250063
GradientBoosting,0.014447236180904523,0.24509803921568626,0.5826638806268231
GradientBoosting,0.01507537688442211,0.24509803921568626,0.5814154053405116
GradientBoosting,0.016959798994974875,0.26715686274509803,0.5806911349135971
GradientBoosting,0.020100502512562814,0.2769607843137255,0.5778649574634813
GradientBoosting,0.02386934673366834,0.2916666666666667,0.5771264322647908
GradientBoosting,0.02386934673366834,0.2965686274509804,0.5769974391469901
GradientBoosting,0.028894472361809045,0.30392156862745096,0.5763977471049623
GradientBoosting,0.03015075376884422,0.3137254901960784,0.5753185881907555
GradientBoosting,0.031407035175879394,0.3161764705882353,0.5707132454064743
GradientBoosting,0.031407035175879394,0.31862745098039214,0.5703335496718409
GradientBoosting,0.032035175879396985,0.32107843137254904,0.5699817433616065
GradientBoosting,0.032035175879396985,0.3284313725490196,0.5688984641955294
GradientBoosting,0.03391959798994975,0.3284313725490196,0.5685183768701363
GradientBoosting,0.03391959798994975,0.33088235294117646,0.5671956251755711
GradientBoosting,0.035804020100502515,0.3382352941176471,0.5671371902644465
GradientBoosting,0.035804020100502515,0.34068627450980393,0.5651786732988879
GradientBoosting,0.038316582914572864,0.34068627450980393,0.5616441282505206
GradientBoosting,0.0414572864321608,0.34558823529411764,0.5592653796467292
GradientBoosting,0.0414572864321608,0.35049019607843135,0.5578882004757649
GradientBoosting,0.04459798994974874,0.3627450980392157,0.5571764198615355
GradientBoosting,0.04585427135678392,0.36519607843137253,0.5552526451849513
GradientBoosting,0.04648241206030151,0.37254901960784315,0.5547926451073935
GradientBoosting,0.0471105527638191,0.37254901960784315,0.5534236476911636
GradientBoosting,0.04773869346733668,0.375,0.552409809249316
GradientBoosting,0.04962311557788945,0.3897058823529412,0.551671618986092
GradientBoosting,0.05025125628140704,0.3897058823529412,0.5505785834500134
GradientBoosting,0.052135678391959796,0.4019607843137255,0.5460422666575696
GradientBoosting,0.05339195979899498,0.4019607843137255,0.5359400740657547
GradientBoosting,0.05339195979899498,0.40931372549019607,0.49895785712013513
GradientBoosting,0.05339195979899498,0.41421568627450983,0.49710702859662076
GradientBoosting,0.05402010050251256,0.41911764705882354,0.49488997518993977
GradientBoosting,0.05464824120603015,0.41911764705882354,0.4930393876769084
GradientBoosting,0.05527638190954774,0.4215686274509804,0.4893593700371344
GradientBoosting,0.05527638190954774,0.4264705882352941,0.4853257094739133
GradientBoosting,0.056532663316582916,0.42892156862745096,0.4852939477030092
GradientBoosting,0.05778894472361809,0.4338235294117647,0.481262215064642
GradientBoosting,0.06407035175879397,0.4681372549019608,0.48079922024726823
GradientBoosting,0.06469849246231156,0.4681372549019608,0.47686169134059564
GradientBoosting,0.07474874371859297,0.4950980392156863,0.4767385193098675
GradientBoosting,0.07537688442211055,0.4950980392156863,0.4727474135660099
GradientBoosting,0.07788944723618091,0.5,0.4051571016132546
GradientBoosting,0.0785175879396985,0.5,0.4033740976355201
GradientBoosting,0.07914572864321608,0.5049019607843137,0.39737684989904476
GradientBoosting,0.07977386934673367,0.5049019607843137,0.3933220087747138
GradientBoosting,0.07977386934673367,0.5073529411764706,0.39208226686734515
GradientBoosting,0.0885678391959799,0.5245098039215687,0.3877702096455271
GradientBoosting,0.08982412060301508,0.5245098039215687,0.3864300589525765
GradientBoosting,0.09045226130653267,0.5269607843137255,0.3773659033426473
GradientBoosting,0.09108040201005026,0.5318627450980392,0.37358002002558643
GradientBoosting,0.09296482412060302,0.5392156862745098,0.3713169869732508
GradientBoosting,0.10113065326633165,0.5563725490196079,0.36934781790228316
GradientBoosting,0.10113065326633165,0.5612745098039216,0.3600603999643968
GradientBoosting,0.10175879396984924,0.5637254901960784,0.28436877287982865
GradientBoosting,0.10364321608040201,0.5661764705882353,0.2803129281143574
GradientBoosting,0.10427135678391959,0.5686274509803921,0.27989696920536067
GradientBoosting,0.10427135678391959,0.571078431372549,0.2785501282476887
GradientBoosting,0.10615577889447236,0.571078431372549,0.2748822773740684
GradientBoosting,0.10804020100502512,0.5784313725490197,0.27138463811685215
GradientBoosting,0.10804020100502512,0.5808823529411765,0.26978638847371456
GradientBoosting,0.1099246231155779,0.5931372549019608,0.26944202170600073
GradientBoosting,0.11180904522613065,0.5931372549019608,0.26754039820876463
GradientBoosting,0.11683417085427136,0.6200980392156863,0.2658888186715728
GradientBoosting,0.11809045226130653,0.6225490196078431,0.264638607675676
GradientBoosting,0.125,0.6274509803921569,0.26439733694041734
GradientBoosting,0.125,0.6299019607843137,0.2623880820963172
GradientBoosting,0.12625628140703518,0.6299019607843137,0.2590600047924921
GradientBoosting,0.12876884422110552,0.6299019607843137,0.2577635492812438
GradientBoosting,0.1306532663316583,0.6299019607843137,0.25652928993537605
GradientBoosting,0.13128140703517588,0.6323529411764706,0.2564285011359806
GradientBoosting,0.13442211055276382,0.6348039215686274,0.2560260902043742
GradientBoosting,0.13819095477386933,0.6372549019607843,0.2559603797360089
GradientBoosting,0.14007537688442212,0.6397058823529411,0.25558645798309143
GradientBoosting,0.14510050251256282,0.6446078431372549,0.255119838490933
GradientBoosting,0.146356783919598,0.6446078431372549,0.25390690801634475
GradientBoosting,0.14886934673366833,0.6446078431372549,0.25184180872974476
GradientBoosting,0.1507537688442211,0.6446078431372549,0.2510397744233845
GradientBoosting,0.1513819095477387,0.6446078431372549,0.24973535524093787
GradientBoosting,0.15201005025125627,0.6470588235294118,0.24946648797553672
GradientBoosting,0.15201005025125627,0.6568627450980392,0.2484760626954408
GradientBoosting,0.15326633165829145,0.6593137254901961,0.24816004546309278
GradientBoosting,0.15577889447236182,0.6593137254901961,0.24775249193331
GradientBoosting,0.157035175879397,0.6593137254901961,0.24730159698552043
GradientBoosting,0.15829145728643215,0.6617647058823529,0.2470961524938704
GradientBoosting,0.15954773869346733,0.6617647058823529,0.2460083569239626
GradientBoosting,0.1620603015075377,0.6691176470588235,0.24475578408395368
GradientBoosting,0.19535175879396985,0.696078431372549,0.24297044245983046
GradientBoosting,0.20163316582914573,0.7034313725490197,0.24266153401587615
GradientBoosting,0.2022613065326633,0.7058823529411765,0.24117015426652974
GradientBoosting,0.20351758793969849,0.7058823529411765,0.24037209702406936
GradientBoosting,0.20351758793969849,0.7083333333333334,0.23913257743166697
GradientBoosting,0.20603015075376885,0.7083333333333334,0.23858986709261357
GradientBoosting,0.20728643216080403,0.7083333333333334,0.23778813812827784
GradientBoosting,0.2079145728643216,0.7107843137254902,0.23658786876855786
GradientBoosting,0.20854271356783918,0.7107843137254902,0.23366289863386536
GradientBoosting,0.21168341708542712,0.7156862745098039,0.23332954635776051
GradientBoosting,0.2129396984924623,0.7156862745098039,0.2270634902255342
GradientBoosting,0.2135678391959799,0.7156862745098039,0.22609829687916477
GradientBoosting,0.21608040201005024,0.7156862745098039,0.2089043701027241
GradientBoosting,0.21670854271356785,0.7230392156862745,0.20481782591560327
GradientBoosting,0.21670854271356785,0.7279411764705882,0.20400537755090925
GradientBoosting,0.21733668341708542,0.7279411764705882,0.2034081716798627
GradientBoosting,0.217964824120603,0.7328431372549019,0.2008046553394022
GradientBoosting,0.2305276381909548,0.7475490196078431,0.19925532735580548
GradientBoosting,0.23304020100502512,0.7475490196078431,0.18337891739739098
GradientBoosting,0.23680904522613067,0.7475490196078431,0.17964014783820664
GradientBoosting,0.23869346733668342,0.7475490196078431,0.17800862511815682
GradientBoosting,0.24183417085427136,0.7475490196078431,0.17796261799376512
GradientBoosting,0.24560301507537688,0.75,0.17698429269069044
GradientBoosting,0.2657035175879397,0.7647058823529411,0.1756129911705233
GradientBoosting,0.26695979899497485,0.7671568627450981,0.17464481050263203
GradientBoosting,0.2675879396984925,0.7671568627450981,0.17447490870415958
GradientBoosting,0.2851758793969849,0.7745098039215687,0.173257403494898
GradientBoosting,0.2889447236180904,0.7769607843137255,0.17216168588142328
GradientBoosting,0.2971105527638191,0.7769607843137255,0.17204731945892776
GradientBoosting,0.2989949748743719,0.7769607843137255,0.16239908041758708
GradientBoosting,0.3008793969849246,0.7769607843137255,0.1596057551539325
GradientBoosting,0.31721105527638194,0.8014705882352942,0.15629830647976506
GradientBoosting,0.3222361809045226,0.803921568627451,0.15528969621704167
GradientBoosting,0.3234924623115578,0.803921568627451,0.150813412663085
GradientBoosting,0.3360552763819096,0.821078431372549,0.14974583098924216
GradientBoosting,0.3417085427135678,0.8235294117647058,0.14877204855791726
GradientBoosting,0.34484924623115576,0.8235294117647058,0.14306566568463286
GradientBoosting,0.34673366834170855,0.8284313725490197,0.1347713160883558
GradientBoosting,0.3492462311557789,0.8284313725490197,0.13343693636339776
GradientBoosting,0.3498743718592965,0.8284313725490197,0.13339600053179443
GradientBoosting,0.3743718592964824,0.8406862745098039,0.1328569854857632
GradientBoosting,0.375,0.8406862745098039,0.13258318649362283
GradientBoosting,0.37625628140703515,0.8406862745098039,0.13215408697005007
GradientBoosting,0.39195979899497485,0.8504901960784313,0.13197598234877456
GradientBoosting,0.3925879396984925,0.8504901960784313,0.1303133897839633
GradientBoosting,0.3951005025125628,0.8529411764705882,0.13026823704201818
GradientBoosting,0.41520100502512564,0.8627450980392157,0.12862204089847798
GradientBoosting,0.42525125628140703,0.8700980392156863,0.12827276802988788
GradientBoosting,0.4265075376884422,0.8700980392156863,0.12778513152911458
GradientBoosting,0.46042713567839194,0.8799019607843137,0.1274780442768698
GradientBoosting,0.4629396984924623,0.8799019607843137,0.12657503757276456
GradientBoosting,0.49120603015075376,0.8897058823529411,0.1256819720453444
GradientBoosting,0.4949748743718593,0.8921568627450981,0.12523096875306303
GradientBoosting,0.4956030150753769,0.8921568627450981,0.12511999554557096
GradientBoosting,0.49685929648241206,0.8921568627450981,0.12492575391173268
GradientBoosting,0.49748743718592964,0.8921568627450981,0.1248614517108661
GradientBoosting,0.5006281407035176,0.8921568627450981,0.12485571071451645
GradientBoosting,0.5232412060301508,0.9044117647058824,0.12456038712392728
GradientBoosting,0.5238693467336684,0.9044117647058824,0.12390567154861953
GradientBoosting,0.5339195979899497,0.9093137254901961,0.12220477610975324
GradientBoosting,0.5358040201005025,0.9117647058823529,0.12216368942912237
GradientBoosting,0.5389447236180904,0.9142156862745098,0.12205834052933473
GradientBoosting,0.5414572864321608,0.9142156862745098,0.12198968090848394
GradientBoosting,0.5433417085427136,0.9142156862745098,0.12112916029549507
GradientBoosting,0.5515075376884422,0.9166666666666666,0.12023304345692247
GradientBoosting,0.5634422110552764,0.9215686274509803,0.11889520198846036
GradientBoosting,0.5640703517587939,0.9215686274509803,0.11852782118025697
GradientBoosting,0.5728643216080402,0.9240196078431373,0.11614783528612635
GradientBoosting,0.5734924623115578,0.9240196078431373,0.11469426464404935
GradientBoosting,0.574748743718593,0.9240196078431373,0.11257058628733284
GradientBoosting,0.5753768844221105,0.9240196078431373,0.11111999587064329
GradientBoosting,0.5766331658291457,0.928921568627451,0.10848372859096997
GradientBoosting,0.5778894472361809,0.928921568627451,0.10716753912368461
GradientBoosting,0.5785175879396985,0.928921568627451,0.1063353027933506
GradientBoosting,0.5804020100502513,0.928921568627451,0.09631605552212359
GradientBoosting,0.5835427135678392,0.928921568627451,0.09396722469847159
GradientBoosting,0.5847989949748744,0.928921568627451,0.09314613758269703
GradientBoosting,0.5967336683417085,0.9362745098039216,0.09243526666396452
GradientBoosting,0.5979899497487438,0.9362745098039216,0.09168570905197164
GradientBoosting,0.6017587939698492,0.9362745098039216,0.09072337211356375
GradientBoosting,0.6042713567839196,0.9387254901960784,0.08954746968746255
GradientBoosting,0.6092964824120602,0.9411764705882353,0.08823987580762091
GradientBoosting,0.6381909547738693,0.9485294117647058,0.08746400319272184
GradientBoosting,0.6394472361809045,0.9485294117647058,0.08062828537264027
GradientBoosting,0.6400753768844221,0.9485294117647058,0.07708961836347092
GradientBoosting,0.6400753768844221,0.9509803921568627,0.07519014947491458
GradientBoosting,0.6425879396984925,0.9509803921568627,0.07365875438886198
GradientBoosting,0.6620603015075377,0.9583333333333334,0.07341379360268799
GradientBoosting,0.664572864321608,0.9583333333333334,0.06880127605862604
GradientBoosting,0.6915829145728644,0.9656862745098039,0.06777407221208605
GradientBoosting,0.6928391959798995,0.9656862745098039,0.06761350564437325
GradientBoosting,0.7066582914572864,0.9705882352941176,0.06708109726678864
GradientBoosting,0.7141959798994975,0.9705882352941176,0.06660276686381597
GradientBoosting,0.7154522613065326,0.9705882352941176,0.06472057736827777
GradientBoosting,0.7173366834170855,0.9705882352941176,0.06111877904290279
GradientBoosting,0.717964824120603,0.9705882352941176,0.06038416206961361
GradientBoosting,0.7349246231155779,0.9730392156862745,0.05970723833305768
GradientBoosting,0.7355527638190955,0.9730392156862745,0.05934240008126219
GradientBoosting,0.7474874371859297,0.9754901960784313,0.05927814720464708
GradientBoosting,0.7481155778894473,0.9754901960784313,0.05919884618102264
GradientBoosting,0.7688442211055276,0.9779411764705882,0.05665145507818724
GradientBoosting,0.7744974874371859,0.9779411764705882,0.05624301103313654
GradientBoosting,0.7751256281407035,0.9779411764705882,0.053579430640446284
GradientBoosting,0.785175879396985,0.9779411764705882,0.052228626218273295
GradientBoosting,0.8209798994974874,0.9852941176470589,0.051884152727038356
GradientBoosting,0.8373115577889447,0.9852941176470589,0.051508203127134784
GradientBoosting,0.8963567839195979,0.9975490196078431,0.05066548491574999
GradientBoosting,0.9001256281407035,0.9975490196078431,0.050306533887776284
GradientBoosting,0.9541457286432161,0.9975490196078431,0.050174928665068085
GradientBoosting,0.9597989949748744,0.9975490196078431,0.04945805025697953
GradientBoosting,0.9673366834170855,0.9975490196078431,0.04926177114238961
GradientBoosting,0.9736180904522613,0.9975490196078431,0.049053386054677656
GradientBoosting,0.9786432160804021,1.0,0.04792375112705869
GradientBoosting,0.9817839195979899,1.0,0.047722425648875626
GradientBoosting,1.0,1.0,0.04729829814003227
HistGradientBoosting,0.0,0.0,inf
HistGradientBoosting,0.0,0.0024509803921568627,0.9823602982916225
HistGradientBoosting,0.0,0.004901960784313725,0.9813199581823769
HistGradientBoosting,0.0,0.014705882352941176,0.9809654568808663
HistGradientBoosting,0.0,0.0196078431372549,0.9660114795356619
HistGradientBoosting,0.0,0.024509803921568627,0.9401306640251693
HistGradientBoosting,0.0,0.02696078431372549,0.939370018634483
HistGradientBoosting,0.0,0.0392156862745098,0.9342493676772611
HistGradientBoosting,0.0,0.049019607843137254,0.9339150004633395
HistGradientBoosting,0.0,0.05392156862745098,0.9321818256124101
HistGradientBoosting,0.0,0.06862745098039216,0.9240879540933938
HistGradientBoosting,0.0,0.07352941176470588,0.9213384901241667
HistGradientBoosting,0.0,0.07598039215686274,0.9191554979324907
HistGradientBoosting,0.0,0.09068627450980392,0.9087279701982381
HistGradientBoosting,0.0,0.09558823529411764,0.8570578246529427
HistGradientBoosting,0.000628140703517588,0.10049019607843138,0.8338710933167983
HistGradientBoosting,0.000628140703517588,0.10294117647058823,0.8002061704925504
HistGradientBoosting,0.001256281407035176,0.10294117647058823,0.7872416644512683
HistGradientBoosting,0.0018844221105527637,0.1053921568627451,0.784982812157427
HistGradientBoosting,0.0018844221105527637,0.12009803921568628,0.7766019260100119
HistGradientBoosting,0.0018844221105527637,0.12254901960784313,0.7707617546014395
HistGradientBoosting,0.002512562814070352,0.12990196078431374,0.7692025395240296
HistGradientBoosting,0.002512562814070352,0.1323529411764706,0.7141196029328617
HistGradientBoosting,0.0043969849246231155,0.13970588235294118,0.7010870059402948
HistGradientBoosting,0.0043969849246231155,0.14460784313725492,0.6684081353956592
HistGradientBoosting,0.005025125628140704,0.14460784313725492,0.6527374722865167
HistGradientBoosting,0.005025125628140704,0.14950980392156862,0.6515055241463038
HistGradientBoosting,0.005025125628140704,0.1568627450980392,0.6442333120955629
HistGradientBoosting,0.005653266331658292,0.16176470588235295,0.6417440579424168
HistGradientBoosting,0.008165829145728644,0.17647058823529413,0.641359995809286
HistGradientBoosting,0.008793969849246231,0.18137254901960784,0.6315929906876003
HistGradientBoosting,0.008793969849246231,0.19117647058823528,0.6314789868906573
HistGradientBoosting,0.008793969849246231,0.21323529411764705,0.6251279736711258
HistGradientBoosting,0.010050251256281407,0.23529411764705882,0.6238545211363473
HistGradientBoosting,0.010678391959798994,0.23529411764705882,0.6237736548733005
HistGradientBoosting,0.01256281407035176,0.24019607843137256,0.622248143894282
HistGradientBoosting,0.01256281407035176,0.2426470588235294,0.6163450864845181
HistGradientBoosting,0.017587939698492462,0.26715686274509803,0.6137776839691766
HistGradientBoosting,0.018844221105527637,0.26715686274509803,0.612275306585157
HistGradientBoosting,0.02386934673366834,0.2769607843137255,0.6084392397581612
HistGradientBoosting,0.026381909547738693,0.2867647058823529,0.6056829353830304
HistGradientBoosting,0.028266331658291458,0.3088235294117647,0.6043852308641763
HistGradientBoosting,0.028266331658291458,0.3137254901960784,0.5967565205337702
HistGradientBoosting,0.031407035175879394,0.32598039215686275,0.5941261497247498
HistGradientBoosting,0.03391959798994975,0.34068627450980393,0.588698099779705
HistGradientBoosting,0.03391959798994975,0.3431372549019608,0.5851173206525545
HistGradientBoosting,0.0364321608040201,0.3431372549019608,0.5823812495881098
HistGradientBoosting,0.0364321608040201,0.34558823529411764,0.5705620698621151
HistGradientBoosting,0.03957286432160804,0.35784313725490197,0.5639542059949371
HistGradientBoosting,0.03957286432160804,0.3602941176470588,0.5632362077706198
HistGradientBoosting,0.04271356783919598,0.36519607843137253,0.5631156828709262
HistGradientBoosting,0.04459798994974874,0.36764705882352944,0.5619189955764089
HistGradientBoosting,0.04522613065326633,0.36764705882352944,0.560757811788881
HistGradientBoosting,0.04585427135678392,0.3700980392156863,0.5564141149975294
HistGradientBoosting,0.04585427135678392,0.375,0.5546942234317173
HistGradientBoosting,0.04836683417085427,0.37745098039215685,0.5544464762272042
HistGradientBoosting,0.04962311557788945,0.37745098039215685,0.5530019394229831
HistGradientBoosting,0.05150753768844221,0.39215686274509803,0.5488906855651562
HistGradientBoosting,0.05150753768844221,0.3946078431372549,0.543852921447888
HistGradientBoosting,0.05339195979899498,0.4068627450980392,0.5412079735054399
HistGradientBoosting,0.05402010050251256,0.40931372549019607,0.5042238231145101
HistGradientBoosting,0.05402010050251256,0.4166666666666667,0.49702717335732144
HistGradientBoosting,0.05527638190954774,0.41911764705882354,0.49540373234086643
HistGradientBoosting,0.056532663316582916,0.42401960784313725,0.4882090040291374
HistGradientBoosting,0.0571608040201005,0.42401960784313725,0.4781942454915393
HistGradientBoosting,0.0571608040201005,0.42892156862745096,0.4778654888649013
HistGradientBoosting,0.05778894472361809,0.42892156862745096,0.4752746472463186
HistGradientBoosting,0.06155778894472362,0.45098039215686275,0.4697316409211221
HistGradientBoosting,0.06281407035175879,0.45588235294117646,0.4690702345634063
HistGradientBoosting,0.06532663316582915,0.4681372549019608,0.4682934232628989
HistGradientBoosting,0.06846733668341709,0.4852941176470588,0.46095392825155235
HistGradientBoosting,0.07537688442211055,0.4950980392156863,0.4595192963526761
HistGradientBoosting,0.07600502512562814,0.5,0.43500268455657026
HistGradientBoosting,0.07663316582914573,0.5024509803921569,0.417399542229101
HistGradientBoosting,0.07663316582914573,0.5049019607843137,0.4147126141225919
HistGradientBoosting,0.07788944723618091,0.5049019607843137,0.4123177837034944
HistGradientBoosting,0.08103015075376885,0.5098039215686274,0.4120396332377482
HistGradientBoosting,0.08165829145728644,0.5098039215686274,0.39850679920821674
HistGradientBoosting,0.08165829145728644,0.5147058823529411,0.39359049239764493
HistGradientBoosting,0.08228643216080402,0.5196078431372549,0.39199134020243726
HistGradientBoosting,0.08417085427135679,0.5269607843137255,0.38798852806099576
HistGradientBoosting,0.08982412060301508,0.5318627450980392,0.38583111133560993
HistGradientBoosting,0.09296482412060302,0.5441176470588235,0.3844635279869131
HistGradientBoosting,0.10113065326633165,0.5612745098039216,0.38424350919058115
HistGradientBoosting,0.10175879396984924,0.5637254901960784,0.3001340397996211
HistGradientBoosting,0.10364321608040201,0.5661764705882353,0.29745702864661494
HistGradientBoosting,0.10364321608040201,0.5686274509803921,0.28665153693026457
HistGradientBoosting,0.10489949748743718,0.571078431372549,0.28370972615860257
HistGradientBoosting,0.10552763819095477,0.571078431372549,0.2803900783948052
HistGradientBoosting,0.10804020100502512,0.571078431372549,0.2794422056697727
HistGradientBoosting,0.1099246231155779,0.5833333333333334,0.27845238374597303
HistGradientBoosting,0.11180904522613065,0.5833333333333334,0.2750844189195685
HistGradientBoosting,0.11683417085427136,0.6102941176470589,0.2735629835912272
HistGradientBoosting,0.11746231155778894,0.6102941176470589,0.27292439060001283
HistGradientBoosting,0.1199748743718593,0.6102941176470589,0.2726789831902671
HistGradientBoosting,0.12123115577889447,0.6151960784313726,0.27046332702338505
HistGradientBoosting,0.12185929648241206,0.6151960784313726,0.2704482232393609
HistGradientBoosting,0.125,0.6176470588235294,0.2678207210949259
HistGradientBoosting,0.125,0.6200980392156863,0.26636524097454656
HistGradientBoosting,0.12562814070351758,0.6200980392156863,0.26448649655247297
HistGradientBoosting,0.1306532663316583,0.6225490196078431,0.2568797509231681
HistGradientBoosting,0.1306532663316583,0.625,0.2566488729249836
HistGradientBoosting,0.13253768844221106,0.6274509803921569,0.2558444858598861
HistGradientBoosting,0.13379396984924624,0.6323529411764706,0.25454444972801693
HistGradientBoosting,0.13630653266331658,0.6397058823529411,0.2522657817152065
HistGradientBoosting,0.16959798994974876,0.6666666666666666,0.25060878447065155
HistGradientBoosting,0.17462311557788945,0.6691176470588235,0.24779598005875522
HistGradientBoosting,0.17587939698492464,0.6691176470588235,0.2466174129498738
HistGradientBoosting,0.1771356783919598,0.6691176470588235,0.24629243968011086
HistGradientBoosting,0.18090452261306533,0.6764705882352942,0.24363274023038278
HistGradientBoosting,0.18216080402010051,0.6764705882352942,0.24271459890577549
HistGradientBoosting,0.18404522613065327,0.6764705882352942,0.2415097399796814
HistGradientBoosting,0.18467336683417085,0.678921568627451,0.24132416471025298
HistGradientBoosting,0.1871859296482412,0.6813725490196079,0.2405163699559048
HistGradientBoosting,0.1878140703517588,0.6813725490196079,0.23976512027965252
HistGradientBoosting,0.1884422110552764,0.6838235294117647,0.2372214695461104
HistGradientBoosting,0.1884422110552764,0.6862745098039216,0.23475514294569821
HistGradientBoosting,0.19095477386934673,0.6862745098039216,0.2328844838235928
HistGradientBoosting,0.19158291457286433,0.6862745098039216,0.23279921484684493
HistGradientBoosting,0.1978643216080402,0.6936274509803921,0.2325772464749479
HistGradientBoosting,0.1984924623115578,0.6936274509803921,0.23218533364245042
HistGradientBoosting,0.20163316582914573,0.696078431372549,0.22881129313588508
HistGradientBoosting,0.2022613065326633,0.696078431372549,0.226035269559348
HistGradientBoosting,0.20351758793969849,0.6985294117647058,0.22576368990040685
HistGradientBoosting,0.20728643216080403,0.7058823529411765,0.2250265607878141
HistGradientBoosting,0.2079145728643216,0.7107843137254902,0.2238541760749483
HistGradientBoosting,0.22047738693467336,0.7254901960784313,0.2223283102960616
HistGradientBoosting,0.22173366834170855,0.7279411764705882,0.2223077563941021
HistGradientBoosting,0.2242462311557789,0.7279411764705882,0.22186143634498148
HistGradientBoosting,0.22487437185929648,0.7279411764705882,0.21846698494156683
HistGradientBoosting,0.22550251256281406,0.7303921568627451,0.21838334776252138
HistGradientBoosting,0.22613065326633167,0.7303921568627451,0.2175544474930405
HistGradientBoosting,0.22738693467336685,0.7303921568627451,0.21387733419290067
HistGradientBoosting,0.22989949748743718,0.7352941176470589,0.21286558417075185
HistGradientBoosting,0.22989949748743718,0.7401960784313726,0.20574348738590917
HistGradientBoosting,0.23115577889447236,0.7401960784313726,0.20363597565680458
HistGradientBoosting,0.23492462311557788,0.7401960784313726,0.20057272796286368
HistGradientBoosting,0.23555276381909548,0.7401960784313726,0.1974670535997374
HistGradientBoosting,0.23618090452261306,0.7475490196078431,0.19498319806977932
HistGradientBoosting,0.23680904522613067,0.7475490196078431,0.19214571885051837
HistGradientBoosting,0.23869346733668342,0.7573529411764706,0.1841905048014211
HistGradientBoosting,0.27826633165829145,0.7720588235294118,0.18287129901896415
HistGradientBoosting,0.27889447236180903,0.7720588235294118,0.17735387642977946
HistGradientBoosting,0.2814070351758794,0.7720588235294118,0.17719242385702685
HistGradientBoosting,0.28203517587939697,0.7720588235294118,0.17710804635069108
HistGradientBoosting,0.28454773869346733,0.7745098039215687,0.1738807690355687
HistGradientBoosting,0.2870603015075377,0.7745098039215687,0.17234719398651951
HistGradientBoosting,0.2933417085427136,0.7769607843137255,0.1692439544366548
HistGradientBoosting,0.2989949748743719,0.7769607843137255,0.168433529298733
HistGradientBoosting,0.3008793969849246,0.7794117647058824,0.16515238647194505
HistGradientBoosting,0.3027638190954774,0.7794117647058824,0.1578152474306846
HistGradientBoosting,0.3385678391959799,0.8235294117647058,0.1566486733144036
HistGradientBoosting,0.3398241206030151,0.8235294117647058,0.15620719125595195
HistGradientBoosting,0.34108040201005024,0.8235294117647058,0.1493367130448707
HistGradientBoosting,0.34233668341708545,0.8235294117647058,0.13866430661285756
HistGradientBoosting,0.38253768844221103,0.8455882352941176,0.13208962398578963
HistGradientBoosting,0.3844221105527638,0.8504901960784313,0.13160550240868862
HistGradientBoosting,0.38756281407035176,0.8529411764705882,0.13023733174075589
HistGradientBoosting,0.38944723618090454,0.8529411764705882,0.12826018017305016
HistGradientBoosting,0.3900753768844221,0.8529411764705882,0.12793389227064483
HistGradientBoosting,0.39321608040201006,0.8529411764705882,0.12780586619097178
HistGradientBoosting,0.39384422110552764,0.8529411764705882,0.12646553374070968
HistGradientBoosting,0.3957286432160804,0.8529411764705882,0.12634125627054238
HistGradientBoosting,0.396356783919598,0.8529411764705882,0.12609137064192827
HistGradientBoosting,0.45037688442211055,0.8700980392156863,0.12589184421061
HistGradientBoosting,0.4510050251256281,0.8700980392156863,0.12527669242125944
HistGradientBoosting,0.45226130653266333,0.8700980392156863,0.12510019923439392
HistGradientBoosting,0.4629396984924623,0.8700980392156863,0.12493014374521147
HistGradientBoosting,0.4648241206030151,0.8725490196078431,0.12454380016015866
HistGradientBoosting,0.46733668341708545,0.875,0.12438942554096151
HistGradientBoosting,0.46796482412060303,0.875,0.12343758145518283
HistGradientBoosting,0.46984924623115576,0.875,0.12272078985641079
HistGradientBoosting,0.4729899497487437,0.8799019607843137,0.12245601092466707
HistGradientBoosting,0.48304020100502515,0.8848039215686274,0.12179837896039819
HistGradientBoosting,0.4886934673366834,0.8921568627450981,0.12174497791769165
HistGradientBoosting,0.4899497487437186,0.8921568627450981,0.12138553134520191
HistGradientBoosting,0.4943467336683417,0.8921568627450981,0.12112883843609162
HistGradientBoosting,0.5025125628140703,0.8946078431372549,0.12102988809413687
HistGradientBoosting,0.503140703517588,0.8946078431372549,0.12003396930898863
HistGradientBoosting,0.5069095477386935,0.8970588235294118,0.1197761940805945
HistGradientBoosting,0.507537688442211,0.8970588235294118,0.11942531158894037
HistGradientBoosting,0.5219849246231156,0.9019607843137255,0.11868416209245004
HistGradientBoosting,0.5445979899497487,0.9142156862745098,0.11782733681461867
HistGradientBoosting,0.5471105527638191,0.9142156862745098,0.11415601398764287
HistGradientBoosting,0.5471105527638191,0.9191176470588235,0.11268773923740505
HistGradientBoosting,0.5483668341708543,0.9191176470588235,0.11211158624172882
HistGradientBoosting,0.5603015075376885,0.9240196078431373,0.11188420629804889
HistGradientBoosting,0.5621859296482412,0.9240196078431373,0.11101592134480824
HistGradientBoosting,0.5646984924623115,0.9240196078431373,0.10270720911358279
HistGradientBoosting,0.5672110552763819,0.9264705882352942,0.0998348319256785
HistGradientBoosting,0.574748743718593,0.928921568627451,0.09804978009074312
HistGradientBoosting,0.5766331658291457,0.9313725490196079,0.09723494618694077
HistGradientBoosting,0.5772613065326633,0.9313725490196079,0.09721478449696168
HistGradientBoosting,0.5785175879396985,0.9313725490196079,0.09618662143803158
HistGradientBoosting,0.5804020100502513,0.9313725490196079,0.09503238222112967
HistGradientBoosting,0.5835427135678392,0.9313725490196079,0.09173979403974353
HistGradientBoosting,0.5847989949748744,0.9313725490196079,0.09034739889828401
HistGradientBoosting,0.5967336683417085,0.9387254901960784,0.08972124714947857
HistGradientBoosting,0.5967336683417085,0.9411764705882353,0.08878082180951834
HistGradientBoosting,0.5979899497487438,0.9411764705882353,0.08762555960631178
HistGradientBoosting,0.6005025125628141,0.9411764705882353,0.08713645959612747
HistGradientBoosting,0.6011306532663316,0.9411764705882353,0.08707421012224094
HistGradientBoosting,0.6023869346733668,0.9411764705882353,0.0797494703862139
HistGradientBoosting,0.6074120603015075,0.9436274509803921,0.07902124627292438
HistGradientBoosting,0.6363065326633166,0.9509803921568627,0.0783829104208249
HistGradientBoosting,0.6400753768844221,0.9509803921568627,0.07829076963572805
HistGradientBoosting,0.6438442211055276,0.9509803921568627,0.070092332719305
HistGradientBoosting,0.6633165829145728,0.9583333333333334,0.06952068025213885
HistGradientBoosting,0.6652010050251256,0.9583333333333334,0.06715650028479041
HistGradientBoosting,0.667713567839196,0.9583333333333334,0.06466014148739245
HistGradientBoosting,0.6683417085427136,0.9583333333333334,0.061789445313756554
HistGradientBoosting,0.6727386934673367,0.9583333333333334,0.06166102735002439
HistGradientBoosting,0.6733668341708543,0.9583333333333334,0.06132519803096551
HistGradientBoosting,0.7173366834170855,0.9705882352941176,0.061153616046898576
HistGradientBoosting,0.7185929648241206,0.9705882352941176,0.058100041623297446
HistGradientBoosting,0.7204773869346733,0.9705882352941176,0.05778481033690598
HistGradientBoosting,0.7229899497487438,0.9705882352941176,0.05275912894637102
HistGradientBoosting,0.7267587939698492,0.9705882352941176,0.05275641950179308
HistGradientBoosting,0.7518844221105527,0.9754901960784313,0.05231819899502848
HistGradientBoosting,0.7543969849246231,0.9754901960784313,0.048655551835217296
HistGradientBoosting,0.7550251256281407,0.9754901960784313,0.04753138634263006
HistGradientBoosting,0.7600502512562815,0.9754901960784313,0.04630234633024209
HistGradientBoosting,0.7757537688442211,0.9754901960784313,0.04582104536730951
HistGradientBoosting,0.7839195979899497,0.9779411764705882,0.0451024942376166
HistGradientBoosting,0.785175879396985,0.9779411764705882,0.042573788349377154
HistGradientBoosting,0.7883165829145728,0.9779411764705882,0.039746608859923684
HistGradientBoosting,0.7964824120603015,0.9779411764705882,0.039065519614136214
HistGradientBoosting,0.8059045226130653,0.9779411764705882,0.03898020591789809
HistGradientBoosting,0.8071608040201005,0.9779411764705882,0.0384007100614016
HistGradientBoosting,0.8479899497487438,0.9803921568627451,0.038203832973990395
HistGradientBoosting,0.8561557788944724,0.9852941176470589,0.03760002552700708
HistGradientBoosting,0.9082914572864321,0.9877450980392157,0.03754814666475719
HistGradientBoosting,0.9114321608040201,0.9901960784313726,0.03710495603082352
HistGradientBoosting,0.9170854271356784,0.9901960784313726,0.03706554185358543
HistGradientBoosting,0.9183417085427136,0.9901960784313726,0.03701223646534726
HistGradientBoosting,0.9258793969849246,0.9901960784313726,0.03676421474432284
HistGradientBoosting,0.9403266331658291,0.9975490196078431,0.03585464797522047
HistGradientBoosting,0.9491206030150754,0.9975490196078431,0.035667226677558006
HistGradientBoosting,0.9541457286432161,1.0,0.03563481492924291
HistGradientBoosting,0.9817839195979899,1.0,0.03557166433336816
HistGradientBoosting,0.9824120603015075,1.0,0.03500794380760607
HistGradientBoosting,0.9861809045226131,1.0,0.034549603376767886
HistGradientBoosting,0.9874371859296482,1.0,0.03312419657544702
HistGradientBoosting,0.9905778894472361,1.0,0.03151131436090598
HistGradientBoosting,0.9943467336683417,1.0,0.031230295936164693
HistGradientBoosting,1.0,1.0,0.030519794072434003
HistGradientBoosting+sigmoid,0.0,0.0,inf
HistGradientBoosting+sigmoid,0.0,0.0024509803921568627,0.98453049300826
HistGradientBoosting+sigmoid,0.0,0.004901960784313725,0.9828774787722875
HistGradientBoosting+sigmoid,0.0,0.012254901960784314,0.9798151430337915
HistGradientBoosting+sigmoid,0.0,0.022058823529411766,0.9487447466328853
HistGradientBoosting+sigmoid,0.0,0.02696078431372549,0.9481337452923491
HistGradientBoosting+sigmoid,0.0,0.029411764705882353,0.9473788847840638
HistGradientBoosting+sigmoid,0.0,0.03431372549019608,0.9461328195702196
HistGradientBoosting+sigmoid,0.0,0.041666666666666664,0.9459286001697468
HistGradientBoosting+sigmoid,0.0,0.04656862745098039,0.9455757522035754
HistGradientBoosting+sigmoid,0.0,0.05392156862745098,0.9438346866491667
HistGradientBoosting+sigmoid,0.0,0.058823529411764705,0.9427866175402841
HistGradientBoosting+sigmoid,0.0,0.08333333333333333,0.9177680189995683
HistGradientBoosting+sigmoid,0.0,0.08823529411764706,0.9150084954441006
HistGradientBoosting+sigmoid,0.0,0.09558823529411764,0.8400451830894718
HistGradientBoosting+sigmoid,0.000628140703517588,0.09803921568627451,0.8019755983815037
HistGradientBoosting+sigmoid,0.000628140703517588,0.10049019607843138,0.8014275999064396
HistGradientBoosting+sigmoid,0.001256281407035176,0.10049019607843138,0.7952366635406601
HistGradientBoosting+sigmoid,0.001256281407035176,0.10784313725490197,0.7808301030499325
HistGradientBoosting+sigmoid,0.002512562814070352,0.10784313725490197,0.7730666049207183
HistGradientBoosting+sigmoid,0.002512562814070352,0.11029411764705882,0.7678176888899381
HistGradientBoosting+sigmoid,0.002512562814070352,0.11519607843137254,0.7676335334325027
HistGradientBoosting+sigmoid,0.002512562814070352,0.11764705882352941,0.7660699494690886
HistGradientBoosting+sigmoid,0.002512562814070352,0.125,0.7617323805231422
HistGradientBoosting+sigmoid,0.002512562814070352,0.13480392156862744,0.7255162755358663
HistGradientBoosting+sigmoid,0.00314070351758794,0.13725490196078433,0.7130976948060681
HistGradientBoosting+sigmoid,0.00314070351758794,0.13970588235294118,0.7072553589838738
HistGradientBoosting+sigmoid,0.0037688442211055275,0.13970588235294118,0.7070892937891663
HistGradientBoosting+sigmoid,0.0037688442211055275,0.14460784313725492,0.6862811671155433
HistGradientBoosting+sigmoid,0.005025125628140704,0.14460784313725492,0.6647339750747377
HistGradientBoosting+sigmoid,0.005025125628140704,0.14950980392156862,0.6639972884968111
HistGradientBoosting+sigmoid,0.00628140703517588,0.16176470588235295,0.6589034519829643
HistGradientBoosting+sigmoid,0.00628140703517588,0.16911764705882354,0.6588026411205019
HistGradientBoosting+sigmoid,0.00628140703517588,0.1715686274509804,0.6544594573916165
HistGradientBoosting+sigmoid,0.006909547738693468,0.1715686274509804,0.6516144518494812
HistGradientBoosting+sigmoid,0.006909547738693468,0.17892156862745098,0.6478980101453663
HistGradientBoosting+sigmoid,0.008165829145728644,0.18382352941176472,0.6471179740578309
HistGradientBoosting+sigmoid,0.009422110552763818,0.18382352941176472,0.6438802979848389
HistGradientBoosting+sigmoid,0.009422110552763818,0.18627450980392157,0.639716980642933
HistGradientBoosting+sigmoid,0.010050251256281407,0.19117647058823528,0.6382125860752971
HistGradientBoosting+sigmoid,0.010050251256281407,0.19607843137254902,0.6377536219847303
HistGradientBoosting+sigmoid,0.010050251256281407,0.2107843137254902,0.6376451970632441
HistGradientBoosting+sigmoid,0.010050251256281407,0.2181372549019608,0.6363606910192505
HistGradientBoosting+sigmoid,0.010678391959798994,0.2181372549019608,0.6362795318954896
HistGradientBoosting+sigmoid,0.010678391959798994,0.22058823529411764,0.6303481979412539
HistGradientBoosting+sigmoid,0.011306532663316583,0.22058823529411764,0.6293640314136258
HistGradientBoosting+sigmoid,0.01193467336683417,0.22549019607843138,0.6286043865428615
HistGradientBoosting+sigmoid,0.013190954773869347,0.22549019607843138,0.6257045553887892
HistGradientBoosting+sigmoid,0.013190954773869347,0.23284313725490197,0.624245650946924
HistGradientBoosting+sigmoid,0.013190954773869347,0.23529411764705882,0.6228133320368442
HistGradientBoosting+sigmoid,0.013190954773869347,0.2426470588235294,0.6223937558908773
HistGradientBoosting+sigmoid,0.016331658291457288,0.2426470588235294,0.6187976570609083
HistGradientBoosting+sigmoid,0.019472361809045227,0.2549019607843137,0.6185866312964775
HistGradientBoosting+sigmoid,0.0207286432160804,0.2549019607843137,0.6184427544615266
HistGradientBoosting+sigmoid,0.0207286432160804,0.25735294117647056,0.6166751713126194
HistGradientBoosting+sigmoid,0.02135678391959799,0.2622549019607843,0.6165114970822818
HistGradientBoosting+sigmoid,0.02198492462311558,0.2647058823529412,0.6157919226833087
HistGradientBoosting+sigmoid,0.024497487437185928,0.2696078431372549,0.6153183413948523
HistGradientBoosting+sigmoid,0.02512562814070352,0.28431372549019607,0.6150791781722019
HistGradientBoosting+sigmoid,0.026381909547738693,0.2916666666666667,0.6146596020262352
HistGradientBoosting+sigmoid,0.026381909547738693,0.2965686274509804,0.6117479285394
HistGradientBoosting+sigmoid,0.02763819095477387,0.29901960784313725,0.6107084844046429
HistGradientBoosting+sigmoid,0.028266331658291458,0.3088235294117647,0.6103773492773349
HistGradientBoosting+sigmoid,0.028266331658291458,0.3112745098039216,0.6101348323783514
HistGradientBoosting+sigmoid,0.03015075376884422,0.32107843137254904,0.6026091445133397
HistGradientBoosting+sigmoid,0.03077889447236181,0.3235294117647059,0.6025944787634864
HistGradientBoosting+sigmoid,0.03077889447236181,0.3284313725490196,0.599819168457011
HistGradientBoosting+sigmoid,0.031407035175879394,0.33088235294117646,0.5995056948530261
HistGradientBoosting+sigmoid,0.032035175879396985,0.3382352941176471,0.598649299624942
HistGradientBoosting+sigmoid,0.03391959798994975,0.34068627450980393,0.5948180021433646
HistGradientBoosting+sigmoid,0.0364321608040201,0.34068627450980393,0.5898807543884653
HistGradientBoosting+sigmoid,0.0364321608040201,0.3431372549019608,0.587902807628252
HistGradientBoosting+sigmoid,0.03706030150753769,0.3431372549019608,0.5864593544255359
HistGradientBoosting+sigmoid,0.03706030150753769,0.3480392156862745,0.5859055511787151
HistGradientBoosting+sigmoid,0.03706030150753769,0.35049019607843135,0.5813818143086302
HistGradientBoosting+sigmoid,0.038316582914572864,0.35049019607843135,0.5747065911146538
HistGradientBoosting+sigmoid,0.04082914572864322,0.3553921568627451,0.5735014249405208
HistGradientBoosting+sigmoid,0.0414572864321608,0.3627450980392157,0.5715709883364622
HistGradientBoosting+sigmoid,0.04396984924623116,0.36519607843137253,0.5647650244877208
HistGradientBoosting+sigmoid,0.04585427135678392,0.36764705882352944,0.561631399982304
HistGradientBoosting+sigmoid,0.048994974874371856,0.37254901960784315,0.5612764349153637
HistGradientBoosting+sigmoid,0.05087939698492462,0.38480392156862747,0.5575740562708126
HistGradientBoosting+sigmoid,0.05087939698492462,0.3897058823529412,0.5535276436706993
HistGradientBoosting+sigmoid,0.05150753768844221,0.39215686274509803,0.5517802863765039
HistGradientBoosting+sigmoid,0.052763819095477386,0.4019607843137255,0.5442133121852792
HistGradientBoosting+sigmoid,0.05339195979899498,0.40441176470588236,0.5419736977597159
HistGradientBoosting+sigmoid,0.05339195979899498,0.4068627450980392,0.5377880907597833
HistGradientBoosting+sigmoid,0.05339195979899498,0.41421568627450983,0.5141885133663139
HistGradientBoosting+sigmoid,0.05402010050251256,0.4166666666666667,0.5138910476513222
HistGradientBoosting+sigmoid,0.05464824120603015,0.4166666666666667,0.507879356114518
HistGradientBoosting+sigmoid,0.055904522613065326,0.4215686274509804,0.5020813737166894
HistGradientBoosting+sigmoid,0.0571608040201005,0.42401960784313725,0.5017874824434776
HistGradientBoosting+sigmoid,0.0571608040201005,0.42892156862745096,0.4926101075850926
HistGradientBoosting+sigmoid,0.05778894472361809,0.43137254901960786,0.48659089484742296
HistGradientBoosting+sigmoid,0.05841708542713568,0.4362745098039216,0.48612190572593345
HistGradientBoosting+sigmoid,0.059673366834170856,0.44607843137254904,0.4847853598979912
HistGradientBoosting+sigmoid,0.06030150753768844,0.4485294117647059,0.48384440751363816
HistGradientBoosting+sigmoid,0.06344221105527638,0.4632352941176471,0.483025063188047
HistGradientBoosting+sigmoid,0.06469849246231156,0.4681372549019608,0.4805019210319698
HistGradientBoosting+sigmoid,0.06532663316582915,0.4681372549019608,0.47504063844856087
HistGradientBoosting+sigmoid,0.06658291457286432,0.47058823529411764,0.47400914322794074
HistGradientBoosting+sigmoid,0.06658291457286432,0.4730392156862745,0.4726730653307582
HistGradientBoosting+sigmoid,0.0678391959798995,0.47794117647058826,0.47173318481801046
HistGradientBoosting+sigmoid,0.07474874371859297,0.49019607843137253,0.4709145415971204
HistGradientBoosting+sigmoid,0.07537688442211055,0.4950980392156863,0.4676465878992639
HistGradientBoosting+sigmoid,0.07788944723618091,0.5,0.4513393829636101
HistGradientBoosting+sigmoid,0.0785175879396985,0.5049019607843137,0.4395412882419966
HistGradientBoosting+sigmoid,0.07977386934673367,0.5049019607843137,0.4272725327215095
HistGradientBoosting+sigmoid,0.07977386934673367,0.5073529411764706,0.4180140447995271
HistGradientBoosting+sigmoid,0.08103015075376885,0.5073529411764706,0.41416661570057794
HistGradientBoosting+sigmoid,0.08165829145728644,0.5098039215686274,0.4087551703241479
HistGradientBoosting+sigmoid,0.08165829145728644,0.5147058823529411,0.4071137524755557
HistGradientBoosting+sigmoid,0.0835427135678392,0.5147058823529411,0.40600056183948147
HistGradientBoosting+sigmoid,0.0835427135678392,0.5171568627450981,0.4047181827720234
HistGradientBoosting+sigmoid,0.08542713567839195,0.5196078431372549,0.40410723004257604
HistGradientBoosting+sigmoid,0.08731155778894473,0.5196078431372549,0.4038181825141975
HistGradientBoosting+sigmoid,0.08919597989949749,0.5245098039215687,0.40301893631697633
HistGradientBoosting+sigmoid,0.09045226130653267,0.5318627450980392,0.399815271243231
HistGradientBoosting+sigmoid,0.09108040201005026,0.5367647058823529,0.3845950414369174
HistGradientBoosting+sigmoid,0.09296482412060302,0.5441176470588235,0.38217105435780535
HistGradientBoosting+sigmoid,0.0942211055276382,0.5490196078431373,0.3808886752903473
HistGradientBoosting+sigmoid,0.09484924623115577,0.5514705882352942,0.38030816117583816
HistGradientBoosting+sigmoid,0.09610552763819095,0.5563725490196079,0.37998867503252143
HistGradientBoosting+sigmoid,0.10113065326633165,0.5612745098039216,0.3792198674502385
HistGradientBoosting+sigmoid,0.10364321608040201,0.5612745098039216,0.31361589255599037
HistGradientBoosting+sigmoid,0.10364321608040201,0.5637254901960784,0.3087561433795017
HistGradientBoosting+sigmoid,0.10552763819095477,0.5661764705882353,0.30744828866202406
HistGradientBoosting+sigmoid,0.10552763819095477,0.5686274509803921,0.30691253684365455
HistGradientBoosting+sigmoid,0.10615577889447236,0.5686274509803921,0.3013719327904062
HistGradientBoosting+sigmoid,0.10678391959798995,0.571078431372549,0.30100664341220723
HistGradientBoosting+sigmoid,0.10804020100502512,0.571078431372549,0.300452132462502
HistGradientBoosting+sigmoid,0.1092964824120603,0.5735294117647058,0.2996637423345986
HistGradientBoosting+sigmoid,0.11055276381909548,0.5735294117647058,0.29813105051107985
HistGradientBoosting+sigmoid,0.11055276381909548,0.5759803921568627,0.29704718096210464
HistGradientBoosting+sigmoid,0.11180904522613065,0.5784313725490197,0.2959928365690328
HistGradientBoosting+sigmoid,0.11243718592964824,0.5784313725490197,0.29305295207992493
HistGradientBoosting+sigmoid,0.11243718592964824,0.5808823529411765,0.28396468563809424
HistGradientBoosting+sigmoid,0.11306532663316583,0.5857843137254902,0.27972358567070676
HistGradientBoosting+sigmoid,0.11494974874371859,0.5980392156862745,0.2796700615627891
HistGradientBoosting+sigmoid,0.11683417085427136,0.5980392156862745,0.2774711761841881
HistGradientBoosting+sigmoid,0.11809045226130653,0.6029411764705882,0.27641917733300914
HistGradientBoosting+sigmoid,0.11809045226130653,0.6053921568627451,0.2758937441092162
HistGradientBoosting+sigmoid,0.11934673366834171,0.6102941176470589,0.2756834684232798
HistGradientBoosting+sigmoid,0.1199748743718593,0.6102941176470589,0.2753912248928451
HistGradientBoosting+sigmoid,0.12248743718592965,0.6225490196078431,0.27500438474367356
HistGradientBoosting+sigmoid,0.12311557788944724,0.6225490196078431,0.27488044745833246
HistGradientBoosting+sigmoid,0.125,0.6225490196078431,0.2729737473197664
HistGradientBoosting+sigmoid,0.12562814070351758,0.625,0.2715539346898528
HistGradientBoosting+sigmoid,0.12562814070351758,0.6274509803921569,0.27154101206504283
HistGradientBoosting+sigmoid,0.12814070351758794,0.6274509803921569,0.26434738322475304
HistGradientBoosting+sigmoid,0.12876884422110552,0.6274509803921569,0.26411456657059057
HistGradientBoosting+sigmoid,0.1306532663316583,0.6274509803921569,0.2615673738350202
HistGradientBoosting+sigmoid,0.13190954773869346,0.6299019607843137,0.26102835694497944
HistGradientBoosting+sigmoid,0.13316582914572864,0.6299019607843137,0.2588606263198595
HistGradientBoosting+sigmoid,0.13442211055276382,0.6299019607843137,0.2576171840393652
HistGradientBoosting+sigmoid,0.13693467336683418,0.6299019607843137,0.25711279799959613
HistGradientBoosting+sigmoid,0.13756281407035176,0.6299019607843137,0.25684600640608174
HistGradientBoosting+sigmoid,0.13944723618090452,0.6299019607843137,0.2551219871107793
HistGradientBoosting+sigmoid,0.1407035175879397,0.6299019607843137,0.2543451879691144
HistGradientBoosting+sigmoid,0.1407035175879397,0.6348039215686274,0.25412500218383144
HistGradientBoosting+sigmoid,0.1407035175879397,0.6372549019607843,0.2538409936741715
HistGradientBoosting+sigmoid,0.14195979899497488,0.6372549019607843,0.2531622992301191
HistGradientBoosting+sigmoid,0.14321608040201006,0.6421568627450981,0.2526918014738039
HistGradientBoosting+sigmoid,0.1444723618090452,0.6421568627450981,0.2525065077391881
HistGradientBoosting+sigmoid,0.1457286432160804,0.6446078431372549,0.2524152395956186
HistGradientBoosting+sigmoid,0.14949748743718594,0.6446078431372549,0.2521202501238847
HistGradientBoosting+sigmoid,0.15201005025125627,0.6495098039215687,0.2519040201799237
HistGradientBoosting+sigmoid,0.15263819095477388,0.6495098039215687,0.2514115468567913
HistGradientBoosting+sigmoid,0.16331658291457288,0.6544117647058824,0.25079254806516393
HistGradientBoosting+sigmoid,0.16394472361809045,0.6544117647058824,0.25057517157790904
HistGradientBoosting+sigmoid,0.1658291457286432,0.6593137254901961,0.24953557204365648
HistGradientBoosting+sigmoid,0.16771356783919597,0.6666666666666666,0.24950185787505896
HistGradientBoosting+sigmoid,0.17399497487437185,0.6764705882352942,0.24845192853519268
HistGradientBoosting+sigmoid,0.17462311557788945,0.6764705882352942,0.24823569859123162
HistGradientBoosting+sigmoid,0.1765075376884422,0.678921568627451,0.2480050702004847
HistGradientBoosting+sigmoid,0.18027638190954773,0.678921568627451,0.24712422647647184
HistGradientBoosting+sigmoid,0.1815326633165829,0.678921568627451,0.24659234404905175
HistGradientBoosting+sigmoid,0.1827889447236181,0.6813725490196079,0.24471955300090684
HistGradientBoosting+sigmoid,0.18341708542713567,0.6813725490196079,0.2445380532655491
HistGradientBoosting+sigmoid,0.18404522613065327,0.6838235294117647,0.24443911629339077
HistGradientBoosting+sigmoid,0.18592964824120603,0.6838235294117647,0.24376653884776314
HistGradientBoosting+sigmoid,0.1871859296482412,0.6862745098039216,0.24297821884470552
HistGradientBoosting+sigmoid,0.1878140703517588,0.6862745098039216,0.24264954781606732
HistGradientBoosting+sigmoid,0.18969849246231155,0.6862745098039216,0.24211758271705666
HistGradientBoosting+sigmoid,0.18969849246231155,0.6887254901960784,0.24051799134201268
HistGradientBoosting+sigmoid,0.19095477386934673,0.6887254901960784,0.2396054526512318
HistGradientBoosting+sigmoid,0.19283919597989949,0.6911764705882353,0.23810594154540385
HistGradientBoosting+sigmoid,0.19409547738693467,0.6911764705882353,0.2348361122103264
HistGradientBoosting+sigmoid,0.19472361809045227,0.6936274509803921,0.23139382138648668
HistGradientBoosting+sigmoid,0.1972361809045226,0.6936274509803921,0.23053160982777512
HistGradientBoosting+sigmoid,0.1972361809045226,0.6985294117647058,0.22886417433367137
HistGradientBoosting+sigmoid,0.20037688442211055,0.6985294117647058,0.22800196277495985
HistGradientBoosting+sigmoid,0.2028894472361809,0.6985294117647058,0.2266913943426495
HistGradientBoosting+sigmoid,0.20351758793969849,0.7034313725490197,0.22648802028912182
HistGradientBoosting+sigmoid,0.2041457286432161,0.7034313725490197,0.22648084473852534
HistGradientBoosting+sigmoid,0.20477386934673367,0.7058823529411765,0.2255325124275286
HistGradientBoosting+sigmoid,0.20854271356783918,0.7107843137254902,0.2253358614700135
HistGradientBoosting+sigmoid,0.21608040201005024,0.7181372549019608,0.22473171094064717
HistGradientBoosting+sigmoid,0.21733668341708542,0.7181372549019608,0.22447686491450322
HistGradientBoosting+sigmoid,0.21733668341708542,0.7230392156862745,0.22078221009126123
HistGradientBoosting+sigmoid,0.21733668341708542,0.7303921568627451,0.22042279793642364
HistGradientBoosting+sigmoid,0.2198492462311558,0.7303921568627451,0.21916464070336636
HistGradientBoosting+sigmoid,0.22047738693467336,0.7303921568627451,0.21906075603252148
HistGradientBoosting+sigmoid,0.22047738693467336,0.7328431372549019,0.21784737865179846
HistGradientBoosting+sigmoid,0.22110552763819097,0.7352941176470589,0.2177734245248104
HistGradientBoosting+sigmoid,0.22236180904522612,0.7352941176470589,0.21500706382571377
HistGradientBoosting+sigmoid,0.2242462311557789,0.7352941176470589,0.2088770671078152
HistGradientBoosting+sigmoid,0.22550251256281406,0.7377450980392157,0.20817918127628154
HistGradientBoosting+sigmoid,0.22675879396984924,0.7377450980392157,0.20352560141439144
HistGradientBoosting+sigmoid,0.22738693467336685,0.7401960784313726,0.20306405070549435
HistGradientBoosting+sigmoid,0.228643216080402,0.7401960784313726,0.20059463170033834
HistGradientBoosting+sigmoid,0.23178391959798994,0.7401960784313726,0.1996855671579473
HistGradientBoosting+sigmoid,0.23304020100502512,0.7401960784313726,0.19910163919544488
HistGradientBoosting+sigmoid,0.23304020100502512,0.7426470588235294,0.19877090087214958
HistGradientBoosting+sigmoid,0.23366834170854273,0.7475490196078431,0.19686108808009742
HistGradientBoosting+sigmoid,0.23555276381909548,0.7475490196078431,0.19199833954341586
HistGradientBoosting+sigmoid,0.23680904522613067,0.75,0.18966401852177925
HistGradientBoosting+sigmoid,0.23743718592964824,0.7573529411764706,0.1894681030578134
HistGradientBoosting+sigmoid,0.24120603015075376,0.7573529411764706,0.1894609275072169
HistGradientBoosting+sigmoid,0.24246231155778894,0.7573529411764706,0.18851259519622018
HistGradientBoosting+sigmoid,0.24623115577889448,0.7573529411764706,0.1883159442387051
HistGradientBoosting+sigmoid,0.2556532663316583,0.7622549019607843,0.18771179370933877
HistGradientBoosting+sigmoid,0.25690954773869346,0.7622549019607843,0.18404840161086986
HistGradientBoosting+sigmoid,0.2594221105527638,0.7622549019607843,0.17483854048556846
HistGradientBoosting+sigmoid,0.2600502512562814,0.7622549019607843,0.17474648011055527
HistGradientBoosting+sigmoid,0.2613065326633166,0.7647058823529411,0.17448555065892113
HistGradientBoosting+sigmoid,0.26319095477386933,0.7647058823529411,0.1740263994601643
HistGradientBoosting+sigmoid,0.26444723618090454,0.7647058823529411,0.17385813222905955
HistGradientBoosting+sigmoid,0.26821608040201006,0.7671568627450981,0.17345970749731357
HistGradientBoosting+sigmoid,0.28015075376884424,0.7720588235294118,0.17334148772015298
HistGradientBoosting+sigmoid,0.2807788944723618,0.7720588235294118,0.1733220770195536
HistGradientBoosting+sigmoid,0.28203517587939697,0.7720588235294118,0.1725344097261412
HistGradientBoosting+sigmoid,0.2832914572864322,0.7745098039215687,0.17111485101910043
HistGradientBoosting+sigmoid,0.28391959798994976,0.7745098039215687,0.16743340117717032
HistGradientBoosting+sigmoid,0.2858040201005025,0.7745098039215687,0.16675536516367542
HistGradientBoosting+sigmoid,0.2864321608040201,0.7745098039215687,0.1661051104058175
HistGradientBoosting+sigmoid,0.2870603015075377,0.7769607843137255,0.1645360302961487
HistGradientBoosting+sigmoid,0.28957286432160806,0.7769607843137255,0.16327077121088573
HistGradientBoosting+sigmoid,0.2933417085427136,0.7769607843137255,0.16248988110450105
HistGradientBoosting+sigmoid,0.29459798994974873,0.7769607843137255,0.16185121250384502
HistGradientBoosting+sigmoid,0.2971105527638191,0.7769607843137255,0.16076267251820933
HistGradientBoosting+sigmoid,0.29836683417085424,0.7769607843137255,0.16067981691713495
HistGradientBoosting+sigmoid,0.30025125628140703,0.7794117647058824,0.1602697311296331
HistGradientBoosting+sigmoid,0.3008793969849246,0.7794117647058824,0.157415591004927
HistGradientBoosting+sigmoid,0.30590452261306533,0.7867647058823529,0.1566070838658507
HistGradientBoosting+sigmoid,0.30778894472361806,0.7867647058823529,0.1565886215293065
HistGradientBoosting+sigmoid,0.30904522613065327,0.7867647058823529,0.15645009686521444
HistGradientBoosting+sigmoid,0.31155778894472363,0.7916666666666666,0.15607844720726496
HistGradientBoosting+sigmoid,0.3203517587939699,0.803921568627451,0.1559681898277924
HistGradientBoosting+sigmoid,0.32097989949748745,0.803921568627451,0.15359676391527968
HistGradientBoosting+sigmoid,0.32537688442211055,0.8063725490196079,0.15254133619847046
HistGradientBoosting+sigmoid,0.3260050251256281,0.8063725490196079,0.15243054114333723
HistGradientBoosting+sigmoid,0.32726130653266333,0.8063725490196079,0.1523843491978342
HistGradientBoosting+sigmoid,0.32914572864321606,0.8063725490196079,0.15201269953988472
HistGradientBoosting+sigmoid,0.3373115577889447,0.821078431372549,0.15190244216041215
HistGradientBoosting+sigmoid,0.3391959798994975,0.8235294117647058,0.15162632655015582
HistGradientBoosting+sigmoid,0.3398241206030151,0.8235294117647058,0.14789230227854197
HistGradientBoosting+sigmoid,0.34233668341708545,0.8235294117647058,0.14394736218104232
HistGradientBoosting+sigmoid,0.3442211055276382,0.8235294117647058,0.1397818682298638
HistGradientBoosting+sigmoid,0.3454773869346734,0.8259803921568627,0.13748268332951755
HistGradientBoosting+sigmoid,0.34673366834170855,0.8259803921568627,0.1333402181232517
HistGradientBoosting+sigmoid,0.34861809045226133,0.8259803921568627,0.13193491053524362
HistGradientBoosting+sigmoid,0.3498743718592965,0.8308823529411765,0.13145723129617773
HistGradientBoosting+sigmoid,0.35175879396984927,0.8357843137254902,0.1311228935761047
HistGradientBoosting+sigmoid,0.353643216080402,0.8357843137254902,0.13077820310624785
HistGradientBoosting+sigmoid,0.3542713567839196,0.8357843137254902,0.13055605299064366
HistGradientBoosting+sigmoid,0.35678391959798994,0.8406862745098039,0.12945930777130263
HistGradientBoosting+sigmoid,0.3574120603015075,0.8431372549019608,0.12929537456090198
HistGradientBoosting+sigmoid,0.3611809045226131,0.8431372549019608,0.12846969372287345
HistGradientBoosting+sigmoid,0.3693467336683417,0.8431372549019608,0.1283929421144143
HistGradientBoosting+sigmoid,0.3756281407035176,0.8431372549019608,0.12827641732505865
HistGradientBoosting+sigmoid,0.3800251256281407,0.8480392156862745,0.12800071585562034
HistGradientBoosting+sigmoid,0.38379396984924624,0.8504901960784313,0.12791896622708995
HistGradientBoosting+sigmoid,0.3844221105527638,0.8504901960784313,0.1278157166063694
HistGradientBoosting+sigmoid,0.3863065326633166,0.8553921568627451,0.12746041799235458
HistGradientBoosting+sigmoid,0.3913316582914573,0.8578431372549019,0.12720211238428447
HistGradientBoosting+sigmoid,0.39384422110552764,0.8578431372549019,0.1268910947338491
HistGradientBoosting+sigmoid,0.3944723618090452,0.8578431372549019,0.12661318738982077
HistGradientBoosting+sigmoid,0.39949748743718594,0.8578431372549019,0.1260902599033275
HistGradientBoosting+sigmoid,0.4007537688442211,0.8578431372549019,0.1258984549357091
HistGradientBoosting+sigmoid,0.40326633165829145,0.8578431372549019,0.12523058974543275
HistGradientBoosting+sigmoid,0.40389447236180903,0.8578431372549019,0.12515858333222155
HistGradientBoosting+sigmoid,0.4057788944723618,0.8578431372549019,0.12500735775334834
HistGradientBoosting+sigmoid,0.4108040201005025,0.8578431372549019,0.12499054049648402
HistGradientBoosting+sigmoid,0.4114321608040201,0.8578431372549019,0.12493514785854705
HistGradientBoosting+sigmoid,0.41708542713567837,0.8602941176470589,0.12486050194641239
HistGradientBoosting+sigmoid,0.4202261306532663,0.8602941176470589,0.1248024709551848
HistGradientBoosting+sigmoid,0.4239949748743719,0.8602941176470589,0.12455476908600377
HistGradientBoosting+sigmoid,0.4265075376884422,0.8627450980392157,0.12444172948941608
HistGradientBoosting+sigmoid,0.42839195979899497,0.8627450980392157,0.12370998791419718
HistGradientBoosting+sigmoid,0.42902010050251255,0.8627450980392157,0.12329220224048172
HistGradientBoosting+sigmoid,0.4334170854271357,0.8651960784313726,0.1232239251003411
HistGradientBoosting+sigmoid,0.43404522613065327,0.8651960784313726,0.12269698520745927
HistGradientBoosting+sigmoid,0.4353015075376884,0.8651960784313726,0.12185177583644635
HistGradientBoosting+sigmoid,0.435929648241206,0.8651960784313726,0.12154401446659635
HistGradientBoosting+sigmoid,0.44095477386934673,0.8651960784313726,0.12116023679949366
HistGradientBoosting+sigmoid,0.44409547738693467,0.8676470588235294,0.12042917662385937
HistGradientBoosting+sigmoid,0.44409547738693467,0.8700980392156863,0.1202850273492424
HistGradientBoosting+sigmoid,0.44472361809045224,0.8700980392156863,0.11971799041024354
HistGradientBoosting+sigmoid,0.44472361809045224,0.8725490196078431,0.11961304246464351
HistGradientBoosting+sigmoid,0.4472361809045226,0.8774509803921569,0.11897894374299907
HistGradientBoosting+sigmoid,0.44974874371859297,0.8823529411764706,0.11888154109981579
HistGradientBoosting+sigmoid,0.4610552763819096,0.8872549019607843,0.1187566463879195
HistGradientBoosting+sigmoid,0.4623115577889447,0.8872549019607843,0.1187272094525047
HistGradientBoosting+sigmoid,0.46733668341708545,0.8897058823529411,0.11859632089745549
HistGradientBoosting+sigmoid,0.46984924623115576,0.8897058823529411,0.11845085754906393
HistGradientBoosting+sigmoid,0.47110552763819097,0.8897058823529411,0.11801258543465233
HistGradientBoosting+sigmoid,0.4748743718592965,0.8921568627450981,0.1179910554703813
HistGradientBoosting+sigmoid,0.47675879396984927,0.8921568627450981,0.11769839116071223
HistGradientBoosting+sigmoid,0.48178391959798994,0.8921568627450981,0.11759146541358267
HistGradientBoosting+sigmoid,0.4824120603015075,0.8921568627450981,0.11742081711556555
HistGradientBoosting+sigmoid,0.4836683417085427,0.8921568627450981,0.11727891415255283
HistGradientBoosting+sigmoid,0.4861809045226131,0.8921568627450981,0.11724096604103264
HistGradientBoosting+sigmoid,0.4880653266331658,0.8946078431372549,0.11712659687600709
HistGradientBoosting+sigmoid,0.4905778894472362,0.8970588235294118,0.11701667582566277
HistGradientBoosting+sigmoid,0.4937185929648241,0.8970588235294118,0.11699170240838645
HistGradientBoosting+sigmoid,0.4949748743718593,0.8970588235294118,0.11657472592303335
HistGradientBoosting+sigmoid,0.49685929648241206,0.8970588235294118,0.11646736117057425
HistGradientBoosting+sigmoid,0.49748743718592964,0.8970588235294118,0.11638804365164851
HistGradientBoosting+sigmoid,0.49874371859296485,0.8970588235294118,0.11599385932993038
HistGradientBoosting+sigmoid,0.5012562814070352,0.8995098039215687,0.11511896573911477
HistGradientBoosting+sigmoid,0.5037688442211056,0.8995098039215687,0.11494960697092634
HistGradientBoosting+sigmoid,0.5050251256281407,0.8995098039215687,0.11429575090229394
HistGradientBoosting+sigmoid,0.5087939698492462,0.8995098039215687,0.11410037138677505
HistGradientBoosting+sigmoid,0.5100502512562815,0.8995098039215687,0.11359655125689687
HistGradientBoosting+sigmoid,0.5150753768844221,0.9019607843137255,0.11326525776793951
HistGradientBoosting+sigmoid,0.5188442211055276,0.9019607843137255,0.11313172661171868
HistGradientBoosting+sigmoid,0.5219849246231156,0.9019607843137255,0.11283457421718768
HistGradientBoosting+sigmoid,0.5244974874371859,0.9044117647058824,0.11256474678261681
HistGradientBoosting+sigmoid,0.5251256281407035,0.9044117647058824,0.11204034321235727
HistGradientBoosting+sigmoid,0.5263819095477387,0.9044117647058824,0.11161297139179609
HistGradientBoosting+sigmoid,0.5282663316582915,0.9044117647058824,0.11154392478276741
HistGradientBoosting+sigmoid,0.5295226130653267,0.9044117647058824,0.11121485283205697
HistGradientBoosting+sigmoid,0.532035175879397,0.9068627450980392,0.11075470252992037
HistGradientBoosting+sigmoid,0.5332914572864321,0.9068627450980392,0.11059437703945636
HistGradientBoosting+sigmoid,0.5370603015075377,0.9093137254901961,0.11023769859966874
HistGradientBoosting+sigmoid,0.5383165829145728,0.9093137254901961,0.11005649299153053
HistGradientBoosting+sigmoid,0.5408291457286433,0.9117647058823529,0.10950656736966628
HistGradientBoosting+sigmoid,0.542713567839196,0.9117647058823529,0.1075055667872631
HistGradientBoosting+sigmoid,0.5471105527638191,0.9142156862745098,0.10714464102991754
HistGradientBoosting+sigmoid,0.5477386934673367,0.9142156862745098,0.10509254193388484
HistGradientBoosting+sigmoid,0.5489949748743719,0.9142156862745098,0.10471179609137803
HistGradientBoosting+sigmoid,0.550251256281407,0.9142156862745098,0.1036932017390383
HistGradientBoosting+sigmoid,0.5521356783919598,0.9142156862745098,0.10264922450866458
HistGradientBoosting+sigmoid,0.553391959798995,0.9142156862745098,0.10071081287420042
HistGradientBoosting+sigmoid,0.5546482412060302,0.9166666666666666,0.10050229614904514
HistGradientBoosting+sigmoid,0.5559045226130653,0.9166666666666666,0.09848974373154151
HistGradientBoosting+sigmoid,0.5615577889447236,0.9191176470588235,0.09789140349841186
HistGradientBoosting+sigmoid,0.5628140703517588,0.9215686274509803,0.0962107687108021
HistGradientBoosting+sigmoid,0.5634422110552764,0.9215686274509803,0.09600568595278759
HistGradientBoosting+sigmoid,0.5672110552763819,0.9215686274509803,0.09465356270444603
HistGradientBoosting+sigmoid,0.5684673366834171,0.9240196078431373,0.09338057483108747
HistGradientBoosting+sigmoid,0.5703517587939698,0.9240196078431373,0.09324196192719414
HistGradientBoosting+sigmoid,0.571608040201005,0.9240196078431373,0.09298406336369373
HistGradientBoosting+sigmoid,0.5728643216080402,0.9240196078431373,0.0921793246883928
HistGradientBoosting+sigmoid,0.5734924623115578,0.9240196078431373,0.09139926275489518
HistGradientBoosting+sigmoid,0.574748743718593,0.9240196078431373,0.09097674464968929
HistGradientBoosting+sigmoid,0.5791457286432161,0.9240196078431373,0.08968889428965676
HistGradientBoosting+sigmoid,0.5797738693467337,0.9240196078431373,0.08901556259817951
HistGradientBoosting+sigmoid,0.5860552763819096,0.9240196078431373,0.08765782125958621
HistGradientBoosting+sigmoid,0.5860552763819096,0.928921568627451,0.08601026610673716
HistGradientBoosting+sigmoid,0.5879396984924623,0.928921568627451,0.0856724739128596
HistGradientBoosting+sigmoid,0.5879396984924623,0.9313725490196079,0.08561973438824279
HistGradientBoosting+sigmoid,0.5948492462311558,0.9387254901960784,0.08535307226082499
HistGradientBoosting+sigmoid,0.5954773869346733,0.9387254901960784,0.08496975256194439
HistGradientBoosting+sigmoid,0.5979899497487438,0.9387254901960784,0.08404464446767183
HistGradientBoosting+sigmoid,0.6005025125628141,0.9387254901960784,0.08270414937995096
HistGradientBoosting+sigmoid,0.6005025125628141,0.9411764705882353,0.08260775644652583
HistGradientBoosting+sigmoid,0.6023869346733668,0.9436274509803921,0.0788029233524963
HistGradientBoosting+sigmoid,0.6030150753768844,0.9436274509803921,0.07788793677288308
HistGradientBoosting+sigmoid,0.6042713567839196,0.9436274509803921,0.0778215944123367
HistGradientBoosting+sigmoid,0.6048994974874372,0.9436274509803921,0.07753737467085167
HistGradientBoosting+sigmoid,0.6080402010050251,0.9436274509803921,0.07737263252009736
HistGradientBoosting+sigmoid,0.6099246231155779,0.946078431372549,0.07701624589892124
HistGradientBoosting+sigmoid,0.6136934673366834,0.946078431372549,0.0766786327232904
HistGradientBoosting+sigmoid,0.6206030150753769,0.9485294117647058,0.07636941666097548
HistGradientBoosting+sigmoid,0.6212311557788944,0.9485294117647058,0.07623238335507847
HistGradientBoosting+sigmoid,0.6243718592964824,0.9485294117647058,0.07577579404708583
HistGradientBoosting+sigmoid,0.6262562814070352,0.9485294117647058,0.07552693908206269
HistGradientBoosting+sigmoid,0.6300251256281407,0.9485294117647058,0.07524834189089145
HistGradientBoosting+sigmoid,0.6344221105527639,0.9509803921568627,0.07493912582857652
HistGradientBoosting+sigmoid,0.6381909547738693,0.9509803921568627,0.0724039828736015
HistGradientBoosting+sigmoid,0.6407035175879398,0.9509803921568627,0.07183962790422026
HistGradientBoosting+sigmoid,0.6444723618090452,0.9509803921568627,0.06824503185933602
HistGradientBoosting+sigmoid,0.6482412060301508,0.9509803921568627,0.06808189690744564
HistGradientBoosting+sigmoid,0.6494974874371859,0.9534313725490197,0.0679590098523875
HistGradientBoosting+sigmoid,0.6595477386934674,0.9583333333333334,0.0678075746545794
HistGradientBoosting+sigmoid,0.660175879396985,0.9583333333333334,0.06768602631018268
HistGradientBoosting+sigmoid,0.6639447236180904,0.9583333333333334,0.06694535912582524
HistGradientBoosting+sigmoid,0.6652010050251256,0.9583333333333334,0.06453614186049304
HistGradientBoosting+sigmoid,0.6664572864321608,0.9583333333333334,0.06434823169885906
HistGradientBoosting+sigmoid,0.6683417085427136,0.9583333333333334,0.06127851165659265
HistGradientBoosting+sigmoid,0.6702261306532663,0.9583333333333334,0.06122559122007753
HistGradientBoosting+sigmoid,0.6727386934673367,0.9583333333333334,0.06099448483851891
HistGradientBoosting+sigmoid,0.6733668341708543,0.9583333333333334,0.06025574402808187
HistGradientBoosting+sigmoid,0.6771356783919598,0.9583333333333334,0.05934246281724618
HistGradientBoosting+sigmoid,0.6796482412060302,0.9583333333333334,0.05894587706648078
HistGradientBoosting+sigmoid,0.6934673366834171,0.9632352941176471,0.058671554813614545
HistGradientBoosting+sigmoid,0.6947236180904522,0.9632352941176471,0.05855000646921782
HistGradientBoosting+sigmoid,0.699748743718593,0.9656862745098039,0.05808439365528013
HistGradientBoosting+sigmoid,0.7010050251256281,0.9656862745098039,0.05775925710953004
HistGradientBoosting+sigmoid,0.7028894472361809,0.9681372549019608,0.057543885755195236
HistGradientBoosting+sigmoid,0.7060301507537688,0.9681372549019608,0.057501104235142354
HistGradientBoosting+sigmoid,0.7167085427135679,0.9705882352941176,0.05749903209249039
HistGradientBoosting+sigmoid,0.7192211055276382,0.9705882352941176,0.057219215074014416
HistGradientBoosting+sigmoid,0.7229899497487438,0.9705882352941176,0.05005409352115021
HistGradientBoosting+sigmoid,0.7236180904522613,0.9705882352941176,0.04914891721515041
HistGradientBoosting+sigmoid,0.7298994974874372,0.9730392156862745,0.049098654186057765
HistGradientBoosting+sigmoid,0.7342964824120602,0.9730392156862745,0.04857549374098752
HistGradientBoosting+sigmoid,0.7361809045226131,0.9730392156862745,0.04834757542344472
HistGradientBoosting+sigmoid,0.7380653266331658,0.9754901960784313,0.04815018744342672
HistGradientBoosting+sigmoid,0.7386934673366834,0.9754901960784313,0.047600288187393286
HistGradientBoosting+sigmoid,0.7412060301507538,0.9754901960784313,0.04719191617390667
HistGradientBoosting+sigmoid,0.7449748743718593,0.9754901960784313,0.046904454338927835
HistGradientBoosting+sigmoid,0.7537688442211056,0.9754901960784313,0.046756268062713484
HistGradientBoosting+sigmoid,0.7543969849246231,0.9754901960784313,0.04642400183884788
HistGradientBoosting+sigmoid,0.757537688442211,0.9754901960784313,0.045802191552486764
HistGradientBoosting+sigmoid,0.7581658291457286,0.9754901960784313,0.045600396352635304
HistGradientBoosting+sigmoid,0.7600502512562815,0.9754901960784313,0.04499412463202295
HistGradientBoosting+sigmoid,0.7613065326633166,0.9754901960784313,0.0447282084783945
HistGradientBoosting+sigmoid,0.7688442211055276,0.9754901960784313,0.043309867667513324
HistGradientBoosting+sigmoid,0.7694723618090452,0.9754901960784313,0.04311247968749532
HistGradientBoosting+sigmoid,0.7707286432160804,0.9754901960784313,0.0422704427637235
HistGradientBoosting+sigmoid,0.7713567839195979,0.9754901960784313,0.04226102560957501
HistGradientBoosting+sigmoid,0.7845477386934674,0.9779411764705882,0.04190400681892775
HistGradientBoosting+sigmoid,0.7889447236180904,0.9779411764705882,0.04013588612756714
HistGradientBoosting+sigmoid,0.792713567839196,0.9779411764705882,0.03881446877057324
HistGradientBoosting+sigmoid,0.7933417085427136,0.9779411764705882,0.0387940137587786
HistGradientBoosting+sigmoid,0.7952261306532663,0.9779411764705882,0.038653218699072074
HistGradientBoosting+sigmoid,0.7977386934673367,0.9779411764705882,0.03819891762287355
HistGradientBoosting+sigmoid,0.7996231155778895,0.9779411764705882,0.03811168133694524
HistGradientBoosting+sigmoid,0.8008793969849246,0.9779411764705882,0.03811031937060689
HistGradientBoosting+sigmoid,0.8027638190954773,0.9779411764705882,0.037236840338354234
HistGradientBoosting+sigmoid,0.8052763819095478,0.9779411764705882,0.03694450472414656
HistGradientBoosting+sigmoid,0.8153266331658291,0.9803921568627451,0.036856695544953265
HistGradientBoosting+sigmoid,0.8159547738693468,0.9803921568627451,0.03677223089227221
HistGradientBoosting+sigmoid,0.8190954773869347,0.9803921568627451,0.03673698164992828
HistGradientBoosting+sigmoid,0.8291457286432161,0.9803921568627451,0.036678788052279684
HistGradientBoosting+sigmoid,0.8366834170854272,0.9803921568627451,0.03652928324633988
HistGradientBoosting+sigmoid,0.839824120603015,0.9803921568627451,0.036348663899005554
HistGradientBoosting+sigmoid,0.8410804020100503,0.9803921568627451,0.03628834342490845
HistGradientBoosting+sigmoid,0.8423366834170855,0.9828431372549019,0.036181534093024346
HistGradientBoosting+sigmoid,0.8454773869346733,0.9828431372549019,0.03590778244403981
HistGradientBoosting+sigmoid,0.8505025125628141,0.9828431372549019,0.03574811411845083
HistGradientBoosting+sigmoid,0.8530150753768844,0.9828431372549019,0.03566010407604743
HistGradientBoosting+sigmoid,0.8561557788944724,0.9828431372549019,0.03558661402165747
HistGradientBoosting+sigmoid,0.8567839195979899,0.9828431372549019,0.035497990101301995
HistGradientBoosting+sigmoid,0.8630653266331658,0.9828431372549019,0.035443357142151244
HistGradientBoosting+sigmoid,0.8655778894472361,0.9828431372549019,0.035337300320604274
HistGradientBoosting+sigmoid,0.871859296482412,0.9852941176470589,0.035170880463260334
HistGradientBoosting+sigmoid,0.8775125628140703,0.9852941176470589,0.035123167833052936
HistGradientBoosting+sigmoid,0.8806532663316583,0.9852941176470589,0.03506472017975378
HistGradientBoosting+sigmoid,0.8812814070351759,0.9852941176470589,0.035035241276263694
HistGradientBoosting+sigmoid,0.8837939698492462,0.9852941176470589,0.03493715626463408
HistGradientBoosting+sigmoid,0.8844221105527639,0.9852941176470589,0.034935103072363284
HistGradientBoosting+sigmoid,0.885678391959799,0.9852941176470589,0.03490913315512755
HistGradientBoosting+sigmoid,0.8894472361809045,0.9852941176470589,0.03489555010359905
HistGradientBoosting+sigmoid,0.8919597989949749,0.9852941176470589,0.034893784833558913
HistGradientBoosting+sigmoid,0.8925879396984925,0.9852941176470589,0.034798082171933246
HistGradientBoosting+sigmoid,0.8944723618090452,0.9852941176470589,0.03479161924183711
HistGradientBoosting+sigmoid,0.8957286432160804,0.9852941176470589,0.03474501895408886
HistGradientBoosting+sigmoid,0.8976130653266332,0.9852941176470589,0.0346895916022202
HistGradientBoosting+sigmoid,0.8994974874371859,0.9877450980392157,0.03466467958574317
HistGradientBoosting+sigmoid,0.9026381909547738,0.9877450980392157,0.03457620890304378
HistGradientBoosting+sigmoid,0.9045226130653267,0.9877450980392157,0.03454549180488611
HistGradientBoosting+sigmoid,0.9076633165829145,0.9877450980392157,0.034502104781054165
HistGradientBoosting+sigmoid,0.910175879396985,0.9877450980392157,0.034485665055916145
HistGradientBoosting+sigmoid,0.9114321608040201,0.9877450980392157,0.03443504665158727
HistGradientBoosting+sigmoid,0.9139447236180904,0.9877450980392157,0.034369672211515205
HistGradientBoosting+sigmoid,0.9158291457286433,0.9877450980392157,0.034365193858633646
HistGradientBoosting+sigmoid,0.9195979899497487,0.9877450980392157,0.034233550164243114
HistGradientBoosting+sigmoid,0.9202261306532663,0.9877450980392157,0.03416047878740855
HistGradientBoosting+sigmoid,0.9221105527638191,0.9877450980392157,0.03404229868491377
HistGradientBoosting+sigmoid,0.9227386934673367,0.9877450980392157,0.033989523467300914
HistGradientBoosting+sigmoid,0.9258793969849246,0.9877450980392157,0.03375654168595593
HistGradientBoosting+sigmoid,0.9265075376884422,0.9877450980392157,0.03369171223135597
HistGradientBoosting+sigmoid,0.9302763819095478,0.9877450980392157,0.033637890262085544
HistGradientBoosting+sigmoid,0.9340452261306532,0.9877450980392157,0.03355260141091417
HistGradientBoosting+sigmoid,0.9346733668341709,0.9877450980392157,0.03351349146622442
HistGradientBoosting+sigmoid,0.9353015075376885,0.9901960784313726,0.033442016091382386
HistGradientBoosting+sigmoid,0.9384422110552764,0.9901960784313726,0.033409343295041895
HistGradientBoosting+sigmoid,0.9478643216080402,0.9901960784313726,0.03326136480614042
HistGradientBoosting+sigmoid,0.9510050251256281,0.9901960784313726,0.033245734436655835
HistGradientBoosting+sigmoid,0.9522613065326633,0.9901960784313726,0.0331216933198189
HistGradientBoosting+sigmoid,0.9528894472361809,0.9926470588235294,0.03301293539765487
HistGradientBoosting+sigmoid,0.9535175879396985,0.9926470588235294,0.03298026246774938
HistGradientBoosting+sigmoid,0.9547738693467337,0.9926470588235294,0.0329418081198102
HistGradientBoosting+sigmoid,0.9554020100502513,0.9975490196078431,0.032706203201492215
HistGradientBoosting+sigmoid,0.9585427135678392,0.9975490196078431,0.03245570446998055
HistGradientBoosting+sigmoid,0.9610552763819096,0.9975490196078431,0.032425603359025064
HistGradientBoosting+sigmoid,0.9623115577889447,0.9975490196078431,0.032351445182729255
HistGradientBoosting+sigmoid,0.9641959798994975,0.9975490196078431,0.032324844736221874
HistGradientBoosting+sigmoid,0.9654522613065326,0.9975490196078431,0.03229451520250378
HistGradientBoosting+sigmoid,0.9685929648241206,0.9975490196078431,0.03221008055578466
HistGradientBoosting+sigmoid,0.9723618090452262,0.9975490196078431,0.03208585412398902
HistGradientBoosting+sigmoid,0.9736180904522613,0.9975490196078431,0.0320202661331262
HistGradientBoosting+sigmoid,0.9748743718592965,0.9975490196078431,0.03193023697855811
HistGradientBoosting+sigmoid,0.9767587939698492,0.9975490196078431,0.03184007717390741
HistGradientBoosting+sigmoid,0.9780150753768844,0.9975490196078431,0.03170463660836246
HistGradientBoosting+sigmoid,0.9786432160804021,0.9975490196078431,0.03155972467782036
HistGradientBoosting+sigmoid,0.9836683417085427,0.9975490196078431,0.0311949603247073
HistGradientBoosting+sigmoid,0.9861809045226131,0.9975490196078431,0.03083643106867651
HistGradientBoosting+sigmoid,0.9880653266331658,0.9975490196078431,0.03003979421221827
HistGradientBoosting+sigmoid,0.9912060301507538,0.9975490196078431,0.02936086803377155
HistGradientBoosting+sigmoid,0.9918341708542714,0.9975490196078431,0.02888454532678615
HistGradientBoosting+sigmoid,0.9930904522613065,0.9975490196078431,0.02853857979260754
HistGradientBoosting+sigmoid,0.9930904522613065,1.0,0.028437957805819026
HistGradientBoosting+sigmoid,0.9943467336683417,1.0,0.02761979042407799
HistGradientBoosting+sigmoid,0.9956030150753769,1.0,0.02720430030575131
HistGradientBoosting+sigmoid,0.9962311557788944,1.0,0.02672357997723396
HistGradientBoosting+sigmoid,0.9981155778894473,1.0,0.026340142472253747
HistGradientBoosting+sigmoid,1.0,1.0,0.025003921035311464
